document_id,filename,format,class_label,content,size_bytes,checksum,duplicate_group,difficulty,split,text_quality,is_exact_duplicate,is_near_duplicate,has_misleading_filename
DOC-0001,credit_card_statement_0001.pdf,pdf,Bank Statement,"%PDF-1.4
% synthetic text-bearing stand-in
1 0 obj
<< /Title (Bank Statement) >>
stream
Axis Bank —  Savings Account St47ement
Account holder: Ananya Pat3l
Account no: 629119547904
IFSC: SBIN0984556
Statement period: 04-12-2024 to 17-11-2025
Opening balance: INR 43,841.76
15-02-2024  CR  INR 20,744.12  NEFT
10-12-2025  DR  INR 7,440 .87  IMPS
18-02-2025  CR  INR 15,098.27  UPI
01-09-2024  DR  INR 14,625.96  UPI
27-12-2 022  CR  INR 18,871.71  POS
14-11-2024  DR   INR 14,747.33  NEFT
15-04-2022  CR   INR 19,953.79  UP I
14-07-2023  DR   INR 15,836.39  POS
Closing balance: INR 61,617.47
Addres5 on file: 18 Industrial  Area, Delhi 406472
This is  a bank account statement, not a car d 5tatement.

endstream
endobj
%%EOF
",727,b284adf418c6b48c3b18fb4b3c950c607be268e8ec6d005451785e7ebe86a8b0,GRP-00-00,medium,train,ocr,False,False,True
DOC-0002,bank_statement_DOC-0002.pdf,pdf,Bank Statement,"%PDF-1.4
% synthetic text-bearing stand-in
1 0 obj
<< /Title (Bank Statement) >>
stream
HDFC Bank — Savings Account Statement
Account holder: Isha Patel
Account no: 183865859052
IFSC: HDFC0170445
Statement period: 19-08-2024 to 04-05-2025
Opening balance: INR 78,769.43
07-06-2023  CR  INR 4,236.65  IMPS
15-05-2025  DR  INR 3,816.10  NEFT
25-01-2025  CR  INR 1,069.11  UPI
08-10-2022  DR  INR 9,594.91  ATM
08-02-2025  CR  INR 17,024.62  ATM
11-04-2025  DR  INR 20,215.42  NEFT
18-12-2025  CR  INR 1,750.58  IMPS
22-06-2024  DR  INR 16,180.47  ATM
Closing balance: INR 73,742.44
Address on file: 121 Lake View, Chennai 461701
This is a bank account statement, not a card statement.

endstream
endobj
%%EOF
",709,9247a3f6078c29428270f66419e0ddc3c7f4d65a612a2d7866ccac6ecffaa944,GRP-00-01,easy,test,clean,False,False,False
DOC-0003,bank_statement_DOC-0003.tiff,tiff,Bank Statement,"SYNTHETIC-TIFF-IMAGE
# raster stand-in; OCR text follows
TITLE: Bank Statement
ICICI Bank — Savings Account  Statement 
Accoun7 ho lder: Rahu1 Das
Acc ount no: 784951695983
IFSC: UTIB0219367
Statement period: 20-07-2 024 to 28-10-2025
Opening  balanc3: INR 8,008.34
20-12-2023  CR  INR 11,818.28  ATM
08-07-2024  DR  INR 2,438.54  NEFT
06-07-2024  CR  INR 21,289.53  NEFT
08-01-2022  DR  I NR 17,425.44  NEFT
28-08-2024  CR  INR 4,027.70  IMPS
 11-06-2022  DR  INR 12,614.81  UPI
16-03-2024  CR  INR 6,396.35  IMPS
28-01-2023  DR  INR 20,210.21  POS
Clos i ng balance: INR 17,603.38
Address 0n file: 158 Lake View, Ahm3d4bad 440237
Th is is a bank account statement, no7 a c4rd 5tat3ment.

",692,ddc3699ae5c4166b7dfc8c262812517b7af813dd2a55473175ffe5eaa4f6cbd1,GRP-00-02,medium,train,noisy,False,False,False
DOC-0004,bank_statement_DOC-0004.pdf,pdf,Bank Statement,"%PDF-1.4
% synthetic text-bearing stand-in
1 0 obj
<< /Title (Bank Statement) >>
stream
State Bank of India — Savings Account Statement
Account holder: Vikram Nair
Account no: 299425708013
IFSC: UTIB0391231
Statement period: 16-12-2024 to 02-09-2025
Opening balance: INR 54,208.62
02-02-2025  CR  INR 8,747.35  UPI
28-02-2023  DR  INR 9,723.34  NEFT
25-06-2025  CR  INR 16,248.30  UPI
02-07-2023  DR  INR 17,803.39  ATM
19-02-2022  CR  INR 8,131.81  POS
02-04-2023  DR  INR 7,271.14  NEFT
01-06-2024  CR  INR 18,989.15  ATM
05-12-2025  DR  INR 21,919.23  IMPS
Closing balance: INR 36,874.91
Address on file: 178 MG Road, Pune 483800

Credit facility reference: CARD-9455
Available credit mentioned for overdraft: INR 21,671.22
Minimum amount due: not applicable (savings account).
This is a bank account statement, not a card statement.

endstream
endobj
%%EOF
",863,218967fa05d2c152d0b9004b5618e024873d646b955924649dad864763e33ee6,GRP-00-03,hard,train,clean,False,False,False
DOC-0005,bank_statement_DOC-0005.pdf,pdf,Bank Statement,"%PDF-1.4
% synthetic text-bearing stand-in
1 0 obj
<< /Title (Bank Statement) >>
stream
State 8ank of India — Savings Account St4t3ment
Account holder: Rahul Iyer
Acc0unt no: 592477922820
IFSC: UTI80424590
Statemen7 period: 18-01-2024 to 14-02-2025
Open ing b4lance: INR 44,602.52
26-09-2023  CR  INR 21,825.17  IMPS
26-07-2022  DR  INR 8, 507.99  NEFT
21-02-2022  CR  INR 8,898.28  ATM
13-03-2022  DR  INR 16,637.95  IMPS
25-04-2023  CR  INR 9,418.31   IMPS
17-02-2025  DR  INR 7 60.54  POS
23-01 -2022  CR  INR 5,062.38  IMPS
20-05-2023  DR  INR 22,787.13  NEFT
Closing balance: INR 69,566. 09
Addres5 on file: 133 MG Road, Hyderabad 404101

Credit facility reference: CARD-3748
Avai1ab1e cre dit mentioned for ov3rdraft: INR 51,021.53
Minimum amou nt due: not applic4ble (saving5 account).
This  is a bank account st4tement, no 7 a card statement.

endstream
endobj
%%EOF
",877,709d55dcd79169eafed364c66108f04b07c9d826744b4bec4d8527f0a85fee44,GRP-00-04,hard,validation,ocr,False,False,False
DOC-0006,bank_statement_DOC-0006.pdf,pdf,Bank Statement,"%PDF-1.4
% synthetic text-bearing stand-in
1 0 obj
<< /Title (Bank Statement) >>
stream
Axis Bank — Savings Account Statement
Account holder: Vikram Joshi
Account no: 955172039451
IFSC: ICIC0437793
Statement period: 16-12-2024 to 08-06-2025
Opening balance: INR 42,510.50
19-01-2025  CR  INR 8,798.39  UPI
09-05-2025  DR  INR 5,569.53  POS
04-04-2024  CR  INR 17,908.48  IMPS
01-12-2024  DR  INR 5,826.37  NEFT
19-01-2023  CR  INR 12,768.90  NEFT
03-01-2025  DR  INR 19,483.86  NEFT
21-06-2023  CR  INR 15,963.69  ATM
28-03-2025  DR  INR 15,961.90  IMPS
Closing balance: INR 109,089.79
Address on file: 213 Lake View, Pune 546667
This is a bank account statement, not a card statement.

endstream
endobj
%%EOF
",712,3cb503d337d2c681f96422068f59c86daa0747ded14f36ace54d7e38495780ab,GRP-00-05,easy,train,clean,False,False,False
DOC-0007,bank_statement_DOC-0007.xlsx,xlsx,Bank Statement,"title,Bank Statement
r0,Kotak Mahindra Bank — Savings Account Statement
r1,Account holder: Rahul Sharma
r2,Account no: 470553521556
",134,6dca6ab5d8dc4b066eb8418804f0d785a8f6b0c740ec44e00fc3bddf720a6722,GRP-00-06,medium,validation,sparse,False,False,False
DOC-0008,bank_statement_DOC-0008.tiff,tiff,Bank Statement,"SYNTHETIC-TIFF-IMAGE
# raster stand-in; OCR text follows
TITLE: Bank Statement
HDFC Bank — Savings Account Statement
Account holder: Kabir Nair
Account no: 853319404309
IFSC: ICIC0412337
Statement period: 08-03-2024 to 09-01-2025
Opening balance: INR 49,911.94
01-05-2023  CR  INR 17,140.11  ATM
09-09-2022  DR  INR 16,631.81  ATM
21-05-2024  CR  INR 3,022.31  IMPS
08-03-2025  DR  INR 13,319.12  ATM
20-03-2024  CR  INR 12,123.56  ATM
21-05-2024  DR  INR 4,096.70  POS
17-01-2022  CR  INR 22,163.38  IMPS
22-03-2024  DR  INR 14,403.55  POS
Closing balance: INR 87,786.38
Address on file: 59 Industrial Area, Pune 552038
This is a bank account statement, not a card statement.

",680,3b68e09c1aa7ee76c3b95df6e4b474d46f431ad334658182eca39cc0cdd253ac,GRP-00-07,easy,validation,clean,False,False,False
DOC-0009,bank_statement_DOC-0009.png,png,Bank Statement,"SYNTHETIC-PNG-IMAGE
# raster stand-in; OCR text follows
TITLE: Bank Statement
ICICI Bank — Savings Account Statement
Account holder: Dev Khan
Account no: 120978988234
IFSC: UTIB0844251
Statement period: 26-12-2024 to 14-10-2025
Opening balance: INR 60,278.75
25-08-2024  CR  INR 6,401.63  POS
11-08-2022  DR  INR 11,398.62  POS
10-04-2023  CR  INR 12,155.18  IMPS
07-10-2025  DR  INR 22,827.82  IMPS
16-12-2023  CR  INR 22,981.40  IMPS
13-02-2022  DR  INR 13,221.05  POS
28-12-2022  CR  INR 16,107.47  UPI
04-08-2024  DR  INR 2,025.83  UPI
Closing balance: INR 8,613.83
Address on file: 159 Industrial Area, Bengaluru 558079
This is a bank account statement, not a card statement.

",684,f481c6a75c7b841ae55756b096af76a0c4208ea8cca576c4cce9beede67f1be9,GRP-00-08,easy,test,clean,False,False,False
DOC-0010,bank_statement_DOC-0010.jpg,jpg,Bank Statement,"SYNTHETIC-JPG-IMAGE
# raster stand-in; OCR text follows
TITLE: Bank Statement
Kotak Mahindra Bank — Savings Account Statement
Account holder: Rahul Iyer
Account no: 193303779144
IFSC: KKBK0369648
Statement period: 27-01-2024 to 16-10-2025
Opening balance: INR 11,428.99
27-07-2025  CR  INR 8,515.56  ATM
19-12-2025  DR  INR 14,847.93  UPI
19-02-2025  CR  INR 1,639.95  ATM
08-04-2023  DR  INR 18,911.54  NEFT
01-04-2024  CR  INR 23,810.18  NEFT
24-05-2025  DR  INR 10,068.79  UPI
14-09-2022  CR  INR 20,452.31  NEFT
22-02-2022  DR  INR 8,700.25  UPI
Closing balance: INR 71,558.42
Address on file: 184 Residency, Bengaluru 531181
This is a bank account statement, not a card statement.

",689,bfe4b28910eb61725fb06830cf0eba6b2c7c8b6da5aa0a28d91475d276f27c73,GRP-00-09,easy,test,clean,False,False,False
DOC-0011,bank_statement_DOC-0011.docx,docx,Bank Statement,"<?xml version='1.0' encoding='UTF-8'?>
<w:document>
<w:title>Bank Statement</w:title>
<w:body>Kotak Mahindra Bank — Savings Account Statement
Account holder: Arjun Khan
Account no: 524117114329
IFSC: ICIC0555796
Statement period: 09-01-2024 to 23-09-2025
Opening balance: INR 59,624.69
01-06-2024  CR  INR 16,529.60  ATM
03-03-2023  DR  INR 8,072.22  UPI
26-02-2025  CR  INR 15,735.83  NEFT
14-07-2024  DR  INR 4,554.73  UPI
19-08-2023  CR  INR 9,080.08  UPI
14-08-2022  DR  INR 8,417.38  POS
23-08-2025  CR  INR 11,830.61  POS
27-02-2024  DR  INR 21,315.10  POS
Closing balance: INR 58,168.79
Address on file: 95 Residency, Mumbai 404357
This is a bank account statement, not a card statement.
</w:body>
</w:document>
",721,3408ff2636ff264fd9567092d4b8b74db071e069798b0b4e7ea8b7c8d72cb375,GRP-00-10,easy,train,clean,False,False,False
DOC-0012,credit_card_statement_0012.jpg,jpg,Bank Statement,"SYNTHETIC-JPG-IMAGE
# raster stand-in; OCR text follows
TITLE: Bank Statement
HDFC Bank — Savings Account Statement
Account holder: Vikram Das
Account no: 965900242453
IFSC: ICIC0461359
Statement period: 10-07-2024 to 25-01-2025
Opening balance: INR 69,750.23
06-11-2025  CR  INR 8,041.10  IMPS
12-06-2023  DR  INR 2,621.47  NEFT
12-11-2022  CR  INR 22,616.00  NEFT
27-08-2025  DR  INR 5,462.29  POS
24-09-2025  CR  INR 12,286.70  UPI
07-12-2024  DR  INR 20,502.75  NEFT
19-04-2023  CR  INR 18,669.49  NEFT
02-05-2025  DR  INR 7,053.66  ATM
Closing balance: INR 74,893.83
Address on file: 58 MG Road, Pune 556885
This is a bank account statement, not a card statement.

",672,be55dbd14983cc861571be47cbbb6755d46c956a91efe78b114231abf3a9c166,GRP-00-11,easy,train,clean,False,False,True
DOC-0013,bank_statement_DOC-0013.txt,txt,Bank Statement,"Bank Statement

HDFC Bank — Savings Account Statement
Account holder: Arjun Khan
Account no: 352150020782
IFSC: SBIN0456988
Statement period: 10-04-2024 to 28-02-2025
Opening balance: INR 13,954.84
10-02-2024  CR  INR 9,229.13  UPI
05-09-2022  DR  INR 23,817.04  ATM
09-02-2022  CR  INR 13,992.13  NEFT
10-12-2024  DR  INR 6,482.08  ATM
26-11-2022  CR  INR 16,676.76  UPI
06-08-2024  DR  INR 1,152.35  ATM
23-12-2023  CR  INR 6,501.23  ATM
23-08-2024  DR  INR 18,299.58  ATM
Closing balance: INR 51,251.05
Address on file: 234 Residency, Bengaluru 511990
This is a bank account statement, not a card statement.

",614,2ff5b379d0711e3dbea4bcda86d1d9e7d5dc412f01b0a8253827186b09660c3a,GRP-00-12,easy,train,clean,False,False,False
DOC-0014,bank_statement_DOC-0014.jpg,jpg,Bank Statement,"SYNTHETIC-JPG-IMAGE
# raster stand-in; OCR text follows
TITLE: Bank Statement
Kotak Mahindra Bank — Savings Account Statement
Account holder: Dev Menon
Account no: 182176387199
IFSC: SBIN0816893
Statement period: 22-09-2024 to 14-02-2025
Opening balance: INR 56,826.52
21-07-2022  CR  INR 4,748.04  IMPS
19-09-2022  DR  INR 1,825.41  UPI
06-07-2024  CR  INR 14,288.43  NEFT
05-03-2024  DR  INR 23,204.61  UPI
14-12-2025  CR  INR 11,161.09  ATM
06-05-2023  DR  INR 18,700.69  NEFT
17-01-2023  CR  INR 17,297.28  UPI
04-04-2025  DR  INR 15,802.33  IMPS
Closing balance: INR 88,242.66
Address on file: 15 Residency, Hyderabad 528929
This is a bank account statement, not a card statement.

",689,5140749df35c8b9c1c24978ee5ca5c26baafd7bfc0f52b442598d7238a7020f3,GRP-00-13,easy,test,clean,False,False,False
DOC-0015,bank_statement_DOC-0015.pdf,pdf,Bank Statement,"%PDF-1.4
% synthetic text-bearing stand-in
1 0 obj
<< /Title (Bank Statement) >>
stream
ICICI Bank — Savings Account Statement
Account  holder: Rahul Joshi
Accoun7 no: 511897444238
IFSC: SBIN09 04610
Statement period: 09-04-2024 7o 08-04-2025
Opening balance: INR 31,386.73
10-11-2022  CR  INR 23,921.1 1  NEFT
08-08-2023  DR  INR 1,613.95  IMPS
18 -04-2024  CR  INR 132.84  UPI
09-07-2025  DR  INR 5,404.88  UPI
23-04-2023  CR  INR 2,560.89  NEFT
14-04-2023  DR  INR 16,449.42  POS
10-03-2024  CR  INR 5,485.69  IMPS
11-07-2025  DR  INR 9,969.04  POS
Closing balance: INR 76,959.95
Address on file: 101 MG Road, Delhi 508887
Thi5 is a bank account statem3nt, not a card statement.

endstream
endobj
%%EOF
",708,f040bb0d3030c443511de10c6665a084f4a75e708b60d7379937282b1b266718,GRP-00-14,medium,train,ocr,False,False,False
DOC-0016,bank_statement_DOC-0016.pdf,pdf,Bank Statement,"%PDF-1.4
% synthetic text-bearing stand-in
1 0 obj
<< /Title (Bank Statement) >>
stream
Kotak Mahindra Bank — Savings Account Statement
Account holder: Vikram Joshi
Account no: 869545124097
IFSC: KKBK0814398
Statement period: 09-06-2024 to 23-04-2025
Opening balance: INR 58,377.78
21-08-2023  CR  INR 8,232.48  UPI
10-09-2022  DR  INR 3,997.17  POS
17-06-2022  CR  INR 4,104.36  POS
24-06-2025  DR  INR 20,843.79  ATM
05-11-2025  CR  INR 16,054.80  NEFT
06-09-2025  DR  INR 330.45  IMPS
15-03-2023  CR  INR 9,565.74  ATM
11-04-2023  DR  INR 15,717.03  UPI
Closing balance: INR 44,958.95
Address on file: 216 MG Road, Ahmedabad 537289
This is a bank account statement, not a card statement.

endstream
endobj
%%EOF
",717,d0d712b2a84122a814d711eeda99cbceade84c6b9564d1959ab731560b49b97f,GRP-00-15,easy,validation,clean,False,False,False
DOC-0017,bank_statement_DOC-0017.pdf,pdf,Bank Statement,"%PDF-1.4
% synthetic text-bearing stand-in
1 0 obj
<< /Title (Bank Statement) >>
stream
Kotak Mahindra Bank — Savings Account Statement
Acco unt holder: Rahul Das
Account no: 599703011904
IFSC: HDFC0232769
Statement period: 18-03-2024 to 26-01-2025
Opening balan ce: INR 73,817.87
14-09-2025  CR  INR 19,034.53  ATM
22 -03-2023  DR  INR 491.85  ATM
06-07-2023  CR  INR 16,665.70  ATM
10-09-2023  DR  INR 13,044.67  ATM
24-06-2023  CR   INR 1,591.93   IMPS
13-05-2022  DR  INR 8,233.84  ATM
20-11-2025  CR  INR 3,313.59  NEFT
25-11-2025   DR  INR 1,268.63  NEFT
Closing balance: INR 21,806.77
Address on file: 46 MG Road, Ahmedabad 429940
This is a ba nk account statement, not a card state ment.

endstream
endobj
%%EOF
",722,ddb8e83e9503c4160b7a31ab0c4938690e715303cb37b4d4cbe580364e854523,GRP-00-16,medium,train,ocr,False,False,False
DOC-0018,bank_statement_DOC-0018.jpg,jpg,Bank Statement,"SYNTHETIC-JPG-IMAGE
# raster stand-in; OCR text follows
TITLE: Bank Statement
State Bank of India — Savings Account Statement
Account holder: Fatima Menon
Account no: 242392424665
IFSC: HDFC0395163
Statement period: 03-04-2024 to 12-01-2025
Opening balance: INR 35,974.57
11-10-2023  CR  INR 6,136.14  IMPS
04-08-2022  DR  INR 18,703.44  NEFT
17-05-2023  CR  INR 6,727.93  IMPS
14-01-2024  DR  INR 8,588.98  NEFT
28-08-2024  CR  INR 7,922.66  NEFT
23-08-2022  DR  INR 2,633.08  UPI
18-01-2022  CR  INR 10,707.52  NEFT
23-08-2025  DR  INR 19,633.57  IMPS
Closing balance: INR 17,636.60
Address on file: 57 MG Road, Kolkata 500214
This is a bank account statement, not a card statement.

",688,4e603b304448748d22895657dbebb0483f7455d4bacd9c0cce7dc5436dd68b5c,GRP-00-17,easy,train,clean,False,False,False
DOC-0019,bank_statement_DOC-0019.pdf,pdf,Bank Statement,"%PDF-1.4
% synthetic text-bearing stand-in
1 0 obj
<< /Title (Bank Statement) >>
stream
ICICI 8ank — Savings Account Sta7em3nt
Account holder: Arjun Pat3l
Accoun t no: 187325881058
IFSC: SBIN0221351
Statement period: 12-11-2024 to 01-07-2025
Opening balance: INR  8,941.48
18-05-2022  CR  INR 12,388.56  NEFT
23-08-2022  DR  INR 8,697.18  UPI
24-03 -2023   CR  INR 514.77  POS
25-10-2024  DR  INR 15,177.55  IMPS
01-10-2024  CR  INR 23 ,815.88  I MPS
20-07-2023  DR  INR 2,198.49  ATM
06-07-2022  CR  INR 1,691.64  IMPS
10-09-2023  DR  INR 6,81 5.50  ATM
Closing balance: INR 105,002.33
Address on file: 12 Lake View, Pune 402018
This is a b ank account statement, not a  card statement.

endstream
endobj
%%EOF
",714,ab39b195a642e731dbafb4e01a24eca63ba211e3a5494118b59897155407c16b,GRP-00-18,medium,test,ocr,False,False,False
DOC-0020,bank_statement_DOC-0020.jpg,jpg,Bank Statement,"SYNTHETIC-JPG-IMAGE
# raster stand-in; OCR text follows
TITLE: Bank Statement
HDFC B4nk — Savings Account Statem 3nt
Account  holder: Meera Das
Account no:  657373802019
IFS C: HDFC0845009
 Statement per iod: 11-03-2024 to 28-06-2025
Opening bala nce: INR 40,883.68
20-11-2025  CR  INR 16 ,630.40  ATM
20-12-2022  D R  INR 8,867.99  NEF T
02-08-2 024  CR  INR 13,262.01  IMPS
28-02-2024  DR  INR 13,079.57  POS
 21-01-2024  CR  INR 22,779.48  POS
24-11-2 023  DR  INR 15,298.60  PO S
23-06-20 22  CR  INR 915.24  NE FT
05-08-2025  DR  INR 4,623.02  ATM
Closing  b4l4nce: INR 10,579.66
Address  on file: 157 Lake  View, Kolk ata 432026
 
Credit facility reference: CARD-7233
Available credi7 mentioned for over draft: INR 47,98 8.45
Minimum amount due: not applic4ble (savings  account).
This is  a bank account st4tement, not 4 card s7ate men7.

",848,78655308dcbe1ef5af355ffe28b08250465eb99c484027ff1aa9e0eb4acad16a,GRP-00-19,hard,train,noisy,False,False,False
DOC-0021,bank_statement_DOC-0021.jpg,jpg,Bank Statement,"SYNTHETIC-JPG-IMAGE
# raster stand-in; OCR text follows
TITLE: Bank Statement
HDFC Bank — Savings Accou nt S7at ement
Account h01der: S n3ha G up7a
Acc0unt no: 817606171257
IFSC: UTIB0648 014
Stat3m3nt period: 11-01-2024 to 10- 12-2025
Opening ba1ance: INR 80,7 59.66
19-11-2025  CR  INR 9,347.35   POS
18-06-2024  DR  I NR 3,147.76  IMPS
22-03-2024  CR  INR 7,869.80  IMPS
07-11-2023  DR  INR 8,941.78  ATM
09-09-2022  CR  INR 11,285.93  IMPS
07-07-2023  DR  INR 11,182.67  ATM
17-08-2025  CR  INR 9,676.11  UPI
19-12-202 2  DR   INR  16,017.75  NEFT
Cl0sing ba1ance:  INR 106,429.78
Ad dress 0n file: 133 Re sidency, Delhi 451795

Credit facility reference: CARD-4147
Available credit mentione d for ov3rdraft: INR 23,125.07
Minimum amount due: not applicable (savings account).
This is a bank account stateme nt, not a card stat3ment.

",841,dd4df497ba6f943c471819e121d4e021f1c0d223352d44f22bd0a94db9761a3c,GRP-00-20,hard,train,noisy,False,False,False
DOC-0022,credit_card_statement_0022.pdf,pdf,Bank Statement,"%PDF-1.4
% synthetic text-bearing stand-in
1 0 obj
<< /Title (Bank Statement) >>
stream
ICICI Bank — Savings Account Statement
Account holder: Arjun Khan
Account no: 222199777527
IFSC: HDFC0411275
Statement period: 27-05-2024 to 16-01-2025
Opening balance: INR 26,016.82
03-05-2024  CR  INR 4,631.72  ATM
15-12-2024  DR  INR 4,568.02  POS
27-09-2024  CR  INR 18,333.10  NEFT
10-05-2024  DR  INR 19,245.19  NEFT
18-08-2025  CR  INR 1,658.02  NEFT
08-04-2023  DR  INR 5,344.48  UPI
23-01-2023  CR  INR 6,497.95  NEFT
20-09-2022  DR  INR 16,531.13  UPI
Closing balance: INR 24,547.97
Address on file: 121 Residency, Ahmedabad 530107
This is a bank account statement, not a card statement.

endstream
endobj
%%EOF
",712,c3580a4d15188fe5c1cd7cd381a7f63e4af660cdbfbd732e8b6e6781e802387b,GRP-00-21,easy,train,clean,False,False,True
DOC-0023,bank_statement_DOC-0023.tiff,tiff,Bank Statement,"SYNTHETIC-TIFF-IMAGE
# raster stand-in; OCR text follows
TITLE: Bank Statement
Axis Bank — Savings Account Statement
Account holder: Sneha Gupta
Account no: 682357218242
IFSC: UTIB0867402
Statement period: 23-03-2024 to 21-12-2025
Opening balance: INR 42,867.01
11-05-2023  CR  INR 20,882.00  ATM
24-05-2023  DR  INR 13,868.70  UPI
06-09-2023  CR  INR 14,708.71  NEFT
14-09-2022  DR  INR 18,573.42  POS
04-10-2022  CR  INR 4,936.58  ATM
20-05-2022  DR  INR 17,984.79  ATM
14-03-2023  CR  INR 8,418.94  ATM
08-05-2025  DR  INR 11,454.16  ATM
Closing balance: INR 8,983.25
Address on file: 206 Lake View, Bengaluru 427133
This is a bank account statement, not a card statement.

",679,2344f8b81a05f60be8fc2f23546de06a309591257219f66d213af86ab9e89598,GRP-00-22,easy,train,clean,False,False,False
DOC-0024,bank_statement_DOC-0024.jpg,jpg,Bank Statement,"SYNTHETIC-JPG-IMAGE
# raster stand-in; OCR text follows
TITLE: Bank Statement
State Bank of India — Savings Account Statement
Account holder: Ananya Reddy
Account no: 349345246896
IFSC: SBIN0633201
Statement period: 01-08-2024 to 23-03-2025
Opening balance: INR 40,445.20
11-04-2024  CR  INR 3,767.17  IMPS
21-12-2022  DR  INR 9,809.53  UPI
02-06-2022  CR  INR 3,338.76  IMPS
23-02-2022  DR  INR 17,954.52  ATM
10-04-2022  CR  INR 13,755.03  NEFT
03-03-2022  DR  INR 3,201.68  POS
25-04-2022  CR  INR 22,947.90  POS
21-12-2023  DR  INR 14,058.42  IMPS
Closing balance: INR 72,188.13
Address on file: 194 Industrial Area, Pune 514294

Credit facility reference: CARD-7504
Available credit mentioned for overdraft: INR 45,546.32
Minimum amount due: not applicable (savings account).
This is a bank account statement, not a card statement.

",840,b7b541b2edd3443c4061c778bd966bbebc8e34c76911b8cc111631cd84a3a6f8,GRP-00-23,hard,train,clean,False,False,False
DOC-0025,bank_statement_DOC-0025.pdf,pdf,Bank Statement,"%PDF-1.4
% synthetic text-bearing stand-in
1 0 obj
<< /Title (Bank Statement) >>
stream
Axis Bank — Savings Account Statement
Account holder: Fatima Joshi
Account no: 540648243927

endstream
endobj
%%EOF
",206,e0444b2e1e4bb988c2aa81fd69f7c67e52b4c334f5574be7879d030c376d955c,GRP-00-24,hard,train,sparse,False,False,False
DOC-0026,bank_statement_DOC-0026.jpg,jpg,Bank Statement,"SYNTHETIC-JPG-IMAGE
# raster stand-in; OCR text follows
TITLE: Bank Statement
HDFC Bank — Savings Account Statement
Account holder: Dev Das
Account no: 683615801168
IFSC: SBIN0385978
Statement period: 09-01-2024 to 27-09-2025
Opening balance: INR 21,558.25
19-03-2025  CR  INR 20,727.05  IMPS
14-06-2022  DR  INR 3,352.16  POS
04-03-2025  CR  INR 3,853.23  IMPS
14-12-2022  DR  INR 8,873.60  IMPS
20-09-2022  CR  INR 13,768.66  POS
11-08-2025  DR  INR 18,796.24  ATM
18-02-2023  CR  INR 11,371.15  ATM
24-09-2022  DR  INR 12,247.47  ATM
Closing balance: INR 79,947.33
Address on file: 160 MG Road, Kolkata 439721
This is a bank account statement, not a card statement.

",672,de956b3c039e78e34a5cd38e179af327293571331d4ad089ed63630cc8d9d0b5,GRP-00-25,easy,train,clean,False,False,False
DOC-0027,bank_statement_DOC-0027.pdf,pdf,Bank Statement,"%PDF-1.4
% synthetic text-bearing stand-in
1 0 obj
<< /Title (Bank Statement) >>
stream
ICICI   Bank — Savings Account Statement
Account holder:  Arjun Sh arma
Ac count no: 655023853614
IFSC: HDFC0544055 
Statement period: 11-08-2024 to 08-06-2025
Opening balance:  INR 31,997.64
24-03-2022  CR  INR 8,366.89  IMPS
04-02-2024  DR  INR 23,710.80   IMPS
18-08-2023  CR  INR 1 9,426.96  NE FT
12-02-2023  DR  INR 17 ,967.04  NEFT 
 18-08-2025  CR  INR 21,631.08   NEFT
18-01-2022  DR  INR 2,775.91  UPI
28-10-2025   CR  INR 17,338.47  IMPS
25-12-2023  DR  INR 16, 741.22  ATM
Clo5ing balan c3: INR 92,307.58 
Address on file: 81 Lake View, Mumbai 419202
This is 4 bank 4ccount statement, not a card 57atement.

endstream
endobj
%%EOF
",733,91de1c0ebd6aef2609c6fe23e9eac6dda52a7c694bb28877d356490964037836,GRP-00-26,medium,train,noisy,False,False,False
DOC-0028,bank_statement_DOC-0028.eml,eml,Bank Statement,"From: records-noreply@synthetic.example
To: intake@lender.example
Subject: Bank Statement
MIME-Version: 1.0
Content-Type: text/plain; charset=UTF-8

ICICI Bank — Savings Account Statement
Account holder: Arjun Joshi
Account no: 562460872163

",244,4fe85d484a783ba498e34bd44f6aa87b9e294c39745bcd497633a1c97b4acff3,GRP-00-27,medium,train,sparse,False,False,False
DOC-0029,credit_card_statement_0029.xlsx,xlsx,Bank Statement,"title,Bank Statement
r0,State Bank of India — Savings Account Statement
r1,Account holder: Ananya Sharma
r2,Account no: 579450162262
r3,IFSC: SBIN0284663
r4,Statement period: 08-11-2024 to 06-05-2025
r5,Opening balance: INR 84;045.40
r6,23-02-2022  CR  INR 19;959.70  UPI
r7,26-06-2022  DR  INR 20;191.27  IMPS
r8,24-08-2024  CR  INR 6;101.84  POS
r9,23-05-2025  DR  INR 4;141.51  NEFT
r10,06-04-2025  CR  INR 6;017.49  UPI
r11,27-04-2022  DR  INR 2;485.18  IMPS
r12,10-03-2023  CR  INR 6;943.18  POS
r13,20-12-2022  DR  INR 19;202.83  POS
r14,Closing balance: INR 93;774.85
r15,Address on file: 115 Industrial Area; Mumbai 436056
r17,Credit facility reference: CARD-7704
r18,Available credit mentioned for overdraft: INR 66;434.21
r19,Minimum amount due: not applicable (savings account).
r20,This is a bank account statement; not a card statement.
",852,a47bafc1ed96f9951774b6d0d0c77fb8d9975a54a94a3b50207b2557db699b28,GRP-00-28,hard,validation,clean,False,False,True
DOC-0030,bank_statement_DOC-0030.jpg,jpg,Bank Statement,"SYNTHETIC-JPG-IMAGE
# raster stand-in; OCR text follows
TITLE: Bank Statement
Kotak Mahindra Bank — Savings Account Statement
Account holder: Meera Gupta
Account no: 927987106281
IFSC: KKBK0401203
Statement period: 13-06-2024 to 07-04-2025
Opening balance: INR 43,912.79
01-09-2025  CR  INR 9,059.77  IMPS
24-07-2023  DR  INR 20,419.66  ATM
04-03-2022  CR  INR 13,330.90  ATM
21-06-2022  DR  INR 20,282.01  UPI
11-06-2025  CR  INR 11,382.05  POS
25-11-2024  DR  INR 3,489.30  ATM
17-05-2024  CR  INR 16,572.42  POS
17-10-2025  DR  INR 8,307.70  POS
Closing balance: INR 100,009.11
Address on file: 147 Lake View, Chennai 424760
This is a bank account statement, not a card statement.

",687,aea5ef2185cfb218d02de6dd2d3d0041405abd08f0c458148e19bf5563268b99,GRP-00-29,easy,train,clean,False,False,False
DOC-0031,credit_card_statement_0031.pdf,pdf,Bank Statement,"%PDF-1.4
% synthetic text-bearing stand-in
1 0 obj
<< /Title (Bank Statement) >>
stream
Axis Bank — Savings  Account S7atement
A ccount holder: Kabir Sharma
Accoun7 no: 240880 814147
IFSC: KKBK0990692
Statement peri od: 11-05-2024 to 20-07-2025
Openin9 balance:  INR 70,346.88
02 -12-2023  CR  INR 21,477.20  NEFT
09-07-2022  DR  INR 14,876.46  NEFT
18-04-2022  CR  INR 3,805.63  NEFT
07-04-2024  DR  INR 16,904.53  UPI
27-11-2023  CR  INR  13,173.57  IMPS
27-08-2023  DR  INR 8,137.94  IMPS
09-04-2023  CR  INR 2,699.55  NEFT
15-01-2022  DR  INR 1,653.30  UPI
Closing balance: INR 5,470.24
Address on fi1e: 76 Indust rial Area, Mumbai 493983
Thi5 is a bank account sta7ement, not a card st atement.
 
endstream
endobj
%%EOF
",727,4c45ea93b7acb2da070fbcf0dfc2b91f86f9e5ace17c6235f98513a97ef7f8de,GRP-00-30,medium,train,noisy,False,False,True
DOC-0032,credit_card_statement_0032.pdf,pdf,Bank Statement,"%PDF-1.4
% synthetic text-bearing stand-in
1 0 obj
<< /Title (Bank Statement) >>
stream
Axis Bank — Savings Account Statement
Account holder: Vikram Menon
Account no: 343928436557

endstream
endobj
%%EOF
",206,5d268b509974935c75bf0df39d85ab460cb12db2fe213d7afc436e783c90f73c,GRP-00-31,medium,train,sparse,False,False,True
DOC-0033,bank_statement_DOC-0033.docx,docx,Bank Statement,"<?xml version='1.0' encoding='UTF-8'?>
<w:document>
<w:title>Bank Statement</w:title>
<w:body>Kotak Mahindra Bank — Savings Account Statement
Account holder: Isha Khan
Account no: 522325052907
IFSC: SBIN0699855
Statement period: 28-06-2024 to 12-02-2025
Opening balance: INR 75,378.13
08-02-2023  CR  INR 10,826.42  POS
26-11-2025  DR  INR 7,820.67  UPI
10-11-2023  CR  INR 14,929.73  POS
28-04-2025  DR  INR 11,432.19  NEFT
23-02-2024  CR  INR 16,503.82  POS
16-12-2025  DR  INR 22,188.66  NEFT
05-04-2025  CR  INR 18,470.47  POS
14-11-2024  DR  INR 16,672.68  ATM
Closing balance: INR 106,516.44
Address on file: 177 Industrial Area, Kolkata 451765

Credit facility reference: CARD-7872
Available credit mentioned for overdraft: INR 69,557.15
Minimum amount due: not applicable (savings account).
This is a bank account statement, not a card statement.
</w:body>
</w:document>
",881,f6c0f6d79530f8703fb72ea8fe2fa23199b7e4289a4cd1a38f518bc708234c69,GRP-00-32,hard,train,clean,False,False,False
DOC-0034,bank_statement_DOC-0034.png,png,Bank Statement,"SYNTHETIC-PNG-IMAGE
# raster stand-in; OCR text follows
TITLE: Bank Statement
ICICI Bank — Savings Account Statement
Account holder: Sneha Reddy
Account no: 968909069467
IFSC: UTIB0122515
Statement period: 10-12-2024 to 13-05-2025
Opening balance: INR 38,290.88
03-07-2022  CR  INR 18,922.77  NEFT
22-05-2025  DR  INR 17,342.09  UPI
02-09-2024  CR  INR 17,531.57  IMPS
12-08-2024  DR  INR 9,495.43  IMPS
06-11-2025  CR  INR 3,273.26  UPI
20-12-2023  DR  INR 1,439.21  ATM
10-05-2023  CR  INR 4,713.71  NEFT
05-02-2023  DR  INR 4,004.19  NEFT
Closing balance: INR 71,567.29
Address on file: 19 Residency, Mumbai 494036
This is a bank account statement, not a card statement.

",677,cea16c0001a7a4cdc9916e92fc0af92768a0506570275721ab74a2d498554678,GRP-00-33,easy,train,clean,False,False,False
DOC-0035,bank_statement_DOC-0035.tiff,tiff,Bank Statement,"SYNTHETIC-TIFF-IMAGE
# raster stand-in; OCR text follows
TITLE: Bank Statement
Axis Bank — Savings Account Statement
Account holder: Dev Sharma
Account no: 624066483582
IFSC: ICIC0806119
Statement period: 09-04-2024 to 27-04-2025
Opening balance: INR 82,725.51
03-09-2024  CR  INR 11,733.42  IMPS
17-11-2025  DR  INR 1,523.66  POS
20-09-2024  CR  INR 13,996.60  NEFT
02-11-2022  DR  INR 15,571.89  IMPS
27-01-2024  CR  INR 11,068.97  POS
28-05-2023  DR  INR 18,103.69  POS
02-05-2024  CR  INR 21,689.53  UPI
14-11-2023  DR  INR 22,619.61  UPI
Closing balance: INR 49,999.64
Address on file: 25 Industrial Area, Bengaluru 445174

Credit facility reference: CARD-2868
Available credit mentioned for overdraft: INR 31,291.52
Minimum amount due: not applicable (savings account).
This is a bank account statement, not a card statement.

",835,4381d482dcdf739166cbfa98e7164233c1fe3f597a757349c4b3e2d08c53357c,GRP-00-34,hard,train,clean,False,False,False
DOC-0036,bank_statement_DOC-0036.jpg,jpg,Bank Statement,"SYNTHETIC-JPG-IMAGE
# raster stand-in; OCR text follows
TITLE: Bank Statement
Kotak Mahindra Bank — Savings Account Statement
Account holder: Kabir Nair
Accoun t no: 324147527511
IFSC: UTIB0390939
Statemen t peri od: 23-12-202 4 to 16-04-2025
Opening balance: INR 57,415.90
03-02-2025   CR  INR  7,652.60  UPI
05-12-2024  DR  INR 20,971.93  NEFT
24-05-2023   CR  INR 16,624.65  ATM
06-08-2025  DR  INR 13,114.33  IMPS
20-08-2024  CR   INR 12,741.52  IMPS
19-07-2024  DR  INR 21,479.92  UPI
23-07-2024  CR  INR 5,308.62  NEFT
16-10 -2024  DR  INR 15,247.81  POS
Closing balance: INR  53,376.36 
Address on file: 108 Lake View, Bengaluru 531328
Thi s is a bank account st4tement, not a card sta7ement.

",703,d7bf7a03f2e70a9a897368b2a43f14054c1c01e3c5455f1737e9813285e689b1,GRP-00-35,medium,train,ocr,False,False,False
DOC-0037,credit_card_statement_0037.eml,eml,Bank Statement,"From: records-noreply@synthetic.example
To: intake@lender.example
Subject: Bank Statement
MIME-Version: 1.0
Content-Type: text/plain; charset=UTF-8

State Bank of India — Savings Account Statement
Account holder: Fatima Khan
Account no: 657393987048
IFSC: SBIN0421511
Statement period: 13-08-2024 to 26-01-2025
Opening balance: INR 25,017.77
27-02-2022  CR  INR 5,863.55  NEFT
20-01-2022  DR  INR 5,152.72  POS
15-09-2025  CR  INR 4,088.78  NEFT
22-07-2025  DR  INR 12,890.54  POS
16-11-2023  CR  INR 16,581.93  NEFT
18-01-2024  DR  INR 15,974.99  IMPS
09-01-2024  CR  INR 10,544.90  ATM
05-03-2023  DR  INR 7,037.27  POS
Closing balance: INR 80,077.68
Address on file: 25 Lake View, Chennai 484203

Credit facility reference: CARD-3653
Available credit mentioned for overdraft: INR 52,281.11
Minimum amount due: not applicable (savings account).
This is a bank account statement, not a card statement.

",906,a68b2f6b1745d34296c8899d58750af60137b18f7edf870df0239e10729c393b,GRP-00-36,hard,train,clean,False,False,True
DOC-0038,bank_statement_DOC-0038.pdf,pdf,Bank Statement,"%PDF-1.4
% synthetic text-bearing stand-in
1 0 obj
<< /Title (Bank Statement) >>
stream
State Bank of India — Savings Account Statement
Account holder: Arjun Patel
Account no: 476393065973
IFSC: UTIB0812060
Statement period: 04-02-2024 to 08-06-2025
Opening balance: INR 20,676.45
01-09-2024  CR  INR 5,997.99  IMPS
14-06-2022  DR  INR 14,285.88  POS
07-03-2025  CR  INR 21,634.23  UPI
13-08-2025  DR  INR 6,593.47  ATM
26-01-2023  CR  INR 10,831.63  POS
12-06-2023  DR  INR 21,168.32  IMPS
27-05-2022  CR  INR 12,111.38  POS
06-03-2022  DR  INR 10,158.80  POS
Closing balance: INR 103,932.67
Address on file: 17 Industrial Area, Mumbai 551975
This is a bank account statement, not a card statement.

endstream
endobj
%%EOF
",726,85c86caa50ad8c94e04ba727324b47375faf308960272d0e5b8a3e78d9deaab5,GRP-00-37,easy,train,clean,False,False,False
DOC-0039,credit_card_statement_0039.pdf,pdf,Bank Statement,"%PDF-1.4
% synthetic text-bearing stand-in
1 0 obj
<< /Title (Bank Statement) >>
stream
Kotak Mahindra 8ank — Savings Account Statement
Account hold3r: Meera Menon
Accoun7 no: 228043104847
IFSC: KKBK0378648
Statem3nt peri0d: 04-06-2024 to 13-06-2025
Opening  balance: INR 49,050.63
03-08-2022  CR  INR 2,483.47  ATM
06-10-202 4   DR  INR 9,604.55  UPI
08-11-2025  CR  INR 3,211.69  UPI
21-03-2022  DR  INR 7,600.22  POS
17-11-2025  CR   INR 941.82  POS
27-08-2024  DR  INR 10,214.87  POS
26-08-2025  CR  INR 21,820.43  POS
25-12-2025  DR  INR 9,261.49  IMPS
Closing balanc3: INR 42,472.56
Address on file: 220 Residency, Bengaluru 444754
Th is is a bank a ccount statement, no7 a card stat3ment.

endstream
endobj
%%EOF
",722,9019056c4c84cd67277c201dcffd01d771bce28b00be7246090ca61304bf87da,GRP-00-38,medium,train,ocr,False,False,True
DOC-0040,bank_statement_DOC-0040.jpg,jpg,Bank Statement,"SYNTHETIC-JPG-IMAGE
# raster stand-in; OCR text follows
TITLE: Bank Statement
HDFC Ban k — Savings Ac c0unt S74tement
Account hol der : Rahu1 Patel
Account no: 477015321375
IFSC: KKB K0532198
Stat3ment period: 01-01-2024 to 17-02-2025
 Openin9 ba1ance: INR 32,570.68
05-07-2024  CR  INR 12,188.34  ATM
16-11-2024  DR  INR 20,573.07  POS
11-07-2022  CR  INR  9,421.16  UP I
1 8-12-2025  DR  INR 9,651.45  IMPS 
15-03-2024  CR  INR 21,48 6.96  IMPS
08-06-2023  DR  INR 20,503.95  UPI
05-08-2022  CR  INR 20,695.08  NEFT
 26- 08-2024  DR  INR 21,711.19  UPI
Closing bala nce: INR 86,433.75
Address on file: 187 MG Ro4d, Ko1kata 4 43234
This is a bank  acc0un7 s7atement, no7 a card statement.

",693,1b98b7b4971ca3bd3c023f52e1488c5f14b131302ca5e7986aef34d575d603d1,GRP-00-39,medium,train,noisy,False,False,False
DOC-0041,bank_statement_DOC-0041.jpg,jpg,Bank Statement,"SYNTHETIC-JPG-IMAGE
# raster stand-in; OCR text follows
TITLE: Bank Statement
Axis Bank — Savings  Account Statement
Account holder: Sneha I yer
Account no: 103187933526
IFSC: UTIB0568115
Statement period: 09-07-2024 to 26-03-2025
Opening balance: INR 9,053.15
18-09-2024  CR  INR 2,583.62  POS
19-04-2022  DR  INR 7,952.89  UPI
07-04-2023  CR  INR 1,762.44   ATM
27-08-2024  DR  INR 22,411.53  ATM
14-05-2023  CR  INR 19,866. 25  IMPS
01-01-2024  DR  INR 12,442.20  IMPS
10-06-2024  CR  INR 12,017.88  UPI
07-04-2022  DR  INR 23,587.88  IMPS
Closing ba1ance: INR 51,200.30
Address on file: 237 In dus7rial Area,  Chennai 529785

Credit facility  refer3nce: CA RD-6292
Available credit mentioned for overdraft: INR 52,649.14
Minimum am ount due: not 4pplicable (s4vings account).
This is a b4nk account statement, not a ca rd statemen t.

",841,38b0e664aa810a15f71f999ee95103e610fe13bbae8c596779673377ecc7a715,GRP-00-40,hard,train,ocr,False,False,False
DOC-0042,bank_statement_DOC-0042.png,png,Bank Statement,"SYNTHETIC-PNG-IMAGE
# raster stand-in; OCR text follows
TITLE: Bank Statement
State Bank of India — Savings Account Statement
Account holder: Sneha Nair
Account no: 494148062465
IFSC: KKBK0355643
Statement period: 16-10-2024 to 01-01-2025
Opening balance: INR 45,331.90
05-02-2024  CR  INR 8,136.98  ATM
01-09-2023  DR  INR 3,554.76  UPI
20-10-2022  CR  INR 18,032.81  POS
18-07-2025  DR  INR 10,798.10  IMPS
20-02-2025  CR  INR 14,594.93  IMPS
21-02-2022  DR  INR 20,564.46  NEFT
27-11-2023  CR  INR 5,522.77  POS
14-02-2023  DR  INR 2,612.19  POS
Closing balance: INR 86,152.03
Address on file: 99 Residency, Mumbai 457162
This is a bank account statement, not a card statement.

",684,44262a7dd1c924a814883f457585e1d61972f45d905c77f18ffad1bbc4161bde,GRP-00-41,easy,train,clean,False,False,False
DOC-0043,bank_statement_DOC-0043.pdf,pdf,Bank Statement,"%PDF-1.4
% synthetic text-bearing stand-in
1 0 obj
<< /Title (Bank Statement) >>
stream
Axis Bank — Savings Account Statement
Account holder: Fatima Nair
Account no: 995749437895

endstream
endobj
%%EOF
",205,661d2c6d0f6af087fc5a13597d77c81a2fc19b8e63c9eb9dbb98c9cfe2c7e1d1,GRP-00-42,hard,train,sparse,False,False,False
DOC-0044,bank_statement_DOC-0044.tiff,tiff,Bank Statement,"SYNTHETIC-TIFF-IMAGE
# raster stand-in; OCR text follows
TITLE: Bank Statement
Kotak Mahindra Bank — Savings Account Statement
Account holder: Rahul Iyer
Account no: 379263746250

",182,cdaa5bcffe120a6d3fec5ecd38021d6618803551137d9d741dbefc90183cf93d,GRP-00-43,medium,train,sparse,False,False,False
DOC-0045,bank_statement_DOC-0045.pdf,pdf,Bank Statement,"%PDF-1.4
% synthetic text-bearing stand-in
1 0 obj
<< /Title (Bank Statement) >>
stream
Axis Bank —  Savings Account St47ement
Account holder: Ananya Pat3l
Account no: 629119547904
IFSC: SBIN0984556
Statement period: 04-12-2024 to 17-11-2025
Opening balance: INR 43,841.76
15-02-2024  CR  INR 20,744.12  NEFT
10-12-2025  DR  INR 7,440 .87  IMPS
18-02-2025  CR  INR 15,098.27  UPI
01-09-2024  DR  INR 14,625.96  UPI
27-12-2 022  CR  INR 18,871.71  POS
14-11-2024  DR   INR 14,747.33  NEFT
15-04-2022  CR   INR 19,953.79  UP I
14-07-2023  DR   INR 15,836.39  POS
Closing balance: INR 61,617.47
Addres5 on file: 18 Industrial  Area, Delhi 406472
This is  a bank account statement, not a car d 5tatement.

endstream
endobj
%%EOF
",727,b284adf418c6b48c3b18fb4b3c950c607be268e8ec6d005451785e7ebe86a8b0,GRP-00-00,medium,train,ocr,True,False,False
DOC-0046,bank_statement_DOC-0046.pdf,pdf,Bank Statement,"%PDF-1.4
% synthetic text-bearing stand-in
1 0 obj
<< /Title (Bank Statement) >>
stream
HDFC Bank — Savings Account Statement
Account holder: Isha Patel
Account no: 183865859052
IFSC: HDFC0170445
Statement period: 19-08-2024 to 04-05-2025
Opening balance: INR 78,769.43
07-06-2023  CR  INR 4,236.65  IMPS
15-05-2025  DR  INR 3,816.10  NEFT
25-01-2025  CR  INR 1,069.11  UPI
08-10-2022  DR  INR 9,594.91  ATM
08-02-2025  CR  INR 17,024.62  ATM
11-04-2025  DR  INR 20,215.42  NEFT
18-12-2025  CR  INR 1,750.58  IMPS
22-06-2024  DR  INR 16,180.47  ATM
Closing balance: INR 73,742.44
Address on file: 121 Lake View, Chennai 461701
This is a bank account statement, not a card statement.

endstream
endobj
%%EOF
",709,9247a3f6078c29428270f66419e0ddc3c7f4d65a612a2d7866ccac6ecffaa944,GRP-00-01,easy,test,clean,True,False,False
DOC-0047,bank_statement_DOC-0047.tiff,tiff,Bank Statement,"SYNTHETIC-TIFF-IMAGE
# raster stand-in; OCR text follows
TITLE: Bank Statement
ICICI Bank — Savings Account  Statement 
Accoun7 ho lder: Rahu1 Das
Acc ount no: 784951695983
IFSC: UTIB0219367
Statement period: 20-07-2 024 to 28-10-2025
Opening  balanc3: INR 8,008.34
20-12-2023  CR  INR 11,818.28  ATM
08-07-2024  DR  INR 2,438.54  NEFT
06-07-2024  CR  INR 21,289.53  NEFT
08-01-2022  DR  I NR 17,425.44  NEFT
28-08-2024  CR  INR 4,027.70  IMPS
 11-06-2022  DR  INR 12,614.81  UPI
16-03-2024  CR  INR 6,396.35  IMPS
28-01-2023  DR  INR 20,210.21  POS
Clos i ng balance: INR 17,603.38
Address 0n file: 158 Lake View, Ahm3d4bad 440237
Th is is a bank account statement, no7 a c4rd 5tat3ment.

",692,ddc3699ae5c4166b7dfc8c262812517b7af813dd2a55473175ffe5eaa4f6cbd1,GRP-00-02,medium,train,noisy,True,False,False
DOC-0048,bank_statement_DOC-0048.pdf,pdf,Bank Statement,"%PDF-1.4
% synthetic text-bearing stand-in
1 0 obj
<< /Title (Bank Statement) >>
stream
State Bank of India — Savings Account Statement
Account holder: Vikram Nair
Account no: 299425708013
IFSC: UTIB0391231
Statement period: 16-12-2024 to 02-09-2025
Opening balance: INR 54,208.62
02-02-2025  CR  INR 8,747.35  UPI
28-02-2023  DR  INR 9,723.34  NEFT
25-06-2025  CR  INR 16,248.30  UPI
02-07-2023  DR  INR 17,803.39  ATM
19-02-2022  CR  INR 8,131.81  POS
02-04-2023  DR  INR 7,271.14  NEFT
01-06-2024  CR  INR 18,989.15  ATM
05-12-2025  DR  INR 21,919.23  IMPS
Closing balance: INR 36,874.91
Address on file: 178 MG Road, Pune 483800

Credit facility reference: CARD-9455
Available credit mentioned for overdraft: INR 21,671.22
Minimum amount due: not applicable (savings account).
This is a bank account statement, not a card statement.

endstream
endobj
%%EOF
",863,218967fa05d2c152d0b9004b5618e024873d646b955924649dad864763e33ee6,GRP-00-03,hard,train,clean,True,False,False
DOC-0049,bank_statement_DOC-0049.pdf,pdf,Bank Statement,"%PDF-1.4
% synthetic text-bearing stand-in
1 0 obj
<< /Title (Bank Statement) >>
stream
State 8ank of India — Savings Account St4t3ment
Account holder: Rahul Iyer
Acc0unt no: 592477922820
IFSC: UTI80424590
Statemen7 period: 18-01-2024 to 14-02-2025
Open ing b4lance: INR 44,602.52
26-09-2023  CR  INR 21,825.17  IMPS
26-07-2022  DR  INR 8, 507.99  NEFT
21-02-2022  CR  INR 8,898.28  ATM
13-03-2022  DR  INR 16,637.95  IMPS
25-04-2023  CR  INR 9,418.31   IMPS
17-02-2025  DR  INR 7 60.54  POS
23-01 -2022  CR  INR 5,062.38  IMPS
20-05-2023  DR  INR 22,787.13  NEFT
Closing balance: INR 69,566. 09
Addres5 on file: 133 MG Road, Hyderabad 404101

Credit facility reference: CARD-3748
Avai1ab1e cre dit mentioned for ov3rdraft: INR 51,021.53
Minimum amou nt due: not applic4ble (saving5 account).
This  is a bank account st4tement, no 7 a card statement.

endstream
endobj
%%EOF
",877,709d55dcd79169eafed364c66108f04b07c9d826744b4bec4d8527f0a85fee44,GRP-00-04,hard,validation,ocr,True,False,False
DOC-0050,bank_statement_DOC-0050.pdf,pdf,Bank Statement,"%PDF-1.4
% synthetic text-bearing stand-in
1 0 obj
<< /Title (Bank Statement) >>
stream
Axis Bank — Savings Account Statement
Account holder: Vikram Joshi
Account no: 955172039451
IFSC: ICIC0437793
Statement period: 16-12-2024 to 08-06-2025
Opening balance: INR 42,510.50
19-01-2025  CR  INR 8,798.39  UPI
09-05-2025  DR  INR 5,569.53  POS
04-04-2024  CR  INR 17,908.48  IMPS
01-12-2024  DR  INR 5,826.37  NEFT
19-01-2023  CR  INR 12,768.90  NEFT
03-01-2025  DR  INR 19,483.86  NEFT
21-06-2023  CR  INR 15,963.69  ATM
28-03-2025  DR  INR 15,961.90  IMPS
Closing balance: INR 109,089.79
Address on file: 213 Lake View, Pune 546667
This is a bank account statement, not a card statement.

endstream
endobj
%%EOF
",712,3cb503d337d2c681f96422068f59c86daa0747ded14f36ace54d7e38495780ab,GRP-00-05,easy,train,clean,True,False,False
DOC-0051,bank_statement_DOC-0051.xlsx,xlsx,Bank Statement,"title,Bank Statement
r0,Kotak Mahindra Bank — Savings Account Statement
r1,Account holder: Rahul Sharma
r2,Account no: 470553521556
",134,6dca6ab5d8dc4b066eb8418804f0d785a8f6b0c740ec44e00fc3bddf720a6722,GRP-00-06,medium,validation,sparse,True,False,False
DOC-0052,bank_statement_DOC-0052.tiff,tiff,Bank Statement,"SYNTHETIC-TIFF-IMAGE
# raster stand-in; OCR text follows
TITLE: Bank Statement
HDFC Bank — Savings Account Statement
Account holder: Kabir Nair
Account no: 853319404309
IFSC: ICIC0412337
Statement period: 08-03-2024 to 09-01-2025
Opening balance: INR 49,911.94
01-05-2023  CR  INR 17,140.11  ATM
09-09-2022  DR  INR 16,631.81  ATM
21-05-2024  CR  INR 3,022.31  IMPS
08-03-2025  DR  INR 13,319.12  ATM
20-03-2024  CR  INR 12,123.56  ATM
21-05-2024  DR  INR 4,096.70  POS
17-01-2022  CR  INR 22,163.38  IMPS
22-03-2024  DR  INR 14,403.55  POS
Closing balance: INR 87,786.38
Address on file: 59 Industrial Area, Pune 552038
This is a bank account statement, not a card statement.

",680,3b68e09c1aa7ee76c3b95df6e4b474d46f431ad334658182eca39cc0cdd253ac,GRP-00-07,easy,validation,clean,True,False,False
DOC-0053,bank_statement_DOC-0053.png,png,Bank Statement,"SYNTHETIC-PNG-IMAGE
# raster stand-in; OCR text follows
TITLE: Bank Statement
ICICI Bank — Savings Account Statement
Account holder: Dev Khan
Account no: 120978988234
IFSC: UTI80844251
Statement period: 26-12-2024 to 14-10-2025
Opening balance: INR 60,278.75
25-08-2024  CR  INR 6,401.63  POS
11-08-2022  DR  INR 11,398.62  POS
10-04-2023  CR  INR 12,155.18  IMPS
07-10-2025  DR  INR 22,827.82  IMPS
16-12-2023  CR  INR 22,981.40  IMPS
13-02-2022  DR  INR 13,221.05  POS
28-12-2022  CR  INR 16,107.47  UPI
04-08-2024  DR  INR 2,025.83  UPI
Closing balance: INR 8,613.83
Addres5 on file: 159 Industrial Are4, Bengaluru 558079
This is a bank account statement, not a card statement.

[rescanned copy; low-resolution archive]

",726,bfd363096f253c9a67acd585807b5c518c0efb319e4a01249875b270a290f7b5,GRP-00-08,medium,test,ocr,False,True,False
DOC-0054,bank_statement_DOC-0054.jpg,jpg,Bank Statement,"SYNTHETIC-JPG-IMAGE
# raster stand-in; OCR text follows
TITLE: Bank Statement
Kotak Mahindra Bank — Savings Account Statement
Acco unt holder: Rahul Iyer
Account no: 193303779144
IFSC: KKBK0369648
Sta7ement period: 27-01-2024 to 16-10-2025
Opening balance: INR 11,428.99
27-07-2025  CR   INR 8,515.56  ATM
19-12-2025  DR  INR 14,847.93  UPI
19-02-2025  CR  INR 1,639.95  ATM
08-04-2023  DR  INR 18,911.54  NEFT
01-04-2024  CR  INR 23,810.18  NEFT
24-05-2025  DR  INR 10,068.79  UPI
14-09-2022   CR  INR 20,452.31  NEFT
22-02-2022  DR  INR 8,700.25  UPI
C1osing balance: INR 71,558.42
Address on file:  184 Residency, Bengaluru 531181
This is a bank account statement, not a card statement.

[rescanned copy; low-resolution archive]

",735,9fe22e25030de04b62c6ffedab743b79052e9fe3499c4c1c8ded6ba239b1244e,GRP-00-09,medium,test,ocr,False,True,False
DOC-0055,bank_statement_DOC-0055.docx,docx,Bank Statement,"<?xml version='1.0' encoding='UTF-8'?>
<w:document>
<w:title>Bank Statement</w:title>
<w:body>Kotak  Mahindra Bank — Savings Account Statement
Account holder: Arjun Khan
Account no: 524117114329
IFSC:  ICIC0555796
Statement period: 09-01-2024 to 23-09-2025
Opening balance: INR 59,624.69
01-06-2024  CR  INR 16,529.60  ATM
03-03-2023  DR  INR 8,072.22  UPI
26-02-2025  CR  INR 15,735.83  NEFT 
14-07-2024  DR  INR 4,554.73  UPI
19-08-2023  CR  INR 9,080.08  UPI
14-08-2022  DR  INR 8,417.38  POS
23-08-2025  CR  INR 11,830.61  PO S
27-02-2024  DR  INR 21,315.10  POS
Closing ba1ance: INR 58,168.79
Address on file: 95 Residency, Mumbai 404357
This is a bank account statement, n0t a  card statement.

[rescanned copy; low-resolution archive]
</w:body>
</w:document>
",768,ca6f01cfd7e6da6e75cf82610218f1892632278f24b4692046aae605e2c71c60,GRP-00-10,medium,train,ocr,False,True,False
DOC-0056,bank_statement_DOC-0056.jpg,jpg,Bank Statement,"SYNTHETIC-JPG-IMAGE
# raster stand-in; OCR text follows
TITLE: Bank Statement
HDFC Bank — Savings Account Statement
Account holder: Vikram Das
Account no: 965900242453
IFSC: ICIC0461359
Statement period : 10-07-2024 to 25-01-2025
Opening balance: INR 69,750.23
06-11-2025  CR  INR 8,041.10  IMPS
12-06-2023  DR  INR 2,621.47  NEFT
12-11-2022  CR  INR 22,616.00  NEFT
27-08-2025  DR  INR 5,462.29  POS
24-09-2025  CR  INR 12,286.70  UPI
07-12-2024  DR  INR 20,502.75  NEFT
19-04-2023  CR  INR 18,669.49  NEFT
02-05-2025  DR  INR 7,053.66  ATM
Closing balance: INR 74,893.83
Address on file: 58 MG Road, Pune 556885
This is a bank account statement, not a card st4tement.

[rescanned copy; low-resolution archive]

",715,ecc3a2b7fefd21202819a5c8a66898c625baacda6626620064b3c4cbd42baf6e,GRP-00-11,medium,train,ocr,False,True,False
DOC-0057,bank_statement_DOC-0057.txt,txt,Bank Statement,"Bank Statement

HDFC Bank — Savings Account Statemen7
Account holder: Arjun Khan
Account no: 352150020782
IFSC: SBIN0456988
S7atement period: 10-04-2024 to 28-02-2025
Opening balance: INR 13,954.84
10-02-2024  CR  INR 9,229.13  UPI
05-09-2022  DR  INR 23,817.04  ATM
09-02-2022  CR  INR 13,992.13  NEFT
10-12-2024  DR  INR 6,482.08  ATM
26-11-2022  CR  INR 16,676.76  UPI
06-08-2024   DR  INR 1,152.35  ATM
23-12-2023  CR  INR 6,501.23  ATM
23-08-2024  DR  INR 18,299.58  ATM
Closing balance: INR 51,251.05
Address on file: 234 Residency, Bengaluru 511990
This is  a bank account statement, not a card statemen7.

[rescanned copy; low-resolution archive]

",658,41aab68e4057f18d6d19214b17063ef6c0cc582d448b99acef21773d5b5a3a22,GRP-00-12,medium,train,ocr,False,True,False
DOC-0058,bank_statement_DOC-0058.jpg,jpg,Bank Statement,"SYNTHETIC-JPG-IMAGE
# raster stand-in; OCR text follows
TITLE: Bank Statement
Kotak Mahindra Bank — Savings Account Statement
Account holder: Dev Menon
Account no: 182176387199
IFSC: SBIN0816893
Statement period: 22-09-2024 to 14-02-2025
Opening bal4nce: INR 56,826.52
21-07-2022  CR  INR 4,748.04  IMPS
19-09-2022  DR  INR 1,825.41  UPI
06-07-2024  CR  INR 14,288.43  NEFT
05-03-2024  DR  INR 23,204.6 1  UPI
14-12-2025  CR  INR 11,161.09  ATM
06-05-2023  DR  INR 18,700.69  NEFT
17-01-2023  CR  INR 17,297.28  UPI
04-04-2025  DR  INR 15,802.33  IMPS
Closing bal4nce: INR 88,242.66
Address on file: 15 Residency, Hyderabad 528929
This is a bank account statemen t, not a card st4tement.

[rescanned copy; low-resolution archive]

",733,ec4388f711f5f63db234fb096ee169351cf56d2f7192cfd7b00d8b26c00e2c10,GRP-00-13,medium,test,ocr,False,True,False
DOC-0059,bank_statement_DOC-0059.pdf,pdf,Bank Statement,"%PDF-1.4
% synthetic text-bearing stand-in
1 0 obj
<< /Title (Bank Statement) >>
stream
ICICI Bank — Savi ngs Account Statemen7
Acc ount  holder: Rahul Joshi
Accoun7 no: 511897444238
IFSC: SBIN09 04610
Statement period: 09-04-2024 7o 08-04-2025
Opening balance: INR 31,386.73
10-11-2022  CR  INR 23,921.1 1  NEFT
08-08-2023  DR  INR 1,613.95  IMPS
18 -04-2024  CR  INR 132.84  UPI
09-07-2025  DR  INR 5,404.88  UPI
23-04-2023  CR  INR 2,560.89  NEFT
14-04-2023  DR  INR 16,44 9.42  POS
10-03-2024  CR  INR 5,485.69  IMPS
11-07-2025  DR  INR 9,969.04  POS
Closing balance: INR 76,959.95
Address on file: 101 MG Road, D3lhi 508887
Thi5 is a bank account statem3nt, not a card statement.

[rescanned copy; low-resolution archive]

endstream
endobj
%%EOF
",753,c5d75a6f32b608c095aa69681e90cf5044667f8e0d5282343f998ade70466db4,GRP-00-14,medium,train,ocr,False,True,False
DOC-0060,bank_statement_DOC-0060.pdf,pdf,Bank Statement,"%PDF-1.4
% synthetic text-bearing stand-in
1 0 obj
<< /Title (Bank Statement) >>
stream
Kotak Mahindra Bank — Savings Account St4tement
Account holder: Vikram Joshi
Account no: 869545124097
IFSC: KKBK0814398
Statement period: 09-06-2024 to 2 3-04-2025
Opening balance: INR 5 8,377.78
21-0 8-2023  CR  INR 8,232.48  UPI
10-09-2022  DR  INR 3,997.17  POS
17-0 6-2022  CR  INR 4,104.36  POS
24-06-2025  DR  INR 20,843.79  ATM
05-11-2025  CR  INR 16,054.80  NEFT
06-09-2025  DR  INR 330.45  IMPS
15-03-2023  CR  I NR 9,565.74  ATM
11-04-2023  DR  INR 15,717.03  UPI
Closing balance: INR 44,958.95
Address on file: 216 MG Road, Ahmed4bad 537289
This is a bank account st4tement, not a card st4tement.

[rescanned copy; low-resolution archive]

endstream
endobj
%%EOF
",764,0826ec69c9cf06951927d2429584b0477b2cbcb7cfe89045c9618d8102bc826a,GRP-00-15,medium,validation,ocr,False,True,False
DOC-0061,legal_contract_DOC-0061.xlsx,xlsx,Legal Contract,"title,Legal Contract
r0,MASTER SERVICES AGREEMENT (SYNTHETIC)
r1,This Agreement is made on 25-03-2024 between Meridian Textiles Pvt Ltd ('Provider') and Fatima Das ('Client').
r2,WHEREAS the parties wish to set out terms for professional services;
r3,1. Scope of work as in Exhibit A.
r4,2. Fees payable within 30 days of invoice.
r5,3. Confidentiality and limitation of liability.
r6,4. Governing law: India. Arbitration in Bengaluru.
r8,Schedule mention: premises at 173 Lake View; Kolkata 558537
r9,Stamp duty and registration clause included by reference.
r10,This is a commercial contract; not a title or mortgage deed.
",625,557dbbce3e15ce8a75645d3b4ae0024ab8c065f3e07fa9fe1d3369cfe47acc1c,GRP-01-00,hard,validation,clean,False,False,False
DOC-0062,legal_contract_DOC-0062.jpg,jpg,Legal Contract,"SYNTHETIC-JPG-IMAGE
# raster stand-in; OCR text follows
TITLE: Legal Contract
MASTER SERVICES AGREEMENT (SYNTHETIC)
This Agreement is made on 21-09-2024 between Meridian Textiles Pvt Ltd ('Provider') and Dev Gupta ('Client').
WHEREAS the parties wish to set out terms for professional services;

",296,83245dac682f8f041c58eb75c0d7deb9c34cbb88a82149970648a77dd770a59b,GRP-01-01,hard,train,sparse,False,False,False
DOC-0063,property_and_collateral_documents_0063.tiff,tiff,Legal Contract,"SYNTHETIC-TIFF-IMAGE
# raster stand-in; OCR text follows
TITLE: Legal Contract
MASTER SERVICES AGREEMENT (SYNTHETIC)
This Agreement is made on 26-07-2024 between Meridian Textiles Pvt Ltd ('Provider') and Sneha Reddy ('Client').
WHEREAS the parties wish to set out terms for professional services;

",299,8622b6563ec6fb61e339d0d044bed35e1fd50d0ada4381e2eb456d017a260cac,GRP-01-02,medium,train,sparse,False,False,True
DOC-0064,legal_contract_DOC-0064.png,png,Legal Contract,"SYNTHETIC-PNG-IMAGE
# raster stand-in; OCR text follows
TITLE: Legal Contract
MASTER SERVICES AGREEMENT (SYNT HETIC)
This Agreem3nt is ma de on 14-03-2024 between Meridian Textiles Pvt Ltd ('Provider') and Ananya Sharma ('Client').
WHEREAS the partie5 wish to set out terms for profe5sional services;
1. Scope of work as in Exhibit A.
2. F3es payable within 30 days of invoice.
3. Confidentiality and limi7ation of liability.
4. G overning law: India. Arbitrat ion in Bengaluru. 
This is a commercial contract, not a title or m0rtgag3 deed.

",542,484dbcdc7d083758855396b1b39387bc7444eb4769432952aeb04ecb1415cde1,GRP-01-03,medium,train,ocr,False,False,False
DOC-0065,legal_contract_DOC-0065.tiff,tiff,Legal Contract,"SYNTHETIC-TIFF-IMAGE
# raster stand-in; OCR text follows
TITLE: Legal Contract
MASTER SERVICES AGREEMENT (SYNTHETIC)
This Agreement is made on 05-09-2024 between Harborlight Logistics Ltd ('Provider') and Rahul Iyer ('Client').
WHEREAS the parties wish to set out terms for professional services;
1. Scope of work as in Exhibit A.
2. Fees payable within 30 days of invoice.
3. Confidentiality and limitation of liability.
4. Governing law: India. Arbitration in Kolkata.
This is a commercial contract, not a title or mortgage deed.

",533,572c4ac016782a66c4e61b94a5e1700b6534d8a1fc19c0dcf368e18da3ad0074,GRP-01-04,easy,test,clean,False,False,False
DOC-0066,property_and_collateral_documents_0066.pptx,pptx,Legal Contract,"# Slide 1: Legal Contract

# Slide 2
MASTER SERVICES AGREEMENT (SYNTHETIC)
This Agreement is made on 03-10-2024 between Nimbus Payments Pvt Ltd ('Provider') and Arjun Patel ('Client').
WHEREAS the parties wish to set out terms for professional services;
1. Scope of work as in Exhibit A.

# Slide 3
2. Fees payable within 30 days of invoice.
3. Confidentiality and limitation of liability.
4. Governing law: India. Arbitration in Hyderabad.
This is a commercial contract, not a title or mortgage deed.
",502,a35b90841fa585c7d7eb2c5601f18214a8542c63ce5d022544a4a47c7387f402,GRP-01-05,easy,train,clean,False,False,True
DOC-0067,legal_contract_DOC-0067.tiff,tiff,Legal Contract,"SYNTHETIC-TIFF-IMAGE
# raster stand-in; OCR text follows
TITLE: Legal Contract
MASTER SERVICES AGREEMENT (SYNTHETIC)
This Agreement is made on 06-07-2024 between Harborlight Logistics Ltd ('Provider') and Arjun Nair ('Client').
WHEREAS the parties wish to set out terms for professional services;
1. Scope of work as in Exhibit A.
2. Fees payable within 30 days of invoice.
3. Confidentiality and limitation of liability.
4. Governing law: India. Arbitration in Pune.

Schedule mention: premises at 71 Industrial Area, Ahmedabad 526908
Stamp duty and registration clause included by reference.
This is a commercial contract, not a title or mortgage deed.

",656,caf528fa029336cb55bf790eb8f7d6d532d44ec75affd047121ef1c9697017ac,GRP-01-06,hard,validation,clean,False,False,False
DOC-0068,legal_contract_DOC-0068.pdf,pdf,Legal Contract,"%PDF-1.4
% synthetic text-bearing stand-in
1 0 obj
<< /Title (Legal Contract) >>
stream
MASTER SERVICES AGREEMENT (SYNTHETIC)
This Agreement is made on 13-02-2024 between Nimbus Payments Pvt Ltd ('Provider') and Dev Patel ('Client').
WHEREAS the parties wish to set out terms for professional services;
1. Scope of work as in Exhibit A.
2. Fees payable within 30 days of invoice.
3. Confidentiality and limitation of liability.
4. Governing law: India. Arbitration in Kolkata.

Schedule mention: premises at 26 Residency, Hyderabad 541962
Stamp duty and registration clause included by reference.
This is a commercial contract, not a title or mortgage deed.

endstream
endobj
%%EOF
",682,053981ba6e171d8b23d1b1ff5dffe97717d9dfff6856723b89653da2679fef72,GRP-01-07,hard,test,clean,False,False,False
DOC-0069,legal_contract_DOC-0069.docx,docx,Legal Contract,"<?xml version='1.0' encoding='UTF-8'?>
<w:document>
<w:title>Legal Contract</w:title>
<w:body>MASTER SERVICES AGREEMENT (SYNTH ETIC)
This Agre3ment is made on 14-05-2024 between Nimbus Paymen ts Pvt Ltd ('Provider') and Sneha  Das ('C1ient').
W HEREAS the parties wish to 5et out 7erms for professional services;
1. Sc ope of work as in Exhibit A.
2. Fees payable within 30 days of invoice.
3. Confidentiality and limitation of liability.
4. Governing law: India. Arbitration in Hyd3rabad.
This is a commercial contract, not a tit1e or mortgage d33d.
</w:body>
</w:document>
",575,eb1ee1e52203b8a10650599259e12550548bc7fc2cdad7c657ecce583458fe89,GRP-01-08,medium,test,noisy,False,False,False
DOC-0070,legal_contract_DOC-0070.docx,docx,Legal Contract,"<?xml version='1.0' encoding='UTF-8'?>
<w:document>
<w:title>Legal Contract</w:title>
<w:body>MASTER SERVICES AGREEMENT (SYNTHETIC)
This Agreement is made on 16-07-2024 between Meridian Textiles Pvt Ltd ('Provider') and Isha Das ('Client').
WHEREAS the parties wish to set out terms for professional services;
</w:body>
</w:document>
",334,29a972b2f410e65fd724cd891b6448beae23be3f68a5c2ca9ea311625b9decfd,GRP-01-09,medium,train,sparse,False,False,False
DOC-0071,legal_contract_DOC-0071.tiff,tiff,Legal Contract,"SYNTHETIC-TIFF-IMAGE
# raster stand-in; OCR text follows
TITLE: Legal Contract
MASTER SERVICES AGREEMENT (SYNTHETIC)
This Agr3ement is made on 03-12-2024 between Harbor1ight Logistics Ltd ('Provider') and Vikram R3ddy ('Client').
WHEREAS t he parties wish to set out t erms for profession4l services;
1. Scope 0f work as  in Exhibit A.
2. Fee5 payab1e within 30 d4ys of invoice.
3. C onfidentiality 4nd limitation of liability.
4. Governing 1a w: I ndi a. Arbitrati0n in Mumbai.
This is a comm ercial c0ntract, not a title or mortgage  deed.
 
",544,15f3bb3012a6f06f78cb898afc3455db1924e225e9dcde177e652af2a293f385,GRP-01-10,medium,train,ocr,False,False,False
DOC-0072,legal_contract_DOC-0072.jpg,jpg,Legal Contract,"SYNTHETIC-JPG-IMAGE
# raster stand-in; OCR text follows
TITLE: Legal Contract
MASTER SERVICES AGREEMENT (SYNTHETIC)
This Agreement is made on 22-10-2024 between Nimbus Payments Pvt Ltd ('Provider') and Rahul Sharma ('Client').
WHEREAS the parties wish to set out terms for professional services;
1. Scope of work as in Exhibit A.
2. Fees payable within 30 days of invoice.
3. Confidentiality and limitation of liability.
4. Governing law: India. Arbitration in Delhi.
This is a commercial contract, not a title or mortgage deed.

",530,eb62c257778f3178da75b6de9bf6d5f6af9a04804f288aba3c571c8d07383772,GRP-01-11,easy,train,clean,False,False,False
DOC-0073,legal_contract_DOC-0073.docx,docx,Legal Contract,"<?xml version='1.0' encoding='UTF-8'?>
<w:document>
<w:title>Legal Contract</w:title>
<w:body>MASTER SERVICES AGREEMENT (SYNTHETIC)
This Agreemen t is made on 13-03-2024 betw3en Harbor light Logis7ics Ltd ('Provider') 4nd Rahul Menon ('Client').
WHEREAS the parties wish to set out 7erms for professiona1 services;
1. Scope 0f work as in Exhibit A.
2. Fees payable within 30 days  of invoice.
3. Confidentiality and limitation of liability.
4. Governing law: India. Arbitration in Hyderabad.
This is a commercial con7ract, not a titl3 0r mortgage deed.
</w:body>
</w:document>
",577,ecfc91546b6eb7d8b4d4f040ef39e0060b808a042229d093fb1807deb738eebd,GRP-01-12,medium,train,ocr,False,False,False
DOC-0074,legal_contract_DOC-0074.pdf,pdf,Legal Contract,"%PDF-1.4
% synthetic text-bearing stand-in
1 0 obj
<< /Title (Legal Contract) >>
stream
MASTER SERVICES AGREEMENT (SYNTHETIC)
This Agreement is made on 28-12-2024 between Harborlight Logistics Ltd ('Provider') and Rahul Patel ('Client').
WHEREAS the parties wish to set out terms for professional services;
1. Scope of work as in Exhibit A.
2. Fees payable within 30 days of invoice.
3. Confidentiality and limitation of liability.
4. Governing law: India. Arbitration in Mumbai.
This is a commercial contract, not a title or mortgage deed.

endstream
endobj
%%EOF
",565,9c61dbb0bd263b736da33f36acd29ed79c80c0eb4fa35c15989e67c30ba3f80d,GRP-01-13,easy,train,clean,False,False,False
DOC-0075,legal_contract_DOC-0075.pdf,pdf,Legal Contract,"%PDF-1.4
% synthetic text-bearing stand-in
1 0 obj
<< /Title (Legal Contract) >>
stream
MASTER SERVICES AGREEMENT (SYNTHETIC)
This Agreement is m4de on 04-04-2024 between Helios Manufacturing Pv7 Ltd ('Provider') and Fatima Gup ta ('Client').
WHEREAS the p4rties  wish to set out 7erms f0r pr0fessional services;
1. Sc0pe of work as in  Exhibit A.
2. Fees payable within 30 days of inv0ice.
3. Confidentiality and limitation of liability.
4. Governing law: India. Arbitr4tion in Pune.
This is a commercial contract, not a title or mortgage deed.

endstream
endobj
%%EOF
",570,e1a7af361778a5085f3c153b218d4566dc15d7a58346749112670bd0bbaa23fd,GRP-01-14,medium,validation,ocr,False,False,False
DOC-0076,legal_contract_DOC-0076.pdf,pdf,Legal Contract,"%PDF-1.4
% synthetic text-bearing stand-in
1 0 obj
<< /Title (Legal Contract) >>
stream
MASTER SERVICES AGREEMENT (SYNTHE TIC)
This Agre3ment is made on 15-09-2024 b3tween Harborlight Logistics Ltd ('Provider')  and Fatima Nair ('Client').
WH EREAS the parti3s wish to set out terms for professional services;
 1. Scope of w 0rk as in Exhibit A.
2. Fees payable within 30 day5 of invoice.
3 . Confide ntiality and limitation of li4bility.
4. Governing law: India. Arbitration in Mumbai.
This is a commercial contract, not a title or mortgage deed.

endstream
endobj
%%EOF
",572,2a1b3eb08aa81639b3be08aa3c04f9c63d2af3461186ed97efdd2bb91289bf72,GRP-01-15,medium,train,ocr,False,False,False
DOC-0077,property_and_collateral_documents_0077.pptx,pptx,Legal Contract,"# Slide 1: Legal Contract

# Slide 2
MASTE R SERVICE S AGREEMENT (SYNTHETIC) 
This Agreement is made on 25-03-2024 b3t w3en Cedar Grove Properties Ltd ('Provider') a nd Dev Gupta ('Client').
WHERE AS the parties wish to set out terms for professiona1 servic3s;
1. Scop3 of work  as in Ex hibit A.

# Slide 3
 2 . F ees payable within 30 days of invoice.
3. Confidentiality and 1i mita7ion of liability.
4. G0verning law: India. Arbitration in Hyderabad.
This is a commercial c0ntr4c7, not a title 0r mortgage deed.
",515,6dcdecbb2f3ed2c58db68ae55487bb77f73e1dddc3b2232af614ae4b2fc00155,GRP-01-16,medium,validation,noisy,False,False,True
DOC-0078,property_and_collateral_documents_0078.pdf,pdf,Legal Contract,"%PDF-1.4
% synthetic text-bearing stand-in
1 0 obj
<< /Title (Legal Contract) >>
stream
MASTER SERVICES AGREEMENT (SYNTHETIC)
This Agreement is made on 24-01-2024 between Helios Manufacturing Pvt Ltd ('Provider') and Kabir Das ('Client').
WHEREAS the parties wish to set out terms for professional services;
1. Scope of work as in Exhibit A.
2. Fees payable within 30 days of invoice.
3. Confidentiality and limitation of liability.
4. Governing law: India. Arbitration in Kolkata.
This is a commercial contract, not a title or mortgage deed.

endstream
endobj
%%EOF
",567,687509cde5143a53d4d3666bc865a84df3f36c4e5bc332f52aa53067f614524c,GRP-01-17,easy,train,clean,False,False,True
DOC-0079,property_and_collateral_documents_0079.msg,msg,Legal Contract,"From: records-noreply@synthetic.example
To: intake@lender.example
Subject: Legal Contract
MIME-Version: 1.0
Content-Type: text/plain; charset=UTF-8

MASTER SERVICES AGREEMENT (SYNTHETIC)
Thi s Agr eement is made on 23-04-2024 between Cedar Grove Properties Ltd ('Provider') and Rahul Menon ('Client').
WHE REAS 7he parties wi 5h to set ou7 terms for professional ser vices;
1. Scope of work as in E xhibit A.
2. Fees payable wi7hin 30 days of invoice.
3. Confidentiality an d 1imitation of liabili7y.
4. Gov3rning law: India. Arbi7rati0n in Mumbai.
This  is 4 commercia l contract, not a title or mortgage deed.

",613,2592db5d2ade4ccbdf12eb1218ffb28179a87f6bf6af7d3ac3332c1ca97d270c,GRP-01-18,medium,train,noisy,False,False,True
DOC-0080,legal_contract_DOC-0080.xlsx,xlsx,Legal Contract,"title,Legal Contract
r0,MASTER SERVICES AGREEMENT (SYNTHETIC)
r1,This Agreement is made on 10-12-2024 between Meridian Textiles Pvt Ltd ('Provider') and Fatima Joshi ('Client').
r2,WHEREAS the parties wish to set out terms for professional services;
r3,1. Scope of work as in Exhibit A.
r4,2. Fees payable within 30 days of invoice.
r5,3. Confidentiality and limitation of liability.
r6,4. Governing law: India. Arbitration in Mumbai.
r7,This is a commercial contract; not a title or mortgage deed.
",499,5e312fc389eb5cec743ec5617f5c9c6926e7cb22e9a86137fa55f1fb71c61aa1,GRP-01-19,easy,train,clean,False,False,False
DOC-0081,legal_contract_DOC-0081.jpg,jpg,Legal Contract,"SYNTHETIC-JPG-IMAGE
# raster stand-in; OCR text follows
TITLE: Legal Contract
MASTER SERVICES AGREEMENT (SYNTHETIC)
This Agreement is made on 25-05-2024 between Nimbus Payments Pvt Ltd ('Provider') and Fatima Patel ('Client').
WHEREAS the parties wish to set out terms for professional services;
1. Scope of work as in Exhibit A.
2. Fees payable within 30 days of invoice.
3. Confidentiality and limitation of liability.
4. Governing law: India. Arbitration in Ahmedabad.

Schedule mention: premises at 18 Industrial Area, Mumbai 543763
Stamp duty and registration clause included by reference.
This is a commercial contract, not a title or mortgage deed.

",657,550d4491220abe3605b3430838836f2a5c68ab379fefd7c3194f7b69518801c0,GRP-01-20,hard,train,clean,False,False,False
DOC-0082,legal_contract_DOC-0082.tiff,tiff,Legal Contract,"SYNTHETIC-TIFF-IMAGE
# raster stand-in; OCR text follows
TITLE: Legal Contract
MASTER SERVICES AGREEMENT (SYNTHETIC)
This Agreement is made on 01-10-2024 between Nimbus Payments Pvt Ltd ('Provider') and Vikram Reddy ('Client').
WHEREAS the parties wish to set out terms for professional services;
1. Scope of work as in Exhibit A.
2. Fees payable within 30 days of invoice.
3. Confidentiality and limitation of liability.
4. Governing law: India. Arbitration in Chennai.

Schedule mention: premises at 66 MG Road, Ahmedabad 445440
Stamp duty and registration clause included by reference.
This is a commercial contract, not a title or mortgage deed.

",651,64efb1953fa653008d4eb4a96237e3e913c5804543755beb50bfeadfba55c633,GRP-01-21,hard,train,clean,False,False,False
DOC-0083,legal_contract_DOC-0083.pdf,pdf,Legal Contract,"%PDF-1.4
% synthetic text-bearing stand-in
1 0 obj
<< /Title (Legal Contract) >>
stream
MASTER SERVICES AGREEMENT (SYNTHETIC)
This Agreement is made on 20-06-2024 between Harborlight Logistics Ltd ('Provider') and Isha Menon ('Client').
WHEREAS the parties wish to set out terms for professional services;
1. Scope of work as in Exhibit A.
2. Fees payable within 30 days of invoice.
3. Confidentiality and limitation of liability.
4. Governing law: India. Arbitration in Ahmedabad.

Schedule mention: premises at 28 Lake View, Hyderabad 553530
Stamp duty and registration clause included by reference.
This is a commercial contract, not a title or mortgage deed.

endstream
endobj
%%EOF
",687,2387c9952e9e613e36f406be239e85cc50248cf56d176539e1ed20da8d61e4ac,GRP-01-22,hard,validation,clean,False,False,False
DOC-0084,legal_contract_DOC-0084.tiff,tiff,Legal Contract,"SYNTHETIC-TIFF-IMAGE
# raster stand-in; OCR text follows
TITLE: Legal Contract
MASTER SERVICES AGREEMENT (SYNTHETIC)
This Agreement is made on 11-02-2024 between  Nimbus Payments Pvt Ltd ('Provider') and Ana nya Nair ('Cli3nt').
WHEREAS the parties wish to set out  7erms for profe ssiona1 servic3s; 
1. Scope of w ork as in Exhibi7 A.
2. Fees payable within 30 days of invoice.
3. Confidentiality and limitation of liabili7y.
4. Governing law: India. Arbitration in Beng41uru.
This is a commerci4l con7ract, not a ti7le or mortgage deed .

",541,98fa843c2db20a41c13e8a171cf8ca3f97bc078ddf71f4fb48f5e97de95b97ca,GRP-01-23,medium,train,ocr,False,False,False
DOC-0085,legal_contract_DOC-0085.pdf,pdf,Legal Contract,"%PDF-1.4
% synthetic text-bearing stand-in
1 0 obj
<< /Title (Legal Contract) >>
stream
MASTER SERVICES AGREEMENT (SYNTHETIC)
This Agreement is made on 07-03-2024 between Harborlight Logistics Ltd ('Provider') and Isha Iyer ('Client').
WHEREAS the parties wish to set out terms for professional services;
1. Scope of work as in Exhibit A.
2. Fees payable within 30 days of invoice.
3. Confidentiality and limitation of liability.
4. Governing law: India. Arbitration in Pune.

Schedule mention: premises at 55 MG Road, Mumbai 481505
Stamp duty and registration clause included by reference.
This is a commercial contract, not a title or mortgage deed.

endstream
endobj
%%EOF
",676,9b48580b1b5c7a0294483bda9d685462a08b7650d3bcebc1ed9bdf7c088643c1,GRP-01-24,hard,train,clean,False,False,False
DOC-0086,legal_contract_DOC-0086.jpg,jpg,Legal Contract,"SYNTHETIC-JPG-IMAGE
# raster stand-in; OCR text follows
TITLE: Legal Contract
MASTER SERVICES AGR EEMENT (SYNTHETIC)
This Agreement is made on 13-10-2024 between Nimbus Payments Pvt Ltd ('P r0vider') and Vikram Me non ('Client' ).
WHEREAS the p4rties wis h to set 0ut terms for professi0nal  se rvices;
1. Scope of work as in Exhibit A.
2. Fees payable within 3 0 days of inv0ice.
3. Confidentia1ity and limita7ion of  liability.
4. Governin g law: Indi4. Arbitration  in  Ahmed4bad.
This  is a commercia1 contract, not a t i tle or mortgage deed.

",549,b6a7384f5f4ea219d2ba92f45bac2b77ec8bde10a3b8a39529936a6d0cdea56d,GRP-01-25,medium,test,noisy,False,False,False
DOC-0087,legal_contract_DOC-0087.jpg,jpg,Legal Contract,"SYNTHETIC-JPG-IMAGE
# raster stand-in; OCR text follows
TITLE: Legal Contract
MASTER SERVICES AGREEMENT (SYNTHETIC)
This Agreement is made on 28-06-2024 between Cedar Grove Properties Ltd ('Provider') and Fatima Gupta ('Client').
WHEREAS the parties wish to set out terms for professional services;
1. Scope of work as in Exhibit A.
2. Fees payable within 30 days of invoice.
3. Confidentiality and limitation of liability.
4. Governing law: India. Arbitration in Ahmedabad.
This is a commercial contract, not a title or mortgage deed.

",537,e03f9828e8982641105ed22b4aa34f1f7714ba3116644d5cb029d7f3f3e2060f,GRP-01-26,easy,train,clean,False,False,False
DOC-0088,legal_contract_DOC-0088.png,png,Legal Contract,"SYNTHETIC-PNG-IMAGE
# raster stand-in; OCR text follows
TITLE: Legal Contract
MASTER SERVICES AGREEMENT (SYNTHETIC)
 This Agreement is made on 13-10-2024 between Cedar Grov e Pr operties Ltd ('Provider') and Ananya Das ('C lient').
WHEREAS the parties wi5h to set out terms for professional services;
1. Scope of work as in Exhibit A.
2. Fees payable within 30 days of invoice.
3. Confidentiality and limitation of liability.
4. Governing l4w: India. Arbitration in Ahmedab4d.
This is a commercial contr4ct, not a title or mortgage deed.

",539,77167ebeff1b42d898af490f211b67022fe9256639eb1548d94518070c4ff9c6,GRP-01-27,medium,train,ocr,False,False,False
DOC-0089,property_and_collateral_documents_0089.tiff,tiff,Legal Contract,"SYNTHETIC-TIFF-IMAGE
# raster stand-in; OCR text follows
TITLE: Legal Contract
MASTER SERVICES AGREEMENT ( SYNTHETIC)
This Agreement is m4de on 25-01-2024 between Helios Manufacturing Pvt Ltd ('Provider') and  Arjun Sharma ('C1ien 7').
WHEREAS the parties w i5h t0 s3t out terms for professiona1 services;
1. Scop e of work as in Exhibit A.
2. Fees payab13 within 30 days of invoice.
3. Confidentiali7y an d limit4tion of li4bility.
4. Governin9 law: India. Arbitration in Kolkata.
This is a c0mmercial contract, not  a ti7le or mortgage deed.

",545,07a7cfa8c58f16fbe3a37e473e5b8b5e09d8b27d14e5dc7f11fa22dc8370fba3,GRP-01-28,medium,train,noisy,False,False,True
DOC-0090,legal_contract_DOC-0090.docx,docx,Legal Contract,"<?xml version='1.0' encoding='UTF-8'?>
<w:document>
<w:title>Legal Contract</w:title>
<w:body>MASTER SERVICES AGREEMENT (SYNTHETIC)
This Agreement is made on 22-07-2024 between Helios Manufacturing Pvt Ltd ('Provider') and Sneha Menon ('Client').
WHEREAS the parties wish to set out terms for professional services;
1. Scope of work as in Exhibit A.
2. Fees payable within 30 days of invoice.
3. Confidentiality and limitation of liability.
4. Governing law: India. Arbitration in Pune.
This is a commercial contract, not a title or mortgage deed.
</w:body>
</w:document>
",572,a8eff00dae76e236245547858d7d89c21b7ce1bd97d00a5a5bd2e769a4dad6db,GRP-01-29,easy,train,clean,False,False,False
DOC-0091,legal_contract_DOC-0091.tiff,tiff,Legal Contract,"SYNTHETIC-TIFF-IMAGE
# raster stand-in; OCR text follows
TITLE: Legal Contract
MASTER SERVICES AGREEMENT (SYNTHETIC)
This Agreement is made on 02-09-2024 between Harborlight Logistics Ltd ('Provider') and Ananya Patel ('Client').
WHEREAS the parties wish to set out terms for professional services;
1. Scope of work as in Exhibit A.
2. Fees payable within 30 days of invoice.
3. Confidentiality and limitation of liability.
4. Governing law: India. Arbitration in Mumbai.

Schedule mention: premises at 167 Lake View, Delhi 493458
Stamp duty and registration clause included by reference.
This is a commercial contract, not a title or mortgage deed.

",651,515bfd234389b542b67dc21e28c26c90f65dff47cc0e0bb124e0e01e5578ff84,GRP-01-30,hard,train,clean,False,False,False
DOC-0092,legal_contract_DOC-0092.pdf,pdf,Legal Contract,"%PDF-1.4
% synthetic text-bearing stand-in
1 0 obj
<< /Title (Legal Contract) >>
stream
MASTER SERVICES AGREEMENT ( SYNTHETIC)
This A9reement is m4de on 08-11- 2024 betw3en N imbu s Payments Pvt Ltd ('Pr0vider') and Vikram Reddy ('Client').
WHEREAS the par7ies wish to s3t out terms for professional services;
1. Sc ope o f work as in Exhibit A.
2. Fees p ayable within 30 days of invoice.
3. Confidenti4lity and limitation of liabi1ity.
4. Governing law: India. Arbitration in Hyderabad.

Schedule mention:  premise5 at 131 Industrial Area, De lhi 527394
Sta mp duty and registration clau se included by r3ference.
This is a  commercial c ontract, not a title 0r mor tgag e d3ed.

endstream
endobj
%%EOF
",705,d0b80fc036ff4c4cdfdcbc7298d296ce8772f25267f2dc9e04cd4f1f50a8b347,GRP-01-31,hard,train,noisy,False,False,False
DOC-0093,legal_contract_DOC-0093.pdf,pdf,Legal Contract,"%PDF-1.4
% synthetic text-bearing stand-in
1 0 obj
<< /Title (Legal Contract) >>
stream
MASTER SERVICES AGREEMENT (SYNTHETIC)
This Agreement is made on 19-05-2024 between Helios Manufacturing Pvt Ltd ('Provider') and Meera Sharma ('Client').
WHEREAS the parties wish to set out terms for professional services;
1. Scope of work as in Exhibit A.
2. Fees payable within 30 days of invoice.
3. Confidentiality and limitation of liability.
4. Governing law: India. Arbitration in Mumbai.
This is a commercial contract, not a title or mortgage deed.

endstream
endobj
%%EOF
",569,ad70a0d1b72eb428c5c8c6d6d15100458b30ca08454ad532042bf6e93cd8ecdd,GRP-01-32,easy,validation,clean,False,False,False
DOC-0094,legal_contract_DOC-0094.docx,docx,Legal Contract,"<?xml version='1.0' encoding='UTF-8'?>
<w:document>
<w:title>Legal Contract</w:title>
<w:body>MASTER SERVICES AGREEMENT (SYNTHETIC)
This Agreement is made on 24-10-2024 between Harborlight Logistics Ltd ('Provider') and Vikram Das ('Client').
WHEREAS the parties wish to set out terms for professional services;
</w:body>
</w:document>
",336,26b693224c8926e74ba65574dba5739bb15599fedff2112b64b1e34f74809410,GRP-01-33,medium,train,sparse,False,False,False
DOC-0095,legal_contract_DOC-0095.jpg,jpg,Legal Contract,"SYNTHETIC-JPG-IMAGE
# raster stand-in; OCR text follows
TITLE: Legal Contract
MASTER SERVICES AGREEMENT (SYNTHETIC)
This Agreement is made on 04-08-2024 between Nimbus Payments Pvt Ltd ('Provider') and Rahul Iyer ('Client').
WHEREAS the parties wish to set out terms for professional services;
1. Scope of work as in Exhibit A.
2. Fees payable within 30 days of invoice.
3. Confidentiality and limitation of liability.
4. Governing law: India. Arbitration in Ahmedabad.
This is a commercial contract, not a title or mortgage deed.

",532,ae5e798b05810e8d132d2993c76172a3a2185a98c5a72d375efc44891d0d2be2,GRP-01-34,easy,train,clean,False,False,False
DOC-0096,legal_contract_DOC-0096.pdf,pdf,Legal Contract,"%PDF-1.4
% synthetic text-bearing stand-in
1 0 obj
<< /Title (Legal Contract) >>
stream
MASTER SERVICES AGREEMENT (SYNTHETIC)
This Agreement is made on 26-03-2024 between Cedar Grove Properties Ltd ('Provider') and Arjun Patel ('Client').
WHEREAS the parties wish to set out terms for professional services;
1. Scope of work as in Exhibit A.
2. Fees payable within 30 days of invoice.
3. Confidentiality and limitation of liability.
4. Governing law: India. Arbitration in Pune.
This is a commercial contract, not a title or mortgage deed.

endstream
endobj
%%EOF
",564,44ac8e6a3d67c8c2560334834b5ac22c72697235a9bfcef14c0e36a5320991b2,GRP-01-35,easy,train,clean,False,False,False
DOC-0097,legal_contract_DOC-0097.jpg,jpg,Legal Contract,"SYNTHETIC-JPG-IMAGE
# raster stand-in; OCR text follows
TITLE: Legal Contract
MASTER SERVICES AGREEMENT (SYNTHETIC)
This Agreement is made on 24-05-2024 between Cedar Grove Properties Ltd ('Provider') and Fatima Joshi ('Client').
WHEREAS the parties wish to set out terms for professional services;

",300,03f9de525debc23a1449e60689f71248f80567bba8988f60c760c0bd70fd3919,GRP-01-36,medium,test,sparse,False,False,False
DOC-0098,legal_contract_DOC-0098.tiff,tiff,Legal Contract,"SYNTHETIC-TIFF-IMAGE
# raster stand-in; OCR text follows
TITLE: Legal Contract
MASTER SERVICES AGREEMENT (SYNTHETIC)
This Agreement is made on 27-07-2024 between Nimbus Payments Pvt Ltd ('Provider') and Isha Nair ('Client').
WHEREAS the parties wish to set 0ut terms for professional ser vices;
1. Scope of work as in Exhibit A.
2. Fees pa yable within 30 days of invoice.
3. Confidentiality and limitation of liability.
4. Governing law: India. Arbi7ration in Bengaluru.
This is a commercial contrac7, not  a title or m0rt gage deed.

",536,5ef30b21067773d06ee3c44c2b1e449e208e6151d25a00e31b29fd8817774780,GRP-01-37,medium,test,ocr,False,False,False
DOC-0099,legal_contract_DOC-0099.png,png,Legal Contract,"SYNTHETIC-PNG-IMAGE
# raster stand-in; OCR text follows
TITLE: Legal Contract
MASTER SERVICES AGREEMENT (SYNTHETIC)
This Agreement is made on 07-11-2024 between Nimbus Payments Pvt Ltd ('Provider') and Sneha Joshi ('Client').
WHEREAS the parties wish to set out terms for professional services;
1. Scope of work as in Exhibit A.
2. Fees payable within 30 days of invoice.
3. Confidentiality and limitation of liability.
4. Governing law: India. Arbitration in Kolkata.

Schedule mention: premises at 114 MG Road, Ahmedabad 521984
Stamp duty and registration clause included by reference.
This is a commercial contract, not a title or mortgage deed.

",650,09e5e03ffd778fcc398be55dbacbc149235ff72ea164c8f22879352fb5f661a4,GRP-01-38,hard,train,clean,False,False,False
DOC-0100,property_and_collateral_documents_0100.docx,docx,Legal Contract,"<?xml version='1.0' encoding='UTF-8'?>
<w:document>
<w:title>Legal Contract</w:title>
<w:body>MASTER SERVICES AGREEMENT (SYNTHETIC)
This Agreement is made on 23-02-2024 between Cedar Grove Properties Ltd ('Provider') and Rahul Khan ('Client').
WHEREAS the parties wish to set out terms for professional services;
1. Scope of work as in Exhibit A.
2. Fees payable within 30 days of invoice.
3. Confidentiality and limitation of liability.
4. Governing law: India. Arbitration in Ahmedabad.
This is a commercial contract, not a title or mortgage deed.
</w:body>
</w:document>
",574,26cb88f2e345702f741096bbe9279958112d070310f4231c8aded6838f57c461,GRP-01-39,easy,train,clean,False,False,True
DOC-0101,legal_contract_DOC-0101.xlsx,xlsx,Legal Contract,"title,Legal Contract
r0,MASTER SERVICES AGREEMENT (SYNTHETIC)
r1,This Agreement is made on 22-08-2024 between Cedar Grove Properties Ltd ('Provider') and Rahul Reddy ('Client').
r2,WHEREAS the parties wish to set out terms for professional services;
r3,1. Scope of work as in Exhibit A.
r4,2. Fees payable within 30 days of invoice.
r5,3. Confidentiality and limitation of liability.
r6,4. Governing law: India. Arbitration in Kolkata.
r7,This is a commercial contract; not a title or mortgage deed.
",500,3003d614c0b0b893ac2f78280e7e18e9e1edf03fabdb525f93921af95dc87c0a,GRP-01-40,easy,train,clean,False,False,False
DOC-0102,legal_contract_DOC-0102.pdf,pdf,Legal Contract,"%PDF-1.4
% synthetic text-bearing stand-in
1 0 obj
<< /Title (Legal Contract) >>
stream
MASTER SERVICES AGREEMENT (SYNTHETIC)
This Agreement is made on 26-03-2024 between Helios Manufacturing Pvt Ltd ('Provider') and Arjun Sharma ('Client').
WHEREAS the parties wish to set out terms for professional services;

endstream
endobj
%%EOF
",335,c27759a6e18bf36fdd8bce4d041ddcbe3602a3b7f8aa3b9cc7fac443f96985eb,GRP-01-41,medium,train,sparse,False,False,False
DOC-0103,legal_contract_DOC-0103.pdf,pdf,Legal Contract,"%PDF-1.4
% synthetic text-bearing stand-in
1 0 obj
<< /Title (Legal Contract) >>
stream
MASTER SERVICES AGREEMENT (SYNTHETIC)
This Agreement is made on 21-06-2024 between Meridian Textiles Pvt Ltd ('Provider') and Fatima Reddy ('Client').
WHEREAS the parties wish to set out terms for professional services;
1. Scope of work as in Exhibit A.
2. Fees payable within 30 days of invoice.
3. Confidentiality and limitation of liability.
4. Governing law: India. Arbitration in Hyderabad.

Schedule mention: premises at 166 MG Road, Bengaluru 493743
Stamp duty and registration clause included by reference.
This is a commercial contract, not a title or mortgage deed.

endstream
endobj
%%EOF
",688,26da723e158af789c9fe108fb51c62701f2d49e1ab73693ddcf79ff6890ef783,GRP-01-42,hard,train,clean,False,False,False
DOC-0104,property_and_collateral_documents_0104.jpg,jpg,Legal Contract,"SYNTHETIC-JPG-IMAGE
# raster stand-in; OCR text follows
TITLE: Legal Contract
MASTER SERVICES AGREEMENT (SYNTHETIC)
This Agreement is made on 05-02-2024 between Helios Manufacturing Pvt Ltd ('Provider') and Fatima Patel ('Client').
WHEREAS the parties wish to set out terms for professional services;
1. Scope of work as in Exhibit A.
2. Fees payable within 30 days of invoice.
3. Confidentiality and limitation of liability.
4. Governing law: India. Arbitration in Delhi.
This is a commercial contract, not a title or mortgage deed.

",535,eeeea5732a9834d8f94cd0ae86bfa005505164e2e32172d8c5e4b3e9c58ba19e,GRP-01-43,easy,train,clean,False,False,True
DOC-0105,legal_contract_DOC-0105.xlsx,xlsx,Legal Contract,"title,Legal Contract
r0,MASTER SERVICES AGREEMENT (SYNTHETIC)
r1,This Agreement is made on 25-03-2024 between Meridian Textiles Pvt Ltd ('Provider') and Fatima Das ('Client').
r2,WHEREAS the parties wish to set out terms for professional services;
r3,1. Scope of work as in Exhibit A.
r4,2. Fees payable within 30 days of invoice.
r5,3. Confidentiality and limitation of liability.
r6,4. Governing law: India. Arbitration in Bengaluru.
r8,Schedule mention: premises at 173 Lake View; Kolkata 558537
r9,Stamp duty and registration clause included by reference.
r10,This is a commercial contract; not a title or mortgage deed.
",625,557dbbce3e15ce8a75645d3b4ae0024ab8c065f3e07fa9fe1d3369cfe47acc1c,GRP-01-00,hard,validation,clean,True,False,False
DOC-0106,legal_contract_DOC-0106.jpg,jpg,Legal Contract,"SYNTHETIC-JPG-IMAGE
# raster stand-in; OCR text follows
TITLE: Legal Contract
MASTER SERVICES AGREEMENT (SYNTHETIC)
This Agreement is made on 21-09-2024 between Meridian Textiles Pvt Ltd ('Provider') and Dev Gupta ('Client').
WHEREAS the parties wish to set out terms for professional services;

",296,83245dac682f8f041c58eb75c0d7deb9c34cbb88a82149970648a77dd770a59b,GRP-01-01,hard,train,sparse,True,False,False
DOC-0107,legal_contract_DOC-0107.tiff,tiff,Legal Contract,"SYNTHETIC-TIFF-IMAGE
# raster stand-in; OCR text follows
TITLE: Legal Contract
MASTER SERVICES AGREEMENT (SYNTHETIC)
This Agreement is made on 26-07-2024 between Meridian Textiles Pvt Ltd ('Provider') and Sneha Reddy ('Client').
WHEREAS the parties wish to set out terms for professional services;

",299,8622b6563ec6fb61e339d0d044bed35e1fd50d0ada4381e2eb456d017a260cac,GRP-01-02,medium,train,sparse,True,False,False
DOC-0108,legal_contract_DOC-0108.png,png,Legal Contract,"SYNTHETIC-PNG-IMAGE
# raster stand-in; OCR text follows
TITLE: Legal Contract
MASTER SERVICES AGREEMENT (SYNT HETIC)
This Agreem3nt is ma de on 14-03-2024 between Meridian Textiles Pvt Ltd ('Provider') and Ananya Sharma ('Client').
WHEREAS the partie5 wish to set out terms for profe5sional services;
1. Scope of work as in Exhibit A.
2. F3es payable within 30 days of invoice.
3. Confidentiality and limi7ation of liability.
4. G overning law: India. Arbitrat ion in Bengaluru. 
This is a commercial contract, not a title or m0rtgag3 deed.

",542,484dbcdc7d083758855396b1b39387bc7444eb4769432952aeb04ecb1415cde1,GRP-01-03,medium,train,ocr,True,False,False
DOC-0109,legal_contract_DOC-0109.tiff,tiff,Legal Contract,"SYNTHETIC-TIFF-IMAGE
# raster stand-in; OCR text follows
TITLE: Legal Contract
MASTER SERVICES AGREEMENT (SYNTHETIC)
This Agreement is made on 05-09-2024 between Harborlight Logistics Ltd ('Provider') and Rahul Iyer ('Client').
WHEREAS the parties wish to set out terms for professional services;
1. Scope of work as in Exhibit A.
2. Fees payable within 30 days of invoice.
3. Confidentiality and limitation of liability.
4. Governing law: India. Arbitration in Kolkata.
This is a commercial contract, not a title or mortgage deed.

",533,572c4ac016782a66c4e61b94a5e1700b6534d8a1fc19c0dcf368e18da3ad0074,GRP-01-04,easy,test,clean,True,False,False
DOC-0110,legal_contract_DOC-0110.pptx,pptx,Legal Contract,"# Slide 1: Legal Contract

# Slide 2
MASTER SERVICES AGREEMENT (SYNTHETIC)
This Agreement is made on 03-10-2024 between Nimbus Payments Pvt Ltd ('Provider') and Arjun Patel ('Client').
WHEREAS the parties wish to set out terms for professional services;
1. Scope of work as in Exhibit A.

# Slide 3
2. Fees payable within 30 days of invoice.
3. Confidentiality and limitation of liability.
4. Governing law: India. Arbitration in Hyderabad.
This is a commercial contract, not a title or mortgage deed.
",502,a35b90841fa585c7d7eb2c5601f18214a8542c63ce5d022544a4a47c7387f402,GRP-01-05,easy,train,clean,True,False,False
DOC-0111,legal_contract_DOC-0111.tiff,tiff,Legal Contract,"SYNTHETIC-TIFF-IMAGE
# raster stand-in; OCR text follows
TITLE: Legal Contract
MASTER SERVICES AGREEMENT (SYNTHETIC)
This Agreement is made on 06-07-2024 between Harborlight Logistics Ltd ('Provider') and Arjun Nair ('Client').
WHEREAS the parties wish to set out terms for professional services;
1. Scope of work as in Exhibit A.
2. Fees payable within 30 days of invoice.
3. Confidentiality and limitation of liability.
4. Governing law: India. Arbitration in Pune.

Schedule mention: premises at 71 Industrial Area, Ahmedabad 526908
Stamp duty and registration clause included by reference.
This is a commercial contract, not a title or mortgage deed.

",656,caf528fa029336cb55bf790eb8f7d6d532d44ec75affd047121ef1c9697017ac,GRP-01-06,hard,validation,clean,True,False,False
DOC-0112,legal_contract_DOC-0112.pdf,pdf,Legal Contract,"%PDF-1.4
% synthetic text-bearing stand-in
1 0 obj
<< /Title (Legal Contract) >>
stream
MASTER SERVICES AGREEMENT (SYNTHETIC)
This Agreement is made on 13-02-2024 between Nimbus Payments Pvt Ltd ('Provider') and Dev Patel ('Client').
WHEREAS the parties wish to set out terms for professional services;
1. Scope of work as in Exhibit A.
2. Fees payable within 30 days of invoice.
3. Confidentiality and limitation of liability.
4. Governing law: India. Arbitration in Kolkata.

Schedule mention: premises at 26 Residency, Hyderabad 541962
Stamp duty and registration clause included by reference.
This is a commercial contract, not a title or mortgage deed.

endstream
endobj
%%EOF
",682,053981ba6e171d8b23d1b1ff5dffe97717d9dfff6856723b89653da2679fef72,GRP-01-07,hard,test,clean,True,False,False
DOC-0113,legal_contract_DOC-0113.docx,docx,Legal Contract,"<?xml version='1.0' encoding='UTF-8'?>
<w:document>
<w:title>Legal Contract</w:title>
<w:body>MASTER SERVICES AGREEMENT (SYNTH ETIC)
This Agre3m3nt is made on 14-05-2024 between Nimbus Paymen ts Pvt Ltd ('Provider') and Sneha  Das ('C1ient').
W HEREAS the parties wish to 5et out 7erms for professional serv ices;
1. Sc ope of work as in Exhibit A.
2. Fees payable within  30 days of invoice.
3. Confidentiality and limitation of liability.
4. Governing law: India. Arbitration in Hyd3rabad.
This is a commercial contract, not a tit1e 0r mortg age d33d.

[rescanned copy; low-resolution archive]
</w:body>
</w:document>
",620,81fc2f227985fa1fcf6ff86de6241cbeee5ba75baca8cbbaa9e44cb2f1ccf9d1,GRP-01-08,medium,test,ocr,False,True,False
DOC-0114,legal_contract_DOC-0114.docx,docx,Legal Contract,"<?xml version='1.0' encoding='UTF-8'?>
<w:document>
<w:title>Legal Contract</w:title>
<w:body>MASTER SERVICES AGREEMENT (SYNTHETIC)
This Agreement is made o n 16-07-2024 between M3ridian Textiles Pvt Ltd ('Provider' ) and Isha Das ('Client').
WHEREAS the parties wish to set out terms for professional services;

[rescanned copy; low-resolution archive]
</w:body>
</w:document>
",378,3d3a02e7e819e4eeb1de03711e621664638bd82cf14df1a83dc7c95010210617,GRP-01-09,medium,train,ocr,False,True,False
DOC-0115,legal_contract_DOC-0115.tiff,tiff,Legal Contract,"SYNTHETIC-TIFF-IMAGE
# raster stand-in; OCR text follows
TITLE: Legal Contract
MASTER SERVIC ES AGREEMENT (SYNTHETIC)
This Agr3ement is made on 03- 12-2024 betwe3n Harbor1ight Logistics Ltd ('Provider') and Vikram R3ddy ('Client').
WHEREAS t he parties wish to set ou7 t 3rms for professi on4l service5;
1. Scope 0f work as  in Exhibit A.
2. Fee 5 payab1e within 30 d4ys of invoice.
3. C onfidentiality 4nd limitation of liability.
4. G0verning 1a w: I ndi a. Arbitrati0n in Mumbai.
This is a comm ercial c0ntract, not a title  or mortgage  deed.
 
[rescanned copy; low-resolution archive]

",591,166ec511e492d5d1c5171957db47cd647450fd88400e2bf59fce95a2f72f11a0,GRP-01-10,medium,train,ocr,False,True,False
DOC-0116,legal_contract_DOC-0116.jpg,jpg,Legal Contract,"SYNTHETIC-JPG-IMAGE
# raster stand-in; OCR text follows
TITLE: Legal Contract
MASTER  SERVICES AGREEMENT (SYNT HETIC)
This Agreement is made on 22-10-2024 between Nimbus Payments Pvt Ltd ('Provider') and Rahul Sharma ('Client').
WHEREAS the parties wi5h to set out terms f0r professional services;
1. Scop3 of work as in Exhibit A.
2. Fees payable within 30 days of invoice.
3. Confidentiality and limitation of liability.
4. Governing law: India . Arbitration in Delhi.
This is a commercial contract, not a title or mortgage deed.

[rescanned copy; low-resolution archive]

",575,86c8756a38e2e4a9bc58c4bb70bda2be2d9c6ea418f94ec1ca4aee658954127e,GRP-01-11,medium,train,ocr,False,True,False
DOC-0117,legal_contract_DOC-0117.docx,docx,Legal Contract,"<?xml version='1.0' encoding='UTF-8'?>
<w:document>
<w:title>Legal Contract</w:title>
<w:body>MASTER SERVICES AGREEMENT (SYNTHETIC)
This Agreemen t is made on 13-03-2024 betw3en H4rbor light Logis7ics Ltd ('Provider') 4nd Rahul Menon ('Client').
WHEREAS the parties wish t o s3t out  7erms for professiona1 services;
1. Scope 0f work a5 in Exhibit A.
2. Fees payable within 30 days  of invoice.
3. C0nfidentiality and limitation of liability.
4. Governing law: India. Arbitration in Hyderabad.
This is a commercial c0n7ract, not a 7itl3 0r m0rtgage deed.

[rescanned copy; low-resolution archive]
</w:body>
</w:document>
",621,2c39c449bbd97e37a842a3108b3ede2caf778401ce8fce8caf3bd59dcc3f0fa3,GRP-01-12,medium,train,ocr,False,True,False
DOC-0118,legal_contract_DOC-0118.pdf,pdf,Legal Contract,"%PDF-1.4
% synthetic text-bearing stand-in
1 0 obj
<< /Title (Legal Contract) >>
stream
MASTER SERVICES AGREEMENT (SYNTHETIC)
This Agreement is made on 28-12-2024 between H4rborlight Logistics Ltd ('Provider') and Rahul Patel ('Client').
WHEREAS the parties wish to set out terms for professional service5;
1. Scope of work as in Exhibit A.
2. Fees payable within 30 days of invoice .
3. Confidentiality and limitation of liability.
4. Governing law: India. Arbi tration in Mumbai.
This i s a c0mmercial con tract, not a title or mortgage deed.

[rescanned copy; low-resolution archive]

endstream
endobj
%%EOF
",611,12d74ca737584261f57d1e5aa12996d50a1d18f6a59115904abbae32f7b581af,GRP-01-13,medium,train,ocr,False,True,False
DOC-0119,legal_contract_DOC-0119.pdf,pdf,Legal Contract,"%PDF-1.4
% synthetic text-bearing stand-in
1 0 obj
<< /Title (Legal Contract) >>
stream
MASTER SERVICES AGREEMENT (SYNTHETIC)
This Agreement is m4de on 04-04-2024 between Helios Manufacturing Pv7 Ltd ('Provid3r') and Fatim4 Gup ta ('Client').
WHEREAS the p4rties  wish to set 0ut 7erms f0r pr0fessional services;
1. Sc0pe of work a s in  Exhibit A.
2. Fees payable within 30 days of inv0ice.
3. Confidentiality and limitation of liabili7y.
4. Governing law: India. Arbitr4tion in Pune.
This is a commercial con7ract, not a title or mortgage deed.

[rescanned copy; low-resolution archive]

endstream
endobj
%%EOF
",613,ce1846c336582c1b4b05b0d3ee309ce1fe03b3e41b7f1bb9c496422e6856db92,GRP-01-14,medium,validation,ocr,False,True,False
DOC-0120,legal_contract_DOC-0120.pdf,pdf,Legal Contract,"%PDF-1.4
% synthetic text-bearing stand-in
1 0 obj
<< /Title (Legal Contract) >>
stream
MASTER SERVICES AGREEMENT (SYNTHE TIC)
This Agre3ment is made on 15-09-2024 b3tween Harborlight L0gistics Ltd ('Provider')  and Fatima Nair ('Cli ent').
WH EREAS the parti3s wish to set out t3rms for professional services;
 1. Scope of w 0rk as in Exhibit A.
2. Fees payable within 30 day5 of invoice.
3 . Confide ntiality and limitation of li4bi1ity.
4 . Governing law: India. Arbitration in Mumbai.
This is a commercial contract, not a title or mortgage de ed.

[rescanned copy; low-resolution archive]

endstream
endobj
%%EOF
",617,75df41dd12d088bed73ea4e342720ceeb2f957553937a5689c900dda60dd1192,GRP-01-15,medium,train,ocr,False,True,False
DOC-0121,proof_of_identity_DOC-0121.jpg,jpg,Proof of Identity,"SYNTHETIC-JPG-IMAGE
# raster stand-in; OCR text follows
TITLE: Proof of Identity
PROOF OF IDENTITY — GOVERNMENT PHOTO ID (SYNTHETIC)
Name: Fatima Sharma
Date of birth: 17-05-1993
Aadhaar (synthetic): 6444 9202 3475
PAN (synthetic): WAFBU9892T
Gender: M

Photo and signature present.
This document is issued as identity evidence. Do not treat as address proof alone.

",369,65ace92d4f11b844c42d2db59fd89f77d6639ebc57c120784035acaec71548d7,GRP-02-00,easy,train,clean,False,False,False
DOC-0122,proof_of_identity_DOC-0122.pdf,pdf,Proof of Identity,"%PDF-1.4
% synthetic text-bearing stand-in
1 0 obj
<< /Title (Proof of Identity) >>
stream
PROOF OF IDENTITY — GOVERNMENT PHOTO ID  (SYNTHETIC)
Name: Arjun Reddy
D ate of birth: 28-02-2001 
Aadhaar (synthetic): 7 285 4087 3032
PAN (synthetic): KBFKT9511Y 
G3nder: M

Photo and s igna ture present.
This document i5 issued as id3n7ity evidence. Do not trea7 as address pro0f al one.

endstream
endobj
%%EOF
",408,f10c5603cab315d539cf87b01eb4edfc837c40a6bd2eb79adc70af14e41aa96b,GRP-02-01,medium,test,ocr,False,False,False
DOC-0123,proof_of_identity_DOC-0123.pdf,pdf,Proof of Identity,"%PDF-1.4
% synthetic text-bearing stand-in
1 0 obj
<< /Title (Proof of Identity) >>
stream
PROOF OF IDENTITY — GOVERNMENT PHOTO ID  (SYNTHETIC)
Name: Isha Menon
D4te of birth: 03-02-1989
Aadhaar (syn7hetic): 2272 4990 3233
PAN (synthetic): BPTRI3507W
Gender: X

Photo and signa7ure present.
This  d0c ument is issued as identity evidenc e. Do no7 treat as address proof alone.

endstream
endobj
%%EOF
",403,9672f8c6e6463815ca564b45391b74dc2ee2d473146037d4bb8934f7ffe5822e,GRP-02-02,medium,validation,ocr,False,False,False
DOC-0124,proof_of_identity_DOC-0124.txt,txt,Proof of Identity,"Proof of Identity

PROOF OF IDENTITY — GOVERNMENT PHOTO ID (SYNTHETIC)
Name: Vikram Joshi
Date of birth: 24-10-1979
Aadhaar (synthetic): 9602 1875 9336
PAN (synthetic): HQJMI7256P
Gender: F

Address: 38 MG Road, Hyderabad 530592
This document is issued as identity evidence. Do not treat as address proof alone.

",315,4df176464fe15c5f5e86f00a42e709bb906da4dd362d441dbb833243d57dfff9,GRP-02-03,hard,train,clean,False,False,False
DOC-0125,proof_of_identity_DOC-0125.tiff,tiff,Proof of Identity,"SYNTHETIC-TIFF-IMAGE
# raster stand-in; OCR text follows
TITLE: Proof of Identity
PROOF OF IDENTITY — GOVERNMENT PHOTO ID (SYNTHETIC)
Name: Sneha Iyer
Date of birth: 04-07-1994
Aadhaar (synthetic): 4028 3691 4875
PAN (synthetic): URCCV5237C
Gender: F

Photo and signature present.
This document is issued as identity evidence. Do not treat as address proof alone.

",367,b9c41c834ecc308ffe8b97da8acb582ba298eada36ed5ed93811026081f3a5eb,GRP-02-04,easy,train,clean,False,False,False
DOC-0126,proof_of_identity_DOC-0126.docx,docx,Proof of Identity,"<?xml version='1.0' encoding='UTF-8'?>
<w:document>
<w:title>Proof of Identity</w:title>
<w:body>PROOF OF IDENTITY — GOVERNMENT PHOTO ID (SYNTHETIC)
Name: Rahul Reddy
Date of birth: 04-09-1986
Aadhaar (synthetic): 1009 8880 1531
PAN (synthetic): SDMWA2087G
Gender: X

Photo and signature present.
This document is issued as identity evidence. Do not treat as address proof alone.
</w:body>
</w:document>
",406,aefb60582c6eb66761a17180e763f5fb792ef74cca6d1b6f131fb754899a6155,GRP-02-05,easy,train,clean,False,False,False
DOC-0127,proof_of_identity_DOC-0127.pdf,pdf,Proof of Identity,"%PDF-1.4
% synthetic text-bearing stand-in
1 0 obj
<< /Title (Proof of Identity) >>
stream
PROOF OF IDENTITY — GOVERNMENT PHOTO ID (SYNTHETIC)
Name: Sneha Sharma
Date of birth: 25-08-1988
Aadhaar (synthetic): 5703 0296 9646
PAN (synthetic): CQEAM0046J
Gender: M

Photo and signature present.
This document is issued as identity evidence. Do not treat as address proof alone.

endstream
endobj
%%EOF
",401,46a7c5c02cddf0b15ff568d4840d496445b342f686c3676e401a092df4c75b18,GRP-02-06,easy,test,clean,False,False,False
DOC-0128,proof_of_address_0128.eml,eml,Proof of Identity,"From: records-noreply@synthetic.example
To: intake@lender.example
Subject: Proof of Identity
MIME-Version: 1.0
Content-Type: text/plain; charset=UTF-8

PROOF OF IDENTITY — GOVERNMENT PHOTO ID (SYNTHETIC)
Name: Ananya Das
Da7e of birth: 06-07-1982
Aadhaar (synthetic): 3 686 9453 1691
PAN (synthetic): QNDGM6088J
Gender: X

Address: 39 Lake View, Kolkata 4 93274
This document is issued as iden7i7y 3vidence. Do n0t tr3at as addr3ss pr0of alone.

",448,7d1e531cc8d44b0359775a1c5bbfc3662f665cdfb9a753d248dd0090fab620d2,GRP-02-07,hard,validation,ocr,False,False,True
DOC-0129,proof_of_identity_DOC-0129.pdf,pdf,Proof of Identity,"%PDF-1.4
% synthetic text-bearing stand-in
1 0 obj
<< /Title (Proof of Identity) >>
stream
PROOF OF IDENTITY — GOVERNMENT PHOTO ID (SYNTHETIC)
Name: Arjun Joshi
Date of birth: 07-09-1977

endstream
endobj
%%EOF
",213,5a818041f6b472f093535962ebb3dc2a9c6a6aaefb31dabe84d5f92dca5848f7,GRP-02-08,medium,train,sparse,False,False,False
DOC-0130,proof_of_address_0130.jpg,jpg,Proof of Identity,"SYNTHETIC-JPG-IMAGE
# raster stand-in; OCR text follows
TITLE: Proof of Identity
PROOF OF IDENTITY — GOVERNMENT PHOTO ID (SYNTHETIC)
Name: Rahul Iyer
Date of birth: 09-03-1980
Aadhaar (synthetic): 6461 7116 3484
PAN (synthetic): EASXI8669C
Gender: X

Photo and signature present.
This document is issued as identity evidence. Do not treat as address proof alone.

",366,9d2806404ebae58c992e039b4f6cdf298db67a9c4266a0bc275a6a1ba6d6a2ca,GRP-02-09,easy,train,clean,False,False,True
DOC-0131,proof_of_identity_DOC-0131.jpg,jpg,Proof of Identity,"SYNTHETIC-JPG-IMAGE
# raster stand-in; OCR text follows
TITLE: Proof of Identity
PROOF OF IDENTITY — GOVERNMENT PHOTO ID (SYNTHETIC)
Name: Isha Sharma
Date of birth: 09-01-1992
Aadhaar (synthetic): 0186 6285 7643
PAN (synthetic): OETUP3547P
Gender: M

Photo and signature present.
This document is issued as identity evidence. Do not treat as address proof alone.

",367,f911093804d1dd5b07bcab5ff8324a7b8c7deb9f8e23d39a832479e0dbbc270a,GRP-02-10,easy,validation,clean,False,False,False
DOC-0132,proof_of_identity_DOC-0132.pdf,pdf,Proof of Identity,"%PDF-1.4
% synthetic text-bearing stand-in
1 0 obj
<< /Title (Proof of Identity) >>
stream
PROOF OF IDENTITY — GOVERNMENT PHOTO ID (SYNTHETIC)
Name: Arjun Reddy
Date of birth: 28-12-1977

endstream
endobj
%%EOF
",213,e410ac28c6985aee8678ef8822aa8e5795992860a206a894d4f161c1682fe78f,GRP-02-11,medium,validation,sparse,False,False,False
DOC-0133,proof_of_identity_DOC-0133.jpg,jpg,Proof of Identity,"SYNTHETIC-JPG-IMAGE
# raster stand-in; OCR text follows
TITLE: Proof of Identity
PROOF OF IDENTITY — GOVERNMENT PHOTO ID (SYNTHETIC)
Name: Arjun Joshi
Date of birth: 16-08-2000
Aadhaar (synthetic): 8435 1616 0675
PAN (synthetic): ATQKZ0281Z
Gender: X

Photo and signature present.
This document is issued as identity evidence. Do not treat as address proof alone.

",367,41ac401dcb6762907645b6a8a93f1e44aba71a98f272fb37d8f1adf82afb8887,GRP-02-12,easy,train,clean,False,False,False
DOC-0134,proof_of_identity_DOC-0134.docx,docx,Proof of Identity,"<?xml version='1.0' encoding='UTF-8'?>
<w:document>
<w:title>Proof of Identity</w:title>
<w:body>PROOF OF IDENTITY — GOVERNM ENT PHOTO ID (SYNTHETIC)
Name: Meera Patel
Date o f birth: 23-05-19 92
Aadhaar (5ynthetic): 9012 6484 9428
PAN (synthetic): KVDQX8829W
Gender: X

Photo and signa7ure present.
This document is issued as identity evidence. Do not treat as address proof alone.
</w:body>
</w:document>
",409,7ad35781fb45d74bb7ec7bff299622f179194d6fdc6faf8418ebd8c3b6224af9,GRP-02-13,medium,train,ocr,False,False,False
DOC-0135,proof_of_identity_DOC-0135.jpg,jpg,Proof of Identity,"SYNTHETIC-JPG-IMAGE
# raster stand-in; OCR text follows
TITLE: Proof of Identity
PROOF OF IDENTITY — GOVERNMENT PHOTO ID (SYNTHETIC)
Name: Vikram Patel
Date of birth: 27-07-1983

",181,9b5685332cebaf1c9cc4456dbfcff748210994831fe9b9ed990bdac47736164a,GRP-02-14,medium,train,sparse,False,False,False
DOC-0136,proof_of_address_0136.xlsx,xlsx,Proof of Identity,"title,Proof of Identity
r0,PROOF OF IDENTITY — GOVERNMENT PHOTO ID (SYNTHETIC)
r1,Name: Ananya Joshi
r2,Date of birth: 05-01-1977
r3,Aadhaar (synthetic): 9077 3765 3710
r4,PAN (synthetic): PXFXM4094B
r5,Gender: M
r7,Photo and signature present.
r8,This document is issued as identity evidence. Do not treat as address proof alone.
",333,2bd2fc69930ebc1a814dabe5d84725e62a74e897d062a1d32fe4953ad1d010d0,GRP-02-15,easy,train,clean,False,False,True
DOC-0137,proof_of_identity_DOC-0137.pdf,pdf,Proof of Identity,"%PDF-1.4
% synthetic text-bearing stand-in
1 0 obj
<< /Title (Proof of Identity) >>
stream
PROOF OF IDENTITY — GOVERNMENT PHOTO ID (SYNTHETIC)
Name: Kabir Reddy
Date of birth: 19-09-1979
Aadhaar (synthetic): 5691 2411 0350
PAN (synthetic): WEVBP3876F
Gender: X

Photo and signature present.
This document is issued as identity evidence. Do not treat as address proof alone.

endstream
endobj
%%EOF
",400,03b18c40c420ddbeb06d63508716ee0886911ca39389e29e4bb4812cf11664ea,GRP-02-16,easy,train,clean,False,False,False
DOC-0138,proof_of_identity_DOC-0138.pdf,pdf,Proof of Identity,"%PDF-1.4
% synthetic text-bearing stand-in
1 0 obj
<< /Title (Proof of Identity) >>
stream
PROOF OF IDENTITY — GOVERNMENT PHOTO ID (SYNTHETIC)
Name: Sneha Gupta
Date of birth: 05-11-1994
Aadhaar (synthetic): 6093 7620 7184
PAN (synthetic): JTHOZ1271N
Gender: X

Photo and signature present.
This document is issued as identity evidence. Do not treat as address proof alone.

endstream
endobj
%%EOF
",400,34e2321414899cb36b8c5c7ae8cde3ad882d3fe15c4a1c779612fd370b4e3606,GRP-02-17,easy,train,clean,False,False,False
DOC-0139,proof_of_identity_DOC-0139.pdf,pdf,Proof of Identity,"%PDF-1.4
% synthetic text-bearing stand-in
1 0 obj
<< /Title (Proof of Identity) >>
stream
PROOF OF IDENTITY — GOVERNMENT PHOTO ID (SYNTHETIC)
Name: Ananya Iyer
Date of birth: 25-10-2000

endstream
endobj
%%EOF
",213,c24ea065a396192ff689106d1c4a3261b64aa4ccd3f998976bcc413dc9697304,GRP-02-18,medium,train,sparse,False,False,False
DOC-0140,proof_of_identity_DOC-0140.xlsx,xlsx,Proof of Identity,"title,Proof of Identity
r0,PROOF OF IDENTITY — GOVERNMENT PHOTO ID (SYNTHETIC)
r1,Name: Dev Iyer
r2,Date of birth: 06-09-1976
",128,11a98cfc1991dc581c261cb1b500a3ff375db6fd7536fe5dbe98173b3c25b009,GRP-02-19,medium,train,sparse,False,False,False
DOC-0141,proof_of_address_0141.jpg,jpg,Proof of Identity,"SYNTHETIC-JPG-IMAGE
# raster stand-in; OCR text follows
TITLE: Proof of Identity
PROOF OF IDENTITY — GOVERNMENT PHOTO ID (SYNTHE TIC)
Name: Kabir Khan
Da7e of birth: 1 3-08-1977
Aadhaar (synthetic): 6179  4081 7156
PAN ( synth37ic): BHPSZ2892D
Gender: M

Ph0to and signature present.
This document is issued as id3ntity evidence. Do no7 treat as address proof alone.

",370,23d340a23986e86ff3c47168abb103c9627fd5979334c95590a9c3a2a4640ece,GRP-02-20,medium,train,noisy,False,False,True
DOC-0142,proof_of_identity_DOC-0142.pdf,pdf,Proof of Identity,"%PDF-1.4
% synthetic text-bearing stand-in
1 0 obj
<< /Title (Proof of Identity) >>
stream
PROOF OF IDEN TITY — GOVERNMENT PHOTO ID (SYNTHETIC)
Name: Meera Joshi
Dat3 of birth: 26-01-1990
Aadhaar (synthetic): 4624 2221 3100
PAN (synthetic): LUDHJ4879O
G3nder: M
 
Photo and signature prese nt.
This document is issued  as identity evidence. Do not treat as address pr0o f alo ne.

endstream
endobj
%%EOF
",406,bd8902d24816a0407780f7139a9a17d0fff2151aae0b81b1865970522f8771bc,GRP-02-21,medium,train,ocr,False,False,False
DOC-0143,proof_of_identity_DOC-0143.jpg,jpg,Proof of Identity,"SYNTHETIC-JPG-IMAGE
# raster stand-in; OCR text follows
TITLE: Proof of Identity
PROOF OF IDENTITY — GOVERNMENT PHOTO ID (SYNTHETIC)
Name: Dev Menon
Date of birth: 12-07-1978
Aadhaar (synthetic): 0578 3714 9058
PAN (synthetic): GBNYM0649E
Gender: M

Photo and signature present.
This document is issued as identity evidence. Do not treat as address proof alone.

",365,d0bbd3d8bf9f6d0f1682ee03a8ce6f5dfa4cf5661ad45ad976e4ae57b820b582,GRP-02-22,easy,validation,clean,False,False,False
DOC-0144,proof_of_identity_DOC-0144.pdf,pdf,Proof of Identity,"%PDF-1.4
% synthetic text-bearing stand-in
1 0 obj
<< /Title (Proof of Identity) >>
stream
PROOF OF IDENTITY — GOVERNMENT PHOTO ID (SYNTHETIC)
Name: V ikr am Sharma
Date of birth: 28-07-1978
Aadhaar (synthetic): 1194 4505 2241
PAN (synthe tic): IEUYY0141K
Gende r: X

Photo and signature present.
This document is issued as identity evidence. Do  not treat as address proof alone.

endstream
endobj
%%EOF
",407,92817da446ada13a0c6cb5864761ed4403d51392bdf289b4c72889a0a9133866,GRP-02-23,medium,train,ocr,False,False,False
DOC-0145,proof_of_address_0145.rtf,rtf,Proof of Identity,"{\rtf1\ansi
PROO F OF IDENTITY — GOVERNMENT PHOTO ID (S YNTHETIC)\par
Name : Sneha Khan\par
D a te of birth: 12-12-1996\par
Aadhaar (sy nthetic):  2964 4950 5033\par
PAN (synth37ic): JIPY J3647T\par
G ender: F\par
\par
Add res s: 221  Lake View, Hyd3r ab4d 503037\par
This  doc ument is i ssued 4s identity evidence. Do not trea7 a5 address pro0f al0ne.\par

}
",363,43e9d3736cb4f124aabce216af44c6967414ce089c0257d9260e1ca4a62c1f49,GRP-02-24,hard,test,noisy,False,False,True
DOC-0146,proof_of_identity_DOC-0146.pdf,pdf,Proof of Identity,"%PDF-1.4
% synthetic text-bearing stand-in
1 0 obj
<< /Title (Proof of Identity) >>
stream
PROOF OF IDENTITY — GOVERNMENT PHOTO ID (SYNTHETIC)
Name: Isha Iyer
Date of birth: 23-10-1996
Aadhaar (synthetic): 5931 6164 6870
PAN (synthetic): NLYHF3833U
Gender: M

Photo and signature present.
This document is issued as identity evidence. Do not treat as address proof alone.

endstream
endobj
%%EOF
",398,0337bec91abbd8c6c3de8c8d80a193dd034fcd1b8873ecfcec3617f0247fe177,GRP-02-25,easy,train,clean,False,False,False
DOC-0147,proof_of_identity_DOC-0147.jpg,jpg,Proof of Identity,"SYNTHETIC-JPG-IMAGE
# raster stand-in; OCR text follows
TITLE: Proof of Identity
PROOF OF ID ENTITY — GOVERNMENT PHOTO ID (SYNTHETIC)
 Name: Isha Das
Date of birth:  24 -01-1992
Aadha4r (synth3tic): 4707 3067 2180
PAN (syn7hetic): QEFSO7244S
Gender: X

Pho7o and signatur3 present.
This document is issu3d a5 id entity evidence . Do not tre4t as 4ddres 5 proof 4lon3.
 
",372,1067a9652cf39a971b092a5cc0f71de9368b1f32cb80ce1786925ecba1d2b327,GRP-02-26,medium,train,noisy,False,False,False
DOC-0148,proof_of_identity_DOC-0148.docx,docx,Proof of Identity,"<?xml version='1.0' encoding='UTF-8'?>
<w:document>
<w:title>Proof of Identity</w:title>
<w:body>PROOF OF IDENTITY — GOVERNMENT PHOTO ID (SYNTHETIC)
Name: Fatima Gupta
Date of birth: 07-10-1988
Aadhaar (synthetic): 5277 0994 2017
PAN (synthetic): RLEMR2885P
Gender: F

Photo and signature present.
This document is issued as identity evidence. Do not treat as address proof alone.
</w:body>
</w:document>
",407,d0d0ae4e41eb88204f914e4934bd643236d0347fa55b3f22ffa6821a64245ce0,GRP-02-27,easy,train,clean,False,False,False
DOC-0149,proof_of_identity_DOC-0149.png,png,Proof of Identity,"SYNTHETIC-PNG-IMAGE
# raster stand-in; OCR text follows
TITLE: Proof of Identity
PROOF OF IDENTITY — GOVERNMENT PHOTO ID (SYNTHETIC)
Name: Fatima Khan
Date of birth: 19-09-1977
Aadhaar (synthetic): 5989 0354 4951
PAN (synthetic): SLLDX9800X
Gender: X

Address: 167 MG Road, Hyderabad 516712
This document is issued as identity evidence. Do not treat as address proof alone.

",377,e7b746a4adbe5b65865c04da21e9e38476a9a2575b81b261f69c12d84582294e,GRP-02-28,hard,train,clean,False,False,False
DOC-0150,proof_of_address_0150.pdf,pdf,Proof of Identity,"%PDF-1.4
% synthetic text-bearing stand-in
1 0 obj
<< /Title (Proof of Identity) >>
stream
PROOF OF IDENTITY — GOVERNMENT PHOTO ID (SYNTHETIC)
Name: Sneha Sharma
Date of birth: 28-03-2001
Aadhaar (synthetic): 4395 1826 1243
PAN (s ynthetic): O THUB7185Y
G3nder: F

Address: 174 MG Road, Ben9aluru 453644
This d0cument is issued as identity evidence. Do not treat 4s addre5s proof alone.

endstream
endobj
%%EOF
",413,d8f587504140569fd677a5d4f4bea744fb28cd2c3e0b3628b6c43be54ac0b404,GRP-02-29,hard,train,ocr,False,False,True
DOC-0151,proof_of_identity_DOC-0151.pdf,pdf,Proof of Identity,"%PDF-1.4
% synthetic text-bearing stand-in
1 0 obj
<< /Title (Proof of Identity) >>
stream
PROOF OF IDENTITY — GOVERNMENT PHOTO ID (SYNTHETIC)
Name: Rahul Khan
Date of birth: 12-03-1979
Aadhaar (synthetic): 4896 4337 3675
PAN (synthetic): MLOWO8634V
Gender: F

Photo and signature present.
This document is issued as identity evidence. Do not treat as address proof alone.

endstream
endobj
%%EOF
",399,5456db3b1228860b25a222c8648a9da0af5901ac4735e3dc85c9aa18d457516a,GRP-02-30,easy,train,clean,False,False,False
DOC-0152,proof_of_identity_DOC-0152.pdf,pdf,Proof of Identity,"%PDF-1.4
% synthetic text-bearing stand-in
1 0 obj
<< /Title (Proof of Identity) >>
stream
PROOF OF IDENTITY — GOVERNMENT PHOTO ID (SYNTHETIC)
Name: Arjun Iyer
Date of birth: 13-04-1978
Aadhaar (synthetic): 3653 3120 2414
PAN (synthetic): FOWDP3490N
Gender: F

Address: 43 Lake View, Hyderabad 539532
This document is issued as identity evidence. Do not treat as address proof alone.

endstream
endobj
%%EOF
",410,6e8e4b8a7d9b9aa3d4403e5768ac94e83182e4873cb4eb27e3c1e4707080ebc5,GRP-02-31,hard,test,clean,False,False,False
DOC-0153,proof_of_address_0153.pdf,pdf,Proof of Identity,"%PDF-1.4
% synthetic text-bearing stand-in
1 0 obj
<< /Title (Proof of Identity) >>
stream
PROOF OF IDENTITY — GOVERNMENT PHOTO ID (SYNTHETIC)
Name: Sneha Joshi
Date of birth: 25-03-1985
Aadhaar (synthetic): 8850 4110 7714
PAN (synthetic): DERUS7402W
Gender: M

Photo and signature present.
This document is issued as identity evidence. Do not treat as address proof alone.

endstream
endobj
%%EOF
",400,bf0e93883d33e08a6d4f17dae214aa1efe39399b5b459c950107ac5abb1debf9,GRP-02-32,easy,train,clean,False,False,True
DOC-0154,proof_of_identity_DOC-0154.docx,docx,Proof of Identity,"<?xml version='1.0' encoding='UTF-8'?>
<w:document>
<w:title>Proof of Identity</w:title>
<w:body>PROOF OF IDENTITY — GO VERNMENT PHOTO ID (SYNTHETIC)
Nam3: Meera Patel
Date of birth: 28-05-1988
Aadhaar (synthetic): 4762 1252 6403
PAN (synthetic): AQYJQ7801N
Gender: X

Pho7o and 5i9nature present.
This document is issued as identity evid3n ce. Do not treat as 4ddress  pro0f alone.
</w:body>
</w:document>
",409,aa2664432e1189f38359b6621b8f8419f62ee0999a4eee0bf06ed7544e122189,GRP-02-33,medium,train,noisy,False,False,False
DOC-0155,proof_of_identity_DOC-0155.pdf,pdf,Proof of Identity,"%PDF-1.4
% synthetic text-bearing stand-in
1 0 obj
<< /Title (Proof of Identity) >>
stream
PROOF OF IDENTITY — GOVERNMENT PHOTO ID (SYNTHETIC)
Name: Ananya Reddy
Date of birth: 08-05-1987
Aadhaar (synthetic): 0108 5718 1419
PAN (synthetic): NFFSS3188V
Gender: F

Address: 134 Industrial Area, Kolkata 470624
This document is issued as identity evidence. Do not treat as address proof alone.

endstream
endobj
%%EOF
",417,5bb2a9669717b113892ff0642408924af65a5213af81de5b92887bb4a6bedcef,GRP-02-34,hard,train,clean,False,False,False
DOC-0156,proof_of_identity_DOC-0156.png,png,Proof of Identity,"SYNTHETIC-PNG-IMAGE
# raster stand-in; OCR text follows
TITLE: Proof of Identity
PROOF OF IDENTITY — GOVERNMENT PHOTO ID (SYNTHETIC)
Name: Kabir Khan
Date of birth: 28-11-1986

",179,953720e8117e80dde97555a8b6be578856ba3960383debf6c98aa7e3f2ed7feb,GRP-02-35,medium,train,sparse,False,False,False
DOC-0157,proof_of_identity_DOC-0157.jpg,jpg,Proof of Identity,"SYNTHETIC-JPG-IMAGE
# raster stand-in; OCR text follows
TITLE: Proof of Identity
PROOF OF IDENTITY — GOVERNMENT PHOTO ID (SYNTHETIC)
Name: Fatima Sharma
Date of birth: 18-01-2001
Aadhaar (synthetic): 4419 8396 4554
PAN (synthetic): BBVEK4458X
Gender: M

Address: 29 Lake View, Hyderabad 409242
This document is issued as identity evidence. Do not treat as address proof alone.

",380,d27000eb745db4ee566941bd1ba3d9619648d59c4c41cb61aa168f1ea03e38fb,GRP-02-36,hard,train,clean,False,False,False
DOC-0158,proof_of_identity_DOC-0158.jpg,jpg,Proof of Identity,"SYNTHETIC-JPG-IMAGE
# raster stand-in; OCR text follows
TITLE: Proof of Identity
PR OOF OF IDENTITY — GOVERNMENT PHOTO ID (SYNTHETIC)
Name: Sne ha Iyer
Dat3 of birth: 26-06-1997
A4dhaar (synt hetic): 0355 8457 2804
PAN (synthetic): TNFAH5300W
Gender: M

Photo and signature present.
This document  is issued as i dentity evidence. Do not 7reat as address proof alone.

",371,4923eabe8cee8e3dfea82a4d12b593f2d74ed32a89b33e8f172087b00a00d2bf,GRP-02-37,medium,train,ocr,False,False,False
DOC-0159,proof_of_identity_DOC-0159.pdf,pdf,Proof of Identity,"%PDF-1.4
% synthetic text-bearing stand-in
1 0 obj
<< /Title (Proof of Identity) >>
stream
PROOF OF  IDENTITY — GOVERNMENT PHOTO ID (SYNTHET IC)
Name: Rahu1 Joshi
Date of birth: 18-03-1985
Aadhaar (synthetic): 2187 0216 6185
 PAN (synthetic): VTKKQ2459E
Ge nder: F

Addres5: 228 MG Road, Delhi 542927
This document is issued as identity evidence. Do not treat as address proof a1one.

endstream
endobj
%%EOF
",410,c33b836ceaddf09a74a99da68789a227732ba70c3194cba096f1783388f7fde0,GRP-02-38,hard,test,noisy,False,False,False
DOC-0160,proof_of_address_0160.pdf,pdf,Proof of Identity,"%PDF-1.4
% synthetic text-bearing stand-in
1 0 obj
<< /Title (Proof of Identity) >>
stream
PROOF OF IDENTITY — GOVERNMENT PHOTO ID (SYNTHETIC)
Name: Sneha Menon
Date of birth: 24-01-1990
Aadhaar (synthetic): 9929 6130 3256
PAN (synthetic): PETSW5806U
Gender: F

Photo and signature present.
This document is issued as identity evidence. Do not treat as address proof alone.

endstream
endobj
%%EOF
",400,169aa7ccb97ab6b1d949dad2be7e81d5ea5a386982cb42e314ed69145c1fcc56,GRP-02-39,easy,train,clean,False,False,True
DOC-0161,proof_of_identity_DOC-0161.pdf,pdf,Proof of Identity,"%PDF-1.4
% synthetic text-bearing stand-in
1 0 obj
<< /Title (Proof of Identity) >>
stream
PROOF OF IDENTITY — GOVERNMENT PHOTO ID (SYNTHETIC)
Name: Rahul Joshi
Date of birth: 10-05-1986
Aadhaar (synthetic): 4380 9696 4909
PAN (synthetic): KIENP2935J
Gender: X

Address: 77 Industrial Area, Delhi 426287
This document is issued as identity evidence. Do not treat as address proof alone.

endstream
endobj
%%EOF
",413,ee4886ab79df72d97f9f1cfe3c719659dfe31fa23821e7a02599183b2780d7dd,GRP-02-40,hard,train,clean,False,False,False
DOC-0162,proof_of_identity_DOC-0162.pdf,pdf,Proof of Identity,"%PDF-1.4
% synthetic text-bearing stand-in
1 0 obj
<< /Title (Proof of Identity) >>
stream
PROOF OF IDENTITY — GOVERNMENT PHOTO ID ( SYNTHETIC)
Name : Ananya Gu pta 
Date of birth: 09-05-1990
Aadhaar (synthetic): 7145 1255 1149
PAN (synthe tic): JVVLY617 7Y
Gender: F

Pho7o and 5igna7ure present.
Thi5 document is issu3d  as identi7y evidence. Do not treat a5 4ddress pro0f alone.

endstream
endobj
%%EOF
",408,dbd6b7e0a7fd0aec26ea653b110ff96813d8980452214ff1b48880d9cc373f1c,GRP-02-41,medium,test,noisy,False,False,False
DOC-0163,proof_of_identity_DOC-0163.png,png,Proof of Identity,"SYNTHETIC-PNG-IMAGE
# raster stand-in; OCR text follows
TITLE: Proof of Identity
PROOF OF IDENTITY — GOVERNMENT PHOTO ID (SYNTHETIC)
Name: Ananya Sharma
Date of birth: 23-11-1987
Aadhaar (synthetic): 3823 3486 8696
PAN (synthetic): PHHLW0096Y
Gender: X

Address: 92 MG Road, Delhi 531018
This document is issued as identity evidence. Do not treat as address proof alone.

",374,eafc36f861b6e0b03b4dac0731d1531a8d3a209567ebe48bb8761fbf5a9f7ab1,GRP-02-42,hard,test,clean,False,False,False
DOC-0164,proof_of_identity_DOC-0164.pdf,pdf,Proof of Identity,"%PDF-1.4
% synthetic text-bearing stand-in
1 0 obj
<< /Title (Proof of Identity) >>
stream
PROOF OF IDENTITY — GOVERNMENT PHOTO ID (SYNTHETIC)
Name: Meera Reddy
Date of birth: 04-10-1978
Aadhaar (synthetic): 2058 1765 4847
PAN (synthetic): DQMQO0496S
Gender: F

Address: 204 Residency, Bengaluru 498049
This document is issued as identity evidence. Do not treat as address proof alone.

endstream
endobj
%%EOF
",412,feba07db7ae066bfab312427436f3750c1fab105f75e9cb612d8b7d198d7decd,GRP-02-43,hard,train,clean,False,False,False
DOC-0165,proof_of_identity_DOC-0165.jpg,jpg,Proof of Identity,"SYNTHETIC-JPG-IMAGE
# raster stand-in; OCR text follows
TITLE: Proof of Identity
PROOF OF IDENTITY — GOVERNMENT PHOTO ID (SYNTHETIC)
Name: Fatima Sharma
Date of birth: 17-05-1993
Aadhaar (synthetic): 6444 9202 3475
PAN (synthetic): WAFBU9892T
Gender: M

Photo and signature present.
This document is issued as identity evidence. Do not treat as address proof alone.

",369,65ace92d4f11b844c42d2db59fd89f77d6639ebc57c120784035acaec71548d7,GRP-02-00,easy,train,clean,True,False,False
DOC-0166,proof_of_identity_DOC-0166.pdf,pdf,Proof of Identity,"%PDF-1.4
% synthetic text-bearing stand-in
1 0 obj
<< /Title (Proof of Identity) >>
stream
PROOF OF IDENTITY — GOVERNMENT PHOTO ID  (SYNTHETIC)
Name: Arjun Reddy
D ate of birth: 28-02-2001 
Aadhaar (synthetic): 7 285 4087 3032
PAN (synthetic): KBFKT9511Y 
G3nder: M

Photo and s igna ture present.
This document i5 issued as id3n7ity evidence. Do not trea7 as address pro0f al one.

endstream
endobj
%%EOF
",408,f10c5603cab315d539cf87b01eb4edfc837c40a6bd2eb79adc70af14e41aa96b,GRP-02-01,medium,test,ocr,True,False,False
DOC-0167,proof_of_identity_DOC-0167.pdf,pdf,Proof of Identity,"%PDF-1.4
% synthetic text-bearing stand-in
1 0 obj
<< /Title (Proof of Identity) >>
stream
PROOF OF IDENTITY — GOVERNMENT PHOTO ID  (SYNTHETIC)
Name: Isha Menon
D4te of birth: 03-02-1989
Aadhaar (syn7hetic): 2272 4990 3233
PAN (synthetic): BPTRI3507W
Gender: X

Photo and signa7ure present.
This  d0c ument is issued as identity evidenc e. Do no7 treat as address proof alone.

endstream
endobj
%%EOF
",403,9672f8c6e6463815ca564b45391b74dc2ee2d473146037d4bb8934f7ffe5822e,GRP-02-02,medium,validation,ocr,True,False,False
DOC-0168,proof_of_identity_DOC-0168.txt,txt,Proof of Identity,"Proof of Identity

PROOF OF IDENTITY — GOVERNMENT PHOTO ID (SYNTHETIC)
Name: Vikram Joshi
Date of birth: 24-10-1979
Aadhaar (synthetic): 9602 1875 9336
PAN (synthetic): HQJMI7256P
Gender: F

Address: 38 MG Road, Hyderabad 530592
This document is issued as identity evidence. Do not treat as address proof alone.

",315,4df176464fe15c5f5e86f00a42e709bb906da4dd362d441dbb833243d57dfff9,GRP-02-03,hard,train,clean,True,False,False
DOC-0169,proof_of_identity_DOC-0169.tiff,tiff,Proof of Identity,"SYNTHETIC-TIFF-IMAGE
# raster stand-in; OCR text follows
TITLE: Proof of Identity
PROOF OF IDENTITY — GOVERNMENT PHOTO ID (SYNTHETIC)
Name: Sneha Iyer
Date of birth: 04-07-1994
Aadhaar (synthetic): 4028 3691 4875
PAN (synthetic): URCCV5237C
Gender: F

Photo and signature present.
This document is issued as identity evidence. Do not treat as address proof alone.

",367,b9c41c834ecc308ffe8b97da8acb582ba298eada36ed5ed93811026081f3a5eb,GRP-02-04,easy,train,clean,True,False,False
DOC-0170,proof_of_identity_DOC-0170.docx,docx,Proof of Identity,"<?xml version='1.0' encoding='UTF-8'?>
<w:document>
<w:title>Proof of Identity</w:title>
<w:body>PROOF OF IDENTITY — GOVERNMENT PHOTO ID (SYNTHETIC)
Name: Rahul Reddy
Date of birth: 04-09-1986
Aadhaar (synthetic): 1009 8880 1531
PAN (synthetic): SDMWA2087G
Gender: X

Photo and signature present.
This document is issued as identity evidence. Do not treat as address proof alone.
</w:body>
</w:document>
",406,aefb60582c6eb66761a17180e763f5fb792ef74cca6d1b6f131fb754899a6155,GRP-02-05,easy,train,clean,True,False,False
DOC-0171,proof_of_identity_DOC-0171.pdf,pdf,Proof of Identity,"%PDF-1.4
% synthetic text-bearing stand-in
1 0 obj
<< /Title (Proof of Identity) >>
stream
PROOF OF IDENTITY — GOVERNMENT PHOTO ID (SYNTHETIC)
Name: Sneha Sharma
Date of birth: 25-08-1988
Aadhaar (synthetic): 5703 0296 9646
PAN (synthetic): CQEAM0046J
Gender: M

Photo and signature present.
This document is issued as identity evidence. Do not treat as address proof alone.

endstream
endobj
%%EOF
",401,46a7c5c02cddf0b15ff568d4840d496445b342f686c3676e401a092df4c75b18,GRP-02-06,easy,test,clean,True,False,False
DOC-0172,proof_of_identity_DOC-0172.eml,eml,Proof of Identity,"From: records-noreply@synthetic.example
To: intake@lender.example
Subject: Proof of Identity
MIME-Version: 1.0
Content-Type: text/plain; charset=UTF-8

PROOF OF IDENTITY — GOVERNMENT PHOTO ID (SYNTHETIC)
Name: Ananya Das
Da7e of birth: 06-07-1982
Aadhaar (synthetic): 3 686 9453 1691
PAN (synthetic): QNDGM6088J
Gender: X

Address: 39 Lake View, Kolkata 4 93274
This document is issued as iden7i7y 3vidence. Do n0t tr3at as addr3ss pr0of alone.

",448,7d1e531cc8d44b0359775a1c5bbfc3662f665cdfb9a753d248dd0090fab620d2,GRP-02-07,hard,validation,ocr,True,False,False
DOC-0173,proof_of_identity_DOC-0173.pdf,pdf,Proof of Identity,"%PDF-1.4
% synthetic text-bearing stand-in
1 0 obj
<< /Title (Proof of Identity) >>
stream
PROOF OF IDENTITY — GOVER NMENT PHOTO ID (SYNTHETIC)
N4me: Arjun Joshi
Date of birth: 07-09 -1977

[rescanned copy; low-resolution archive]

endstream
endobj
%%EOF
",257,c8450494a64c8e835039ae6cbbd0d46ff3fb3ff30dbdb9cbb61bbe5604c02a51,GRP-02-08,medium,train,ocr,False,True,False
DOC-0174,proof_of_identity_DOC-0174.jpg,jpg,Proof of Identity,"SYNTHETIC-JPG-IMAGE
# raster stand-in; OCR text follows
TITLE: Proof of Identity
PROOF OF IDENTITY — GOVERNMENT PHOTO ID (SYNTHETIC)
Name: R4hul Iyer
Date of birth: 09-03-1980
Aadhaar (synthetic): 6461 7116  3484
PAN (synthetic): EASXI8669C
Gend er: X

Photo 4nd s ignature pre5ent.
This document i5 is sued as identity evidence. Do not treat as address proof alone.

[rescanned copy; low-resolution archive]

",412,9628ea700913ab736646cab7773fddaa3f030f26375e2fdbc88b14cb657eeb00,GRP-02-09,medium,train,ocr,False,True,False
DOC-0175,proof_of_identity_DOC-0175.jpg,jpg,Proof of Identity,"SYNTHETIC-JPG-IMAGE
# raster stand-in; OCR text follows
TITLE: Proof of Identity
PROOF OF IDENTITY — GOVERNMENT PHOTO ID (SYNTHETIC)
Name: Isha Sharma
Date of birth: 09-01-1992
Aadhaar (synthetic): 0186 6285 7643
PAN (synthetic): OETUP3547P
Gender: M

Photo and si gnature present.
This document is issued as identity evidence. Do not treat as address proof alone .

[rescanned copy; low-resolution archive]

",411,8013814a6b1d0f8173e902bfd7ca8605bbaf68b4fb7cef5fc50f3ba55ba38d5d,GRP-02-10,medium,validation,ocr,False,True,False
DOC-0176,proof_of_identity_DOC-0176.pdf,pdf,Proof of Identity,"%PDF-1.4
% synthetic text-bearing stand-in
1 0 obj
<< /Title (Proof of Identity) >>
stream
PROOF OF ID ENTITY — GOVERNMENT PHOTO ID (SYNTHETIC)
Name: Arjun Reddy
Date of birth: 28-12-1977

[rescanned copy; low-resolution archive]

endstream
endobj
%%EOF
",256,653b26979f123a25bb72c1b88aabf62d45ae71fc571312370fcf6e0ea0c9e671,GRP-02-11,medium,validation,ocr,False,True,False
DOC-0177,proof_of_identity_DOC-0177.jpg,jpg,Proof of Identity,"SYNTHETIC-JPG-IMAGE
# raster stand-in; OCR text follows
TITLE: Proof of Identity
PROOF OF IDENTITY — GOVERNMENT PHOTO ID (SYNTHETIC)
Name: Arjun Joshi
Date of birth: 16-08-2000
Aadhaar (synthetic): 8435 1616 0675
PAN (synthetic): ATQKZ0281Z
Gender: X

Photo and signature pr3sent.
This document is issued as identity evide nce. Do not treat as address proof alon3.

[rescanned copy; low-resolution archive]

",410,d1cdf13950998cf0c22fcd637e686aeaa0eac8d971f92ab68f3e8e2c39300aa8,GRP-02-12,medium,train,ocr,False,True,False
DOC-0178,proof_of_identity_DOC-0178.docx,docx,Proof of Identity,"<?xml version='1.0' encoding='UTF-8'?>
<w:document>
<w:title>Proof of Identity</w:title>
<w:body>PROOF OF IDENTITY — GOVERNM ENT PHOTO ID (SYNTHETIC)
Name: Mee ra Patel
Date o f birth: 23-05-19 92
Aadhaar (5ynthetic): 9012 6484 9428
PAN (synthetic): KVDQX8829W
Gender: X

Photo and signa7ure pre5ent.
This document is issued as identity evidence. Do not treat as address proof alone.

[rescanned copy; low-resolution archive]
</w:body>
</w:document>
",452,638e4b72077ecfe17c0508e5718bbc4e2c7a964d2ab708877d86b6a548b372c0,GRP-02-13,medium,train,ocr,False,True,False
DOC-0179,proof_of_identity_DOC-0179.jpg,jpg,Proof of Identity,"SYNTHETIC-JPG-IMAGE
# raster stand-in; OCR text follows
TITLE: Proof of Identity
PROOF OF IDENTITY — G OVERNMENT PHOTO ID (SYNTHETIC )
Name: Vikram Patel
Date of birth: 27-07-1983

[rescanned copy; low-resolution archive]

",225,48e15e17fcca012ed407944a6be5c68a5306ab3de07ab58c53f688319a3617fa,GRP-02-14,medium,train,ocr,False,True,False
DOC-0180,proof_of_identity_DOC-0180.xlsx,xlsx,Proof of Identity,"title,Proof of Identity
r0,PROOF OF IDENTITY — GOVERNMENT PHOTO ID (SYNTHETIC)
r1,Name: Ananya Joshi
r2,Date of bir7h: 05-01-1977
r3,Aadhaar (synthetic): 9077 3765 3710
r4,PAN (synthetic): PXFXM4094B
r5,Gender: M
r7,Photo 4nd signature present.
r8,This document is issued as identity evidence. Do not treat as address proof alone.
r10,[rescanned copy; low-resolution archive]
",378,677819cabd2353661491ac4cd686ce923a69b18de777cd4322c68a277c28156b,GRP-02-15,medium,train,ocr,False,True,False
DOC-0181,proof_of_address_DOC-0181.pdf,pdf,Proof of Address,"%PDF-1.4
% synthetic text-bearing stand-in
1 0 obj
<< /Title (Proof of Address) >>
stream
Indane Gas — PROOF OF ADDRESS
Consumer name: Rahul Khan
Service address: 143 Residency, Kolkata 524440
Bill date: 13-04-2025
Consumer no: 7353290
Amount: INR 618.17
This is an address proof document (utility / residence), not a photo ID card.

endstream
endobj
%%EOF
",359,d983a2459d6f66b9dfa213a04f4b46e708d33d1fbecb3753abce3e8e8e23b4bb,GRP-03-00,easy,train,clean,False,False,False
DOC-0182,proof_of_address_DOC-0182.tiff,tiff,Proof of Address,"SYNTHETIC-TIFF-IMAGE
# raster stand-in; OCR text follows
TITLE: Proof of Address
MSEDCL — PROOF OF ADDRESS
Consu mer name: Arjun Khan
Service addre5s: 158 Indus7rial Area,  Delhi 456521
8ill d47e: 02-10-2025
Consumer no: 40840 31
A mount: INR 2,454.73

Customer ID / Aadhaar last 4 (5ynthe tic ): 4868
KYC photo attached 0n  utility le77erhe4d.
This is an address proof docu men7 (uti lity / residence), not 4 pho7o ID card.

",428,bb6c84b074eb57292b67e7bf68d8b737a3c555c201b602b565e65a83880d852c,GRP-03-01,hard,test,noisy,False,False,False
DOC-0183,proof_of_identity_0183.tiff,tiff,Proof of Address,"SYNTHETIC-TIFF-IMAGE
# raster stand-in; OCR text follows
TITLE: Proof of Address
MSEDCL — PROOF OF ADDRESS
Consumer name: Kabir Joshi
Service address: 115 Residency, Pune 463462
Bill date: 28-05-2025
Consumer no: 6166473
Amount: INR 4,007.69
This is an address proof document (utility / residence), not a photo ID card.

",323,9e4d34ff6ec11f8a729de67540c89f52b588d74cea595265ae41ae830712555e,GRP-03-02,easy,test,clean,False,False,True
DOC-0184,proof_of_address_DOC-0184.pdf,pdf,Proof of Address,"%PDF-1.4
% synthetic text-bearing stand-in
1 0 obj
<< /Title (Proof of Address) >>
stream
BWSSB — PROOF OF ADDRESS
Consumer name: Isha Iyer
Service address: 191 Industrial Area, Hyderabad 439307
Bill date: 16-03-2025
Consumer no: 2239773
Amount: INR 1,552.20
This is an address proof document (utility / residence), not a photo ID card.

endstream
endobj
%%EOF
",363,d6b2e1befebabbc556b11b147d19179d11d1332457b634abe78cd55d69881acf,GRP-03-03,easy,train,clean,False,False,False
DOC-0185,proof_of_address_DOC-0185.tiff,tiff,Proof of Address,"SYNTHETIC-TIFF-IMAGE
# raster stand-in; OCR text follows
TITLE: Proof of Address
BESCOM — PROOF OF ADDRESS
Consumer name: Rahul Nair
Service address: 173 Industrial Area, Bengaluru 489275
Bill date: 19-09-2025
Consumer no: 1935968
Amount: INR 2,312.00
This is an address proof document (utility / residence), not a photo ID card.

",333,1c8678a9579c11cd79fa3b123ba65dda2412cd0d8206df30e0de46b0ca4859da,GRP-03-04,easy,validation,clean,False,False,False
DOC-0186,proof_of_address_DOC-0186.pdf,pdf,Proof of Address,"%PDF-1.4
% synthetic text-bearing stand-in
1 0 obj
<< /Title (Proof of Address) >>
stream
BESCOM — PROOF  OF ADDRESS
Consumer name: Kabir Nair
Service  address: 87  Industria l Area,  Mumbai 516921 
Bi ll date : 13-01-2025
Consumer no: 961296 5
Amount: INR 528.37

Customer ID / Aadhaar la5t 4 (synthetic): 1293
KYC photo attached  on u7ility letterh3ad.
This is an address pr0of docume nt (utility /   residence), not a photo ID card.

endstream
endobj
%%EOF
",462,2ab91d82199fa6c760981c58cc1b719b0876a52ca28c56471c879b2d531303b1,GRP-03-05,hard,validation,noisy,False,False,False
DOC-0187,proof_of_identity_0187.txt,txt,Proof of Address,"Proof of Address

BWSSB — PROOF OF ADDRESS
Consumer name: Meera Sharma
 Service address: 13 MG Road, Mumbai 434898
Bill date: 12-05-2025
Consumer no: 8707781
Amount: INR 3,922.76
This is an address proof doc ument (u7i1ity / residence), n ot a ph0to ID card.

",262,55bc60ca3bd5577dc9b1cd91e9b840f4734982060b1dcfbc65d0be1fc4af5224,GRP-03-06,medium,train,ocr,False,False,True
DOC-0188,proof_of_address_DOC-0188.pdf,pdf,Proof of Address,"%PDF-1.4
% synthetic text-bearing stand-in
1 0 obj
<< /Title (Proof of Address) >>
stream
Indane G4s  — PROOF OF ADDRESS
Consumer name: Fatima  Menon
Service address: 45 Industrial Ar3a, Bengaluru 400063
Bil1 date: 18-0 9-2025
C0nsumer no: 4793829
Amount: INR 2,449.07
This is an address proof document  ( utility / r3sidenc3), not a photo I D card.

endstream
endobj
%%EOF
",376,0fb175d6f73fa26550a34dd4446a367861bd41eb8b53d7586e92776aec32ec58,GRP-03-07,medium,train,noisy,False,False,False
DOC-0189,proof_of_identity_0189.pdf,pdf,Proof of Address,"%PDF-1.4
% synthetic text-bearing stand-in
1 0 obj
<< /Title (Proof of Address) >>
stream
Indane Gas — PROOF OF ADDRESS
Consumer name: Fatima Das
Service address: 23 Industrial Area, Mumbai 491070

endstream
endobj
%%EOF
",223,f50a964bef9357f907b319889766dfbd60a2926746c6f27f356e68c9ba2dc441,GRP-03-08,hard,train,sparse,False,False,True
DOC-0190,proof_of_address_DOC-0190.tiff,tiff,Proof of Address,"SYNTHETIC-TIFF-IMAGE
# raster stand-in; OCR text follows
TITLE: Proof of Address
Indane Gas — PROOF OF ADDRESS
Consumer name: Sneha Nair
Service address: 116 Industrial Area, Chennai 430940
Bill date: 16-11-2025
Consumer no: 9126723
Amount: INR 2,925.67
This is an address proof document (utility / residence), not a photo ID card.

",335,99ec55dae303b84647c76991176a715a2f205da154fde9a021f1c0c51803c7c3,GRP-03-09,easy,validation,clean,False,False,False
DOC-0191,proof_of_address_DOC-0191.docx,docx,Proof of Address,"<?xml version='1.0' encoding='UTF-8'?>
<w:document>
<w:title>Proof of Address</w:title>
<w:body>BESCOM — PROOF OF ADDRESS
Consumer name: Fatima Joshi
Service address: 197 Industrial Area, Mumbai 555233
Bill date: 07-06-2025
Consumer no: 9245772
Amount: INR 2,453.07
This is an address proof document (utility / residence), not a photo ID card.
</w:body>
</w:document>
",370,a9193957fb4a76d400878183a0742c81afe809af57f45505bce3007882281fd5,GRP-03-10,easy,train,clean,False,False,False
DOC-0192,proof_of_address_DOC-0192.jpg,jpg,Proof of Address,"SYNTHETIC-JPG-IMAGE
# raster stand-in; OCR text follows
TITLE: Proof of Address
BESCOM — PROOF OF   ADDRESS
Consumer name: An4nya Iyer
Service address: 53 Industria1 Are4, Mumbai 417737
Bill dat3: 11-08-2025
Co nsumer no: 3729557 
Amount: INR 1,733.54
This is an address proof document  (ut ility / r3sidence), not a photo ID card .

",336,6c50bd3554f6a568289d77da0ec671a89a9558974d1aa95508e99743334e2ea6,GRP-03-11,medium,train,noisy,False,False,False
DOC-0193,proof_of_address_DOC-0193.pdf,pdf,Proof of Address,"%PDF-1.4
% synthetic text-bearing stand-in
1 0 obj
<< /Title (Proof of Address) >>
stream
Indane G4s —  PROOF OF ADDRESS 
Consumer name: Dev M enon
Service address: 192 Industrial Area, Hyderabad 408125
Bill date: 28-09-2025
Con5umer no: 222409 7
Amoun7: INR 1,787.46
Thi s is an address proof document (uti1i7y / residence), not a  ph0to ID card.

endstream
endobj
%%EOF
",374,787cc1ebdd2752d76f7c3393fbab984f050c48952d2b957357f879ea23064055,GRP-03-12,medium,train,ocr,False,False,False
DOC-0194,proof_of_address_DOC-0194.pptx,pptx,Proof of Address,"# Slide 1: Proof of Address

# Slide 2
BWSSB — PROOF OF ADDRESS
Consumer name: Meera Menon
Service address: 87 Residency, Delhi 446023
Bill date: 25-08-2025

# Slide 3
Consumer no: 1527119
Amount: INR 3,058.30
This is an address proof document (utility / residence), not a photo ID card.
",290,20fa25b78071c12b8ba1b3a839114dc956ef461e837d26dca4c797226fea6e40,GRP-03-13,easy,train,clean,False,False,False
DOC-0195,proof_of_address_DOC-0195.png,png,Proof of Address,"SYNTHETIC-PNG-IMAGE
# raster stand-in; OCR text follows
TITLE: Proof of Address
BWSSB — PROOF OF ADDRESS
Consumer n4me: F4tima Sharma
Servic3 address: 82 Residency, Bengaluru 502479
Bi1l date : 20-06-2025
Consumer no: 7631948
Amount: INR 1,623.19
This is an 4d dress proof documen t (utility / residence), not a photo ID ca rd.

",331,9b14b8f6126eb76c82c3d7fe66ba544ade52a3a5918c8f7b4675cfae86350532,GRP-03-14,medium,validation,ocr,False,False,False
DOC-0196,proof_of_address_DOC-0196.pdf,pdf,Proof of Address,"%PDF-1.4
% synthetic text-bearing stand-in
1 0 obj
<< /Title (Proof of Address) >>
stream
MSEDCL — PROOF OF ADDRESS
Consumer name: Rahul Sharma
Service address: 174 Lake View, Pune 510217
Bill date: 20-09-2025
Consumer no: 4041194
Amount: INR 2,875.80

Customer ID / Aadhaar last 4 (synthetic): 6436
KYC photo attached on utility letterhead.
This is an address proof document (utility / residence), not a photo ID card.

endstream
endobj
%%EOF
",446,d2bf80f036212eae8345a5584e206373c0c6506f4c46e1ec7428c8b2abfa055f,GRP-03-15,hard,test,clean,False,False,False
DOC-0197,proof_of_address_DOC-0197.msg,msg,Proof of Address,"From: records-noreply@synthetic.example
To: intake@lender.example
Subject: Proof of Address
MIME-Version: 1.0
Content-Type: text/plain; charset=UTF-8

BWSSB — PROOF OF ADDRESS
C0nsumer  name: Rahul Nair
Service address: 72 Residency, K olkata 555250
Bill date: 14-07-2025
Consumer no: 7601837
Amount: INR 1,265.77
This is an address proof d0cument (uti1ity / r3side nce), n0t a photo ID card.

",396,0ba5dcf13e4d11cc5f3a7c3d403d7d9a23ea76f4c62ea4c80456296a9eed77c2,GRP-03-16,medium,train,ocr,False,False,False
DOC-0198,proof_of_address_DOC-0198.pdf,pdf,Proof of Address,"%PDF-1.4
% synthetic text-bearing stand-in
1 0 obj
<< /Title (Proof of Address) >>
stream
BWSSB — PROOF OF ADDRESS
Consumer name: Dev Reddy
Service address: 69 MG Road, Hyderabad 427881
Bill date: 01-04-2025
Consumer no: 9643635
Amount: INR 2,550.35
This is an address proof document (utility / residence), not a photo ID card.

endstream
endobj
%%EOF
",354,61a84141c824ce8860eeac32ae78d72ad22f37d27e4e49c2c7894a45d1a05141,GRP-03-17,easy,train,clean,False,False,False
DOC-0199,proof_of_address_DOC-0199.pdf,pdf,Proof of Address,"%PDF-1.4
% synthetic text-bearing stand-in
1 0 obj
<< /Title (Proof of Address) >>
stream
MSEDCL — PROOF OF ADDRESS
Consumer name: Kabir Gupta
Service address: 189 Residency, Chennai 554816
Bill date: 21-12-2025
Consumer no: 5369744
Amount: INR 4,033.06
This is an address proof document (utility / residence), not a photo ID card.

endstream
endobj
%%EOF
",358,43050f46637e95506185a5965ee161ab7fcfa958b98e439ba5e40118a5908639,GRP-03-18,easy,train,clean,False,False,False
DOC-0200,proof_of_address_DOC-0200.pdf,pdf,Proof of Address,"%PDF-1.4
% synthetic text-bearing stand-in
1 0 obj
<< /Title (Proof of Address) >>
stream
MSEDCL — PROOF OF ADDRESS
Consumer name: Sneha Menon
Service address: 27 Industrial Area, Ahmedabad 543217
Bill date: 07-08-2025
Consumer no: 8200070
Amount: INR 2,338.91
This is an address proof document (utility / residence), not a photo ID card.

endstream
endobj
%%EOF
",365,a5b670acc796e6bc4f18235bdc747b635b2ec002c64b13086bd2f5b39826842e,GRP-03-19,easy,train,clean,False,False,False
DOC-0201,proof_of_identity_0201.png,png,Proof of Address,"SYNTHETIC-PNG-IMAGE
# raster stand-in; OCR text follows
TITLE: Proof of Address
BWSSB — PROOF OF ADDRESS
Consumer name: Rahul Sharma
Service address: 38 Industrial Area, Pune 544360
Bill date: 25-02-2025
Consumer no: 6918011
Amount: INR 4,179.71
This is an address proof document (utility / residence), not a photo ID card.

",327,9c14ba6792bf373565e38d86ea3f5ca158d00638de2af4193d451c5668f8e7ab,GRP-03-20,easy,train,clean,False,False,True
DOC-0202,proof_of_address_DOC-0202.pdf,pdf,Proof of Address,"%PDF-1.4
% synthetic text-bearing stand-in
1 0 obj
<< /Title (Proof of Address) >>
stream
MSEDCL — PROOF OF ADDRESS
Consumer name: Meera Menon
Service address: 198 Residency, Mumbai 410993
Bill date: 04-10-2025
Consumer no: 6135572
Amount: INR 2,068.99
This is an address proof document (utility / residence), not a photo ID card.

endstream
endobj
%%EOF
",357,01ee17565cd2238c10d6e37e87847c088edcacb4daca9e7cb7b9b972fcb00d05,GRP-03-21,easy,train,clean,False,False,False
DOC-0203,proof_of_address_DOC-0203.rtf,rtf,Proof of Address,"{\rtf1\ansi
BWSSB — PROOF OF ADDRESS\par
Consumer name: Sneha Nair\par
Service address: 80 Industrial Area, Kolkata 420138\par

}
",132,d980d5aad9261fb7f288d5d8ff37f4eb757841ffad8bc9925f2f920138bd3ead,GRP-03-22,hard,train,sparse,False,False,False
DOC-0204,proof_of_identity_0204.eml,eml,Proof of Address,"From: records-noreply@synthetic.example
To: intake@lender.example
Subject: Proof of Address
MIME-Version: 1.0
Content-Type: text/plain; charset=UTF-8

MSEDCL — PROOF OF ADDRESS
Consumer name: Meera Gupta
Service  add ress: 203 Lake View, Ko1kat4 544454
Bill date: 24-02-2025
Consumer no: 6140635
A mount: INR 1,569.88

Customer ID / Aadhaar last 4 (synthetic): 3755
KYC photo at74ched 0n utility lette rhead.
This is an addre55 proof document (utili7y / resid ence), n0t a photo ID card.

",491,95ca7d4f0908bbf2a7e87880cd012d608602f715de6a759976d9daa1f0f9638b,GRP-03-23,hard,train,noisy,False,False,True
DOC-0205,proof_of_address_DOC-0205.eml,eml,Proof of Address,"From: records-noreply@synthetic.example
To: intake@lender.example
Subject: Proof of Address
MIME-Version: 1.0
Content-Type: text/plain; charset=UTF-8

BWSSB — PROOF OF ADDRESS
Consumer name: Dev Sharma
Service address: 153 Lake View, Pune 545046
Bill date: 15-06-2025
Consumer no: 7102978
Amount: INR 2,489.22
This is an address proof document (utility / residence), not a photo ID card.

",391,210e7d0576595b5e54f58f0c5155cd56bbeb350ba42c162384a4df94f1b9b25b,GRP-03-24,easy,train,clean,False,False,False
DOC-0206,proof_of_address_DOC-0206.txt,txt,Proof of Address,"Proof of Address

BWSSB — PROOF OF ADDRESS
Consumer name: Ananya Patel
Service address: 177 Residency, Kolkata 407473
Bill date: 03-12-2025
Consumer no: 3396319
Amount: INR 3,622.93
This is an address proof document (utility / residence), not a photo ID card.

",263,615a5cf89541d277e42a9560b06eb81aaf0979957cd83304158fcd189cec1a62,GRP-03-25,easy,train,clean,False,False,False
DOC-0207,proof_of_address_DOC-0207.jpg,jpg,Proof of Address,"SYNTHETIC-JPG-IMAGE
# raster stand-in; OCR text follows
TITLE: Proof of Address
MSEDCL — PROOF OF ADDRESS
Consumer name: Arjun Menon
Service address: 164 Residency, Delhi 493060

",181,9e9ae595e35962a6409681ab10d9a80897d85751cc0e5a11d4a1eceb8ac31fa4,GRP-03-26,hard,train,sparse,False,False,False
DOC-0208,proof_of_address_DOC-0208.docx,docx,Proof of Address,"<?xml version='1.0' encoding='UTF-8'?>
<w:document>
<w:title>Proof of Address</w:title>
<w:body>BESCOM — PROOF OF ADDRESS
Consumer name: Sneha Das
Service address: 58 Industrial Area, Mumbai 515758
Bill date: 06-03-2025
Consumer no: 1345561
Amount: INR 3,080.55

Customer ID / Aadhaar last 4 (synthetic): 4883
KYC photo attached on utility letterhead.
This is an address proof document (utility / residence), not a photo ID card.
</w:body>
</w:document>
",456,5cfa9dd9802a80c54d9b6884a40e46fc8e7195154423b803a3b7f095b031c480,GRP-03-27,hard,test,clean,False,False,False
DOC-0209,proof_of_address_DOC-0209.pdf,pdf,Proof of Address,"%PDF-1.4
% synthetic text-bearing stand-in
1 0 obj
<< /Title (Proof of Address) >>
stream
BESCOM — PROOF OF ADDRESS
Consumer name: Arjun Das
Service address: 119 Residency, Chennai 412050
Bill date: 23-10-2025
Consumer no: 8968591
Amount: INR 1,797.74

Customer ID / Aadhaar last 4 (synthetic): 3921
KYC photo attached on utility letterhead.
This is an address proof document (utility / residence), not a photo ID card.

endstream
endobj
%%EOF
",446,5e5f5f520a59fa0a15397f8bd0e430bc18961a8f40e4a5b19f15b86f2bea58f3,GRP-03-28,hard,train,clean,False,False,False
DOC-0210,proof_of_address_DOC-0210.png,png,Proof of Address,"SYNTHETIC-PNG-IMAGE
# raster stand-in; OCR text follows
TITLE: Proof of Address
MSEDCL — PROOF OF ADDRESS
Consumer name: Vikram Joshi
Service address: 23 MG Road, Delhi 478633

",179,c837d983074a601a5f3523501fa7f3cbafb02869bae2e2e535547a8184dc1147,GRP-03-29,medium,test,sparse,False,False,False
DOC-0211,proof_of_address_DOC-0211.pdf,pdf,Proof of Address,"%PDF-1.4
% synthetic text-bearing stand-in
1 0 obj
<< /Title (Proof of Address) >>
stream
B ESCOM — PROOF OF ADD RESS
Consumer name: Arjun Patel
Service address: 140 MG Road, Bengaluru 504547
 Bill date: 16-08-2025
Consumer no: 3333 58 0
Amount: INR 3,017.78

Cu5tomer ID / Aadhaar last 4 (synthetic): 9285
KYC ph ot0 attached on utility lett3rhe4d.
This is an address proof docu ment (utilit y / resid enc3), not a photo ID card.

endstream
endobj
%%EOF
",457,fd676d98feb0452757d76b03aa366340959c9d821c8f9dd29af29eab7728296e,GRP-03-30,hard,train,ocr,False,False,False
DOC-0212,proof_of_address_DOC-0212.pdf,pdf,Proof of Address,"%PDF-1.4
% synthetic text-bearing stand-in
1 0 obj
<< /Title (Proof of Address) >>
stream
Indane Gas — PROOF OF ADDRESS
Consumer name: Ananya Sharma
Service address: 160 Lake View, Kolkata 481724

endstream
endobj
%%EOF
",222,8fbf22beda1c20ed99f145b349cf3b6a1a63ef6dae539bad5fd18bfbbd5c27f6,GRP-03-31,medium,train,sparse,False,False,False
DOC-0213,proof_of_identity_0213.jpg,jpg,Proof of Address,"SYNTHETIC-JPG-IMAGE
# raster stand-in; OCR text follows
TITLE: Proof of Address
Indane Gas — PROOF OF ADDRESS
Consumer name: Dev Reddy
Service address: 205 Lake View, Pune 470667
Bill date: 28-06-2025
Consumer no: 3326159
Amount: INR 3,219.51

Customer ID / Aadhaar last 4 (synthetic): 0287
KYC photo attached on utility letterhead.
This is an address proof document (utility / residence), not a photo ID card.

",414,254a40b089b1f720ee424cd48d7ae908f814ab2b5688b2f61d803208d5e8c156,GRP-03-32,hard,train,clean,False,False,True
DOC-0214,proof_of_address_DOC-0214.pdf,pdf,Proof of Address,"%PDF-1.4
% synthetic text-bearing stand-in
1 0 obj
<< /Title (Proof of Address) >>
stream
BWSSB — PROOF OF ADDRESS
C0nsumer name: Sneha Nair
Service addre5s: 73 Industrial Area, Delhi 483040
Bill d4te: 17-08-2025
Consumer n0: 7509189
Amount: INR 3,383.34
This is an 4ddress pro of document (utility /  residence), not a photo ID card.

endstream
endobj
%%EOF
",361,562024c3d3ae52517a10deffea480d4e0eaac84b5ef0dd10bc2d28681776a728,GRP-03-33,medium,test,noisy,False,False,False
DOC-0215,proof_of_address_DOC-0215.docx,docx,Proof of Address,"<?xml version='1.0' encoding='UTF-8'?>
<w:document>
<w:title>Proof of Address</w:title>
<w:body>BWSSB — PROOF OF ADDRESS
Consumer name: Sneha Gupta
Service address: 40 Industrial Area, Pune 533187
</w:body>
</w:document>
",223,a1f3326d6e5e4b9141caaa5463eca4ff31e322190da879aaa68a2d89a420b5b5,GRP-03-34,medium,train,sparse,False,False,False
DOC-0216,proof_of_address_DOC-0216.jpg,jpg,Proof of Address,"SYNTHETIC-JPG-IMAGE
# raster stand-in; OCR text follows
TITLE: Proof of Address
BWSSB — PROOF OF ADDRESS
Consumer name: Kabir Iyer
Service address: 132 Residency, Ahmedabad 414010
Bill date: 08-01-2025
Consumer no: 9322147
Amount: INR 3,390.00
This is an address proof document (utility / residence), not a photo ID card.

",325,f75e8c63b0e63a79559338451beeffd18329f4038b15ed6ad908e6e132f51a1a,GRP-03-35,easy,train,clean,False,False,False
DOC-0217,proof_of_address_DOC-0217.xlsx,xlsx,Proof of Address,"title,Proof of Address
r0,BWSSB — PROOF OF ADDRESS
r1,Consumer name: Dev Menon
r2,Service address: 94 Industrial Area; Hyderabad 482071
r3,Bill date: 20-07-2025
r4,Consumer no: 3398917
r5,Amount: INR 4;178.72
r6,This is an address proof document (utility / residence); not a photo ID card.
",292,47f5060f80bc5d82145f0ffaae9938721f3b07915e0d63a3477655b20cd675c1,GRP-03-36,easy,train,clean,False,False,False
DOC-0218,proof_of_address_DOC-0218.docx,docx,Proof of Address,"<?xml version='1.0' encoding='UTF-8'?>
<w:document>
<w:title>Proof of Address</w:title>
<w:body>BWSSB — PROOF OF ADDRESS
Consumer name: Arjun Joshi
Service address: 19 Residency, Hyderabad 494265
Bill date: 09-03-2025
Consumer no: 8984793
Amount: INR 2,213.82
This is an address proof document (utility / residence), not a photo ID card.
</w:body>
</w:document>
",364,f8042807e7a6340195fbbd14b6789d5e692ecf00ece294b589c8f08dc8bec4de,GRP-03-37,easy,train,clean,False,False,False
DOC-0219,proof_of_address_DOC-0219.pdf,pdf,Proof of Address,"%PDF-1.4
% synthetic text-bearing stand-in
1 0 obj
<< /Title (Proof of Address) >>
stream
Indane Gas — PROOF OF ADDRESS
Con5umer name: Fa7ima Gupt a
Service address: 40 Lake View, Kolkata 415388
Bill date: 05-03-2025
Con5umer no: 5604413
Amoun7: INR 2,833.68
This is an address proof documen7 (utility / residence), not a photo ID card.

endstream
endobj
%%EOF
",363,46b9406b20c36b4567673fd45b1eb6ee8df5652d14b6b82dc6db949b3461b086,GRP-03-38,medium,train,ocr,False,False,False
DOC-0220,proof_of_address_DOC-0220.png,png,Proof of Address,"SYNTHETIC-PNG-IMAGE
# raster stand-in; OCR text follows
TITLE: Proof of Address
BESCOM — PROOF OF ADDRESS
Consumer name: Meera Nair
Service address: 227 R3sidency, Bengaluru 507804
Bill date: 2 1-04-2025
Con5umer no: 9042001
Amount: INR 1,130.90
This is an address proof document (utility / residence), not a photo ID card.

",327,28b9219a6a41399d31e800e7ccaf5094414d4768e816ac478501d16633ff8e0f,GRP-03-39,medium,train,ocr,False,False,False
DOC-0221,proof_of_identity_0221.docx,docx,Proof of Address,"<?xml version='1.0' encoding='UTF-8'?>
<w:document>
<w:title>Proof of Address</w:title>
<w:body>MSEDCL — PROOF OF ADDRESS
Consumer name: Fatima Joshi
Service address: 192 Lake View, Chennai 409028
Bill date: 21-04-2025
Consumer no: 9992573
Amount: INR 2,403.08
This is an address proof document (utility / residence), not a photo ID card.
</w:body>
</w:document>
",365,9b5e25023b181eac424a792543914693092ddee9e9ebe6dd1e64fe1ec37c9a9d,GRP-03-40,easy,train,clean,False,False,True
DOC-0222,proof_of_address_DOC-0222.jpg,jpg,Proof of Address,"SYNTHETIC-JPG-IMAGE
# raster stand-in; OCR text follows
TITLE: Proof of Address
Indane Ga s — PROOF OF ADDRESS
Consumer name: Isha Iyer
Servic e address: 219 Indu5trial Are4, Delhi 432073
Bill dat3: 2 3-09-2025
Con5umer no: 4708039
Amount: INR 2,286.83
This is 4n addres5 proof document (uti1ity / residence), not a photo ID card.

",334,255e3630ef0075f15de4bafb6c4a7f2ae6ee1edd9ee730908895b5a81287760b,GRP-03-41,medium,validation,ocr,False,False,False
DOC-0223,proof_of_address_DOC-0223.pdf,pdf,Proof of Address,"%PDF-1.4
% synthetic text-bearing stand-in
1 0 obj
<< /Title (Proof of Address) >>
stream
BESCOM — PROOF OF ADDRESS
Consumer name: Rahul Iyer
Service address: 224 Residency, Mumbai 410821
Bill date: 07-06-2025
Consumer no: 6788971
Amount: INR 2,636.03

Customer ID / Aadhaar last 4 (synthetic): 2072
KYC photo attached on utility letterhead.
This is an address proof document (utility / residence), not a photo ID card.

endstream
endobj
%%EOF
",446,6ce8d36c3d4502fffcd6710064a9d4a90f11347332b832d08dd01c59d77316d5,GRP-03-42,hard,train,clean,False,False,False
DOC-0224,proof_of_identity_0224.pdf,pdf,Proof of Address,"%PDF-1.4
% synthetic text-bearing stand-in
1 0 obj
<< /Title (Proof of Address) >>
stream
MSEDCL — PROOF OF ADDRESS
Consumer name: Vikram Reddy
Service address: 67 MG Road, Chennai 437823
Bill date: 04-02-2025
Consumer no: 2152440
Amount: INR 1,431.56
This is an address proof document (utility / residence), not a photo ID card.

endstream
endobj
%%EOF
",356,dbb705124568275c4b25b2985e5a01a27998b468ba05ff948f0bc44f25b26fa9,GRP-03-43,easy,train,clean,False,False,True
DOC-0225,proof_of_address_DOC-0225.pdf,pdf,Proof of Address,"%PDF-1.4
% synthetic text-bearing stand-in
1 0 obj
<< /Title (Proof of Address) >>
stream
Indane Gas — PROOF OF ADDRESS
Consumer name: Rahul Khan
Service address: 143 Residency, Kolkata 524440
Bill date: 13-04-2025
Consumer no: 7353290
Amount: INR 618.17
This is an address proof document (utility / residence), not a photo ID card.

endstream
endobj
%%EOF
",359,d983a2459d6f66b9dfa213a04f4b46e708d33d1fbecb3753abce3e8e8e23b4bb,GRP-03-00,easy,train,clean,True,False,False
DOC-0226,proof_of_address_DOC-0226.tiff,tiff,Proof of Address,"SYNTHETIC-TIFF-IMAGE
# raster stand-in; OCR text follows
TITLE: Proof of Address
MSEDCL — PROOF OF ADDRESS
Consu mer name: Arjun Khan
Service addre5s: 158 Indus7rial Area,  Delhi 456521
8ill d47e: 02-10-2025
Consumer no: 40840 31
A mount: INR 2,454.73

Customer ID / Aadhaar last 4 (5ynthe tic ): 4868
KYC photo attached 0n  utility le77erhe4d.
This is an address proof docu men7 (uti lity / residence), not 4 pho7o ID card.

",428,bb6c84b074eb57292b67e7bf68d8b737a3c555c201b602b565e65a83880d852c,GRP-03-01,hard,test,noisy,True,False,False
DOC-0227,proof_of_address_DOC-0227.tiff,tiff,Proof of Address,"SYNTHETIC-TIFF-IMAGE
# raster stand-in; OCR text follows
TITLE: Proof of Address
MSEDCL — PROOF OF ADDRESS
Consumer name: Kabir Joshi
Service address: 115 Residency, Pune 463462
Bill date: 28-05-2025
Consumer no: 6166473
Amount: INR 4,007.69
This is an address proof document (utility / residence), not a photo ID card.

",323,9e4d34ff6ec11f8a729de67540c89f52b588d74cea595265ae41ae830712555e,GRP-03-02,easy,test,clean,True,False,False
DOC-0228,proof_of_address_DOC-0228.pdf,pdf,Proof of Address,"%PDF-1.4
% synthetic text-bearing stand-in
1 0 obj
<< /Title (Proof of Address) >>
stream
BWSSB — PROOF OF ADDRESS
Consumer name: Isha Iyer
Service address: 191 Industrial Area, Hyderabad 439307
Bill date: 16-03-2025
Consumer no: 2239773
Amount: INR 1,552.20
This is an address proof document (utility / residence), not a photo ID card.

endstream
endobj
%%EOF
",363,d6b2e1befebabbc556b11b147d19179d11d1332457b634abe78cd55d69881acf,GRP-03-03,easy,train,clean,True,False,False
DOC-0229,proof_of_address_DOC-0229.tiff,tiff,Proof of Address,"SYNTHETIC-TIFF-IMAGE
# raster stand-in; OCR text follows
TITLE: Proof of Address
BESCOM — PROOF OF ADDRESS
Consumer name: Rahul Nair
Service address: 173 Industrial Area, Bengaluru 489275
Bill date: 19-09-2025
Consumer no: 1935968
Amount: INR 2,312.00
This is an address proof document (utility / residence), not a photo ID card.

",333,1c8678a9579c11cd79fa3b123ba65dda2412cd0d8206df30e0de46b0ca4859da,GRP-03-04,easy,validation,clean,True,False,False
DOC-0230,proof_of_address_DOC-0230.pdf,pdf,Proof of Address,"%PDF-1.4
% synthetic text-bearing stand-in
1 0 obj
<< /Title (Proof of Address) >>
stream
BESCOM — PROOF  OF ADDRESS
Consumer name: Kabir Nair
Service  address: 87  Industria l Area,  Mumbai 516921 
Bi ll date : 13-01-2025
Consumer no: 961296 5
Amount: INR 528.37

Customer ID / Aadhaar la5t 4 (synthetic): 1293
KYC photo attached  on u7ility letterh3ad.
This is an address pr0of docume nt (utility /   residence), not a photo ID card.

endstream
endobj
%%EOF
",462,2ab91d82199fa6c760981c58cc1b719b0876a52ca28c56471c879b2d531303b1,GRP-03-05,hard,validation,noisy,True,False,False
DOC-0231,proof_of_address_DOC-0231.txt,txt,Proof of Address,"Proof of Address

BWSSB — PROOF OF ADDRESS
Consumer name: Meera Sharma
 Service address: 13 MG Road, Mumbai 434898
Bill date: 12-05-2025
Consumer no: 8707781
Amount: INR 3,922.76
This is an address proof doc ument (u7i1ity / residence), n ot a ph0to ID card.

",262,55bc60ca3bd5577dc9b1cd91e9b840f4734982060b1dcfbc65d0be1fc4af5224,GRP-03-06,medium,train,ocr,True,False,False
DOC-0232,proof_of_address_DOC-0232.pdf,pdf,Proof of Address,"%PDF-1.4
% synthetic text-bearing stand-in
1 0 obj
<< /Title (Proof of Address) >>
stream
Indane G4s  — PROOF OF ADDRESS
Consumer name: Fatima  Menon
Service address: 45 Industrial Ar3a, Bengaluru 400063
Bil1 date: 18-0 9-2025
C0nsumer no: 4793829
Amount: INR 2,449.07
This is an address proof document  ( utility / r3sidenc3), not a photo I D card.

endstream
endobj
%%EOF
",376,0fb175d6f73fa26550a34dd4446a367861bd41eb8b53d7586e92776aec32ec58,GRP-03-07,medium,train,noisy,True,False,False
DOC-0233,proof_of_address_DOC-0233.pdf,pdf,Proof of Address,"%PDF-1.4
% synthetic text-bearing stand-in
1 0 obj
<< /Title (Proof of Address) >>
stream
Indane Gas — PROOF OF ADDRESS
Con5um3r name: Fat ima Das
Service address: 23 Industrial Area, Mumbai 491070

[rescanned copy; low-resolution archive]

endstream
endobj
%%EOF
",266,c9c10f5dbbf2763ac67456f24992f9c99f69bd9050fcca1e2af21f68aa6e84a9,GRP-03-08,hard,train,ocr,False,True,False
DOC-0234,proof_of_address_DOC-0234.tiff,tiff,Proof of Address,"SYNTHETIC-TIFF-IMAGE
# raster stand-in; OCR text follows
TITLE: Proof of Address
Indane Gas — PROOF OF ADDRESS
Cons umer name: Sneha Nair
Service  address: 116 Industrial Area, Chennai 430940
Bill date: 16-11-2025
Consumer no: 9126723
Amount: INR 2,925.67
This is an address proof document (utility / residence), no7 a photo ID c4rd.

[rescanned copy; low-resolution archive]

",379,92fee6556686e2837fc27a129a80093027a723beffc3f9e0588d6170d6aa2600,GRP-03-09,medium,validation,ocr,False,True,False
DOC-0235,proof_of_address_DOC-0235.docx,docx,Proof of Address,"<?xml version='1.0' encoding='UTF-8'?>
<w:document>
<w:title>Proof of Address</w:title>
<w:body>BESCOM — PROOF OF ADDRESS
Consumer name: Fatima Joshi
Service address: 197 Industrial Area, Mumbai 555233
Bill da7e: 07-06-2025
Consumer no: 9245772
Amount: INR 2,453.07
This is an addre5s proof do cument (utility / residence), not a photo ID card.

[rescanned copy; low-resolution archive]
</w:body>
</w:document>
",413,aa45085d0ae9fa5d23abfc1cee187c8eeb75abd89db4785d4c2532d766904874,GRP-03-10,medium,train,ocr,False,True,False
DOC-0236,proof_of_address_DOC-0236.jpg,jpg,Proof of Address,"SYNTHETIC-JPG-IMAGE
# raster stand-in; OCR text follows
TITLE: Proof of Address
BESCOM — PROOF OF   ADDRESS
Consumer nam3: An4nya Iyer
Service address: 53 Industria1 Are4, Mumbai 417737
Bill da73: 11-08-2025
Co nsumer no: 3729557 
Amount: INR 1,733.54
This is an addr3ss p roof document  (ut ility / r3sidence), not a ph oto ID c ard .

[rescanned copy; low-resolution archive]

",381,511fd0d0e2bf19aa1541175ea475064ecac120e93f39e6d001c081ad052e5e92,GRP-03-11,medium,train,ocr,False,True,False
DOC-0237,proof_of_address_DOC-0237.pdf,pdf,Proof of Address,"%PDF-1.4
% synthetic text-bearing stand-in
1 0 obj
<< /Title (Proof of Address) >>
stream
Indane  G4s —  PROOF OF ADDRESS 
Consumer name: D3v M enon
Service address: 192 Industrial Area, Hyderabad 408125
Bill d ate: 28-09-2025
Con5umer no: 222409 7
Amoun7: INR 1,787.46
Thi s is an address proof document (uti1i7y / residence), not a  ph0to ID card.

[rescanned copy; low-resolution archive]

endstream
endobj
%%EOF
",418,226ffaf6c3aaa4fcba61a72b1019c31909d03a5e9245ffbb7aef8cd6aece5135,GRP-03-12,medium,train,ocr,False,True,False
DOC-0238,proof_of_address_DOC-0238.pptx,pptx,Proof of Address,"# Slide 1: Proof of Address

# Slide 2
BWSSB — PROOF OF ADDRESS
Consumer name: Meera Menon
S3rvice addr3ss: 87 R3sidency , Delhi 446023
Bill date: 25-08-2025

# Slide 3
C0nsumer  no: 1527119
Amount: INR 3,058.30
This is 4n address proof docume nt (utility / residence), not a photo ID card.
[rescanned copy; low-resolution archive]
",334,a3728715dd6939eaed1d072cd018d86d9ad804855e6b0352cd4ca22b86545164,GRP-03-13,medium,train,ocr,False,True,False
DOC-0239,proof_of_address_DOC-0239.png,png,Proof of Address,"SYNTHETIC-PNG-IMAGE
# raster stand-in; OCR text follows
TITLE: Proof of Address
BWSSB — PROOF OF ADDRESS
Consumer n4me: F4tima Sharma
Servic3 address: 82 R esidency, Bengaluru 502479
Bi1l date : 20-06-20 25
Consumer no: 7631948
Amount: INR 1,623.19
This  is an 4d dress proof documen t (utility / residenc e),  not a  photo ID ca r d.

[rescanned copy; low-resolution archive]

",380,b88487060597ac8bd64fd7d9871a51e491beaecde17ad8c700c2102400784e8a,GRP-03-14,medium,validation,ocr,False,True,False
DOC-0240,proof_of_address_DOC-0240.pdf,pdf,Proof of Address,"%PDF-1.4
% synthetic text-bearing stand-in
1 0 obj
<< /Title (Proof of Address) >>
stream
MSEDCL — PROOF OF ADDRESS
Consumer name:  Rahul Sharma
Service address: 174 Lake Vie w, Pune 510217
Bill da7e: 20- 09-2025
Consumer no: 4041194
Amount: INR 2,875 .80

Custome r ID / A adhaar last 4 ( synthetic): 6436
KYC photo at7ache d on utility letterhead.
This is an address proof docum3nt (uti1ity / residence), not a photo ID card.

[rescanned copy; low-resolution archive]

endstream
endobj
%%EOF
",496,f65a3a857a520acdf9b65aeb691540bc7fdbddbcc9de06147bc9f9fb2175fe9b,GRP-03-15,hard,test,ocr,False,True,False
DOC-0241,loan_application_form_DOC-0241.msg,msg,Loan application form,"From: records-noreply@synthetic.example
To: intake@lender.example
Subject: Loan application form
MIME-Version: 1.0
Content-Type: text/plain; charset=UTF-8

LOAN APPLICATION FORM (SYNTHETIC)
Applicant: Arjun Patel
PAN: GXSHC9983Z
Employment: Meridian Textiles Pvt Ltd
Requested amount: INR 1,599,583.93
Purpose: LAP
Declared monthly income: INR 66,712.07
Existing bank: Axis Bank  A/c 396929878930
Address: 77 Industrial Area, Kolkata 543545
Declaration: information is true and complete. Processing fee as applicable.

",519,1612bcf12e326b869623837398c1e388b353ccc4a64e35428c2971bff951bc04,GRP-04-00,easy,train,clean,False,False,False
DOC-0242,loan_application_form_DOC-0242.pdf,pdf,Loan application form,"%PDF-1.4
% synthetic text-bearing stand-in
1 0 obj
<< /Title (Loan application form) >>
stream
LOAN APPLICATION FORM (SYNTHETIC)
A pplicant: Arjun Reddy
PAN: C P8RW3983G
Employment: Cedar  Grove Properties Ltd
Requested amount : INR 381,291.18 
Purpose: LAP
D eclared monthly income: INR 62,930.37
Existing bank: State Bank o f Indi4  A/c 17 0956006164 
Address: 119 MG Road, Ahmedabad 401 524
 Declaration: inf0rmation is  true and complete. Processing fee as 4pplicable.

endstream
endobj
%%EOF
",497,b937b3f3d5c11d549a6db428160cb24d3e9037baeac0c60aa6491cfc2a9ecf28,GRP-04-01,medium,train,ocr,False,False,False
DOC-0243,loan_application_form_DOC-0243.eml,eml,Loan application form,"From: records-noreply@synthetic.example
To: intake@lender.example
Subject: Loan application form
MIME-Version: 1.0
Content-Type: text/plain; charset=UTF-8

LOAN APPLICATION FORM (SYNTHETIC)
Appli cant: Sneh4 Das
PAN: FSRPF 6195G
Employment: Meridian Textiles Pvt Ltd
Reque sted amount: INR 679,714.92
Purpose: Education
Declared month1y income: INR 152,727.22
Existing bank: Axis B ank  A/c 256162764018 
Address: 238 MG Road, Pune 402605
Declaration: in formation is true and comp1ete. Processing fee as applicable.
Attached: bank statement and ID copies listed in annex.

",574,51ce412c6cbad7ce962137d0cf52c0f29827a6e5ae4964db18a282417779697f,GRP-04-02,hard,test,ocr,False,False,False
DOC-0244,loan_application_form_DOC-0244.png,png,Loan application form,"SYNTHETIC-PNG-IMAGE
# raster stand-in; OCR text follows
TITLE: Loan application form
LOAN APPLICATION FORM (SYNTHETIC)
Applicant: Isha Khan
PAN: LGDDL5938B
Employment: Harborlight Logistics Ltd
Requested amount: INR 1,707,009.29
Purpose: Personal
Declared monthly income: INR 120,134.46
Existing bank: HDFC Bank  A/c 655071018574
Address: 77 MG Road, Bengaluru 513686
Declaration: information is true and complete. Processing fee as applicable.

",446,c8db58fb03be81d04a1deb670c84ad7e3438a15bb797bf5bfe8b655d44e28a8a,GRP-04-03,easy,train,clean,False,False,False
DOC-0245,loan_application_form_DOC-0245.jpg,jpg,Loan application form,"SYNTHETIC-JPG-IMAGE
# raster stand-in; OCR text follows
TITLE: Loan application form
LOAN APPLICATION FORM (SYNTHETIC)
Applicant: Fatima Menon
PAN: PFDHA0711I

",160,a123e3e6d2b84c66f1cc39cc4fb9701c61d5b11b93a405252837b11a7c807eae,GRP-04-04,medium,test,sparse,False,False,False
DOC-0246,class_12_marksheet_0246.jpg,jpg,Loan application form,"SYNTHETIC-JPG-IMAGE
# raster stand-in; OCR text follows
TITLE: Loan application form
LOAN APPLICATION FORM (SYNTHETIC)
Applicant: Ananya Khan
PAN: KHEMB1094R
Employment: Nimbus Payments Pvt L7d
Reques7ed amount: INR 1,476,553.87
Purpose: Home
Dec1ar3d monthly income: INR 122,612.38
Existing bank: Axis Bank  A/c  608001426005
Addre5s: 74 Indu5trial Area, Mumbai 512315
Declaration: information is true and complete. Pr0cessing fee as applica ble.
Attached: bank statement and ID copies li5ted in annex.

",505,4004c3d6e58cf1d3c3b1f6417a50bb6f435d7421d9bd0b705cc2e1ab06e2e629,GRP-04-05,hard,train,ocr,False,False,True
DOC-0247,loan_application_form_DOC-0247.png,png,Loan application form,"SYNTHETIC-PNG-IMAGE
# raster stand-in; OCR text follows
TITLE: Loan application form
LOAN APPLICATION FORM (SYNTHETIC)
Applicant: Sneha Joshi
PAN: WUXVE6436H
Employment: C3dar Grove Prop e rties Ltd
Requested amount: INR 2,101,600.03
Purpose: Education
Declared monthly income: INR 125,951.92
Existing bank: S7ate Bank of India  A/c 143398231967
Address: 160 L4ke View , Mumbai 556871
Declar4tion: information is true 4nd complete. Processing fee as applica ble.

",464,0d99e757a979a471dcbfb9632e019a32997b482ee840910e132c3e10e51a7116,GRP-04-06,medium,train,ocr,False,False,False
DOC-0248,loan_application_form_DOC-0248.pdf,pdf,Loan application form,"%PDF-1.4
% synthetic text-bearing stand-in
1 0 obj
<< /Title (Loan application form) >>
stream
LOAN APPLICATION FORM (SYNTHETIC)
Applicant: Arjun Iyer
PAN: YIWER8331U
Employment: Meridian Textiles Pvt Ltd
Requested amount: INR 1,149,893.56
Purpose: LAP
Declared monthly income: INR 114,609.87
Existing bank: ICICI Bank  A/c 266632125766
Address: 117 Lake View, Pune 450103
Declaration: information is true and complete. Processing fee as applicable.
Attached: bank statement and ID copies listed in annex.

endstream
endobj
%%EOF
",530,f158041ed5b2835a99c0c26200c5d8ddab2be6689ed345c64522aabe5b6d22a8,GRP-04-07,hard,validation,clean,False,False,False
DOC-0249,loan_application_form_DOC-0249.pdf,pdf,Loan application form,"%PDF-1.4
% synthetic text-bearing stand-in
1 0 obj
<< /Title (Loan application form) >>
stream
LOAN APPLICATION FORM (SYNTHETIC)
Applicant: Fatima Khan
PAN: PUBRB9703N
Employment: Harborlight Logistics Ltd
Requested amount: INR 2,294,466.78
Purpose: Education
Declared monthly income: INR 199,582.08
Existing bank: Axis Bank  A/c 310825393303
Address: 102 Residency, Mumbai 425317
Declaration: information is true and complete. Processing fee as applicable.

endstream
endobj
%%EOF
",482,98a0160f9dcc6955acc3bbf8ac158f9c13b1cdf5467d6d75a3c154a786dded3f,GRP-04-08,easy,train,clean,False,False,False
DOC-0250,loan_application_form_DOC-0250.pdf,pdf,Loan application form,"%PDF-1.4
% synthetic text-bearing stand-in
1 0 obj
<< /Title (Loan application form) >>
stream
LOAN APPLICATION FORM (SYNTHETIC)
Applicant: Dev Gupta
PAN: PZGNL7624N
Employment: Nimbu5 Payments Pvt Ltd
Requested amount: INR 1,883,345.50
Purpose: LAP
Declared monthly in come: INR 149,88 2.27
Existing bank: Axi s Bank  A/c 905026794934
Address: 160 Industrial Area, Ahmedabad 478824
Declaration: inf0rmation is tru3 and complete. Processing fee as applicab le.

endstream
endobj
%%EOF
",485,73f82d7b0640c5ee4bfb1e517ea785f1471c71c6e9ab7c1b02bac37a0cfcf34f,GRP-04-09,medium,validation,ocr,False,False,False
DOC-0251,loan_application_form_DOC-0251.docx,docx,Loan application form,"<?xml version='1.0' encoding='UTF-8'?>
<w:document>
<w:title>Loan application form</w:title>
<w:body>LOAN APPLICATION FORM (S YNTHETI C)
Applicant: Fatima Gupta
PAN: KQGFE4589Z
Emp1oyment: Helios Manufacturing Pv7 Ltd
Requ ested amou nt: INR 2,4 01,821.85
Purp0se: Home
Dec1ared monthly inc0me: INR 168,315.15
Existin9 bank: S7ate B ank of India  A/c 224491128127
Address: 144 MG Road , Ahmedabad 465984
 Declara7ion: information is true and complete. Pr0c3ssin9 fee as applicable. 
</w:body>
</w:document>
",507,cbfb6b2dbe7f39c499593ec312aafe5f80a8dd2dcdffae99d442441e67c3b475,GRP-04-10,medium,train,noisy,False,False,False
DOC-0252,legal_contract_0252.docx,docx,Loan application form,"<?xml version='1.0' encoding='UTF-8'?>
<w:document>
<w:title>Loan application form</w:title>
<w:body>LOAN APPLICATION FORM (SYNTHETIC)
Applicant: Arjun Menon
PAN: KSOEO0064E
Employment: Nimbus Payments Pvt Ltd
Requested amount: INR 1,526,681.05
Purpose: LAP
Declared monthly income: INR 54,387.31
Existing bank: State Bank of India  A/c 762873404344
Address: 224 Industrial Area, Bengaluru 442163
Declaration: information is true and complete. Processing fee as applicable.
</w:body>
</w:document>
",498,85988d2e05e377b6752d5c51c34702a3e0d47e5ca8d52591454b1eaa8e2e9bb4,GRP-04-11,easy,train,clean,False,False,True
DOC-0253,salary_slip_0253.pdf,pdf,Loan application form,"%PDF-1.4
% synthetic text-bearing stand-in
1 0 obj
<< /Title (Loan application form) >>
stream
LOAN APPLICATION  FORM (SYNTHETIC)
Applicant: Kabir Kh4n
PAN: QXKGH2290P
Employment: Meridian Textiles Pvt Ltd
Requested amount: INR 2,193,535.64
Purpose: Personal
Declared monthly income: INR 67,950.12
Existing bank: ICICI Bank  A/c 7 18135752514
Addre ss: 46 Indus7rial Area, Ben9aluru 445917
Declaration: information is true and complete. Processing fee as applicable.
Attached: bank statement and ID  copies lis ted in annex.

endstream
endobj
%%EOF
",549,5a56443f71a74836dabcd2cf7a55a69281369ba3100bc96d9e13596fbed70875,GRP-04-12,hard,train,ocr,False,False,True
DOC-0254,loan_application_form_DOC-0254.tiff,tiff,Loan application form,"SYNTHETIC-TIFF-IMAGE
# raster stand-in; OCR text follows
TITLE: Loan application form
LOAN APPLICATION FORM (SYNTHETIC)
Applicant: Meera Gupta
PAN: URFLX2804P

",160,6777ca8751b6d2b2bc14f4ee89ed1b8c6fb94e7edbf39da44ba0866d3eb75de5,GRP-04-13,medium,train,sparse,False,False,False
DOC-0255,loan_application_form_DOC-0255.jpg,jpg,Loan application form,"SYNTHETIC-JPG-IMAGE
# raster stand-in; OCR text follows
TITLE: Loan application form
LOAN APPLICATION FORM (SYNTHETIC)
Applicant: Ananya Khan
PAN: JBXLP0932T
Employment: Nimbus Payments Pvt Ltd
Requested amount: INR 1,062,390.54
Purpose: Personal
Declared monthly income: INR 195,072.01
Existing bank: ICICI Bank  A/c 324931272386
Address: 211 MG Road, Delhi 518082
Declaration: information is true and complete. Processing fee as applicable.

",444,87bbf1d6c1cbfa725f488f3dbe4b64bee0fabe84630fbc7c8177c0f8f63fb8bc,GRP-04-14,easy,train,clean,False,False,False
DOC-0256,loan_application_form_DOC-0256.pdf,pdf,Loan application form,"%PDF-1.4
% synthetic text-bearing stand-in
1 0 obj
<< /Title (Loan application form) >>
stream
LOAN APPLICATION FORM (SYNTHETIC)
Applicant: Fatima Sharma
PAN: EUFES3363W
Employment: Harborlight Logistics Ltd
Requested amount: INR 582,346.86
Purpose: Education
Declared monthly income: INR 107,669.43
Existing bank: Axis Bank  A/c 465051317752
Address: 240 Residency, Bengaluru 462692
Declaration: information is true and complete. Processing fee as applicable.
Attached: bank statement and ID copies listed in annex.

endstream
endobj
%%EOF
",541,861dcc80417ef458f3aa1ee6b8b45ba1330fa206a50d2c72aabd21ea90c1d1cf,GRP-04-15,hard,train,clean,False,False,False
DOC-0257,loan_application_form_DOC-0257.pdf,pdf,Loan application form,"%PDF-1.4
% synthetic text-bearing stand-in
1 0 obj
<< /Title (Loan application form) >>
stream
LOAN APPLICATION FORM  (SYNTHETIC)
Applicant:  Meera Reddy
PAN: OGBNK6209U
Employ ment: Meridian Textiles Pvt Ltd
Requested amount: INR 1,081,480.73
Purpose: Home
Declared m0nthl y income: INR 37,789.05
Existing  bank: ICICI Bank  A/c 831175378124
Addres s : 167 Indus7rial Area, Mumbai 510893
D3claration: information is tru e and compl3t3. Pr0cessing fee as applic4ble.
A7tached: bank st4tement and ID copies listed i n annex.

endstream
endobj
%%EOF
",548,9efc26fe7ed4e76123566a520cc600ef56c858eee8321dfb6bad2110a36df22a,GRP-04-16,hard,train,noisy,False,False,False
DOC-0258,loan_application_form_DOC-0258.tiff,tiff,Loan application form,"SYNTHETIC-TIFF-IMAGE
# raster stand-in; OCR text follows
TITLE: Loan application form
LOAN APPLICATION FORM ( SYNTHETIC)
A ppli cant: Fatima J0shi
PAN: CIGWG7113H
Employment: Nimbus Payments Pvt Ltd
R3quested 4mount: INR 178,614 .60
Purpose: LAP
D3clared monthly inc0me: INR 187,243.05
Existing bank: HDFC Bank  A/c 156736517690
A ddress: 38 Lake View, Bengaluru 527 934
Declaration: information is true and  complet3. Proce5sing fee as applicable.

",450,18b9ec1c83b84722c76e11f6010a0d790d5579fe2a9a43f6c49ca58e863e927a,GRP-04-17,medium,train,noisy,False,False,False
DOC-0259,loan_application_form_DOC-0259.pdf,pdf,Loan application form,"%PDF-1.4
% synthetic text-bearing stand-in
1 0 obj
<< /Title (Loan application form) >>
stream
LOAN APPLICATION FORM (SYNTHETIC)
App1icant: Fa7ima Khan
PAN: KRNR Q1898K
Employm ent: Helios Manuf4cturing Pvt Ltd 
Requested amount: INR 2,322,099.63
Purpo5e: LAP
Dec lared monthly income: INR 117,709.68
Exis7in9 bank: HDFC 8an k  A/ c 125860121943
Addre5s:  148 Lake View, Ahmed abad 479289
Declaration: information is true 4nd c0mplete. Processing fee as applicable.
Attached: bank statement and ID cop ie5 li5ted i n annex.

endstream
endobj
%%EOF
",548,da135974b0c55b48ee0b2df73b2ce84f282e4668a3a97ffebd17e9810776278b,GRP-04-18,hard,train,noisy,False,False,False
DOC-0260,loan_application_form_DOC-0260.tiff,tiff,Loan application form,"SYNTHETIC-TIFF-IMAGE
# raster stand-in; OCR text follows
TITLE: Loan application form
LOAN APPLICATION FORM (SYNTHETIC)
Applicant: Sneha Gupta
PAN: AVULC0999C
Employment: Nimbus Payments Pvt Ltd
Requested amount: INR 414,806.06
Purpose: Education
Declared monthly income: INR 182,326.13
Existing bank: ICICI Bank  A/c 909359405142
Address: 181 MG Road, Bengaluru 499620
Declaration: information is true and complete. Processing fee as applicable.

",448,90c547f240c7a42c4f99fc618e052a7108a8754638bbe5a530cd566229ee0539,GRP-04-19,easy,train,clean,False,False,False
DOC-0261,loan_application_form_DOC-0261.docx,docx,Loan application form,"<?xml version='1.0' encoding='UTF-8'?>
<w:document>
<w:title>Loan application form</w:title>
<w:body>LOAN APPLICATION FORM (SYNTHETIC)
Applicant: Arjun Sharma
PAN: CMALH8981C
Employment: Helios Manufacturing Pvt Ltd
Requested amount: INR 825,498.98
Purpose: Home
Declared monthly income: INR 134,872.21
Existing bank: Kotak Mahindra Bank  A/c 931531935018
Address: 198 Residency, Bengaluru 550653
Declaration: information is true and complete. Processing fee as applicable.
</w:body>
</w:document>
",498,065d0e7f8b93554ff5ed7a7a6f78de610bbdb3956117017f95c1b99a06af3ecc,GRP-04-20,easy,train,clean,False,False,False
DOC-0262,loan_application_form_DOC-0262.jpg,jpg,Loan application form,"SYNTHETIC-JPG-IMAGE
# raster stand-in; OCR text follows
TITLE: Loan application form
LOAN APPLICATION FORM (SYNTHETIC)
Applicant: Vikram Das
PAN: RTMCP2029A
Employment: Helios Manufacturing Pvt Ltd
Requested amount: INR 875,326.60
Purpose: Education
Declared monthly income: INR 112,453.50
Existing bank: ICICI Bank  A/c 833673826289
Address: 107 Lake View, Chennai 447623
Declaration: information is true and complete. Processing fee as applicable.

",451,021964b1f4aabb259ead01fef325c09edf2ea9891cd3c52e4194ca644eb271e3,GRP-04-21,easy,train,clean,False,False,False
DOC-0263,loan_application_form_DOC-0263.pdf,pdf,Loan application form,"%PDF-1.4
% synthetic text-bearing stand-in
1 0 obj
<< /Title (Loan application form) >>
stream
LOAN APPLICATION FORM (SYNTHETIC)
Applicant: Meera Joshi
PAN: VGMGB2113T

endstream
endobj
%%EOF
",192,48d17e25883ca35ad87c30f63cda4804498f744d988b428e4398dec619c2eccf,GRP-04-22,medium,test,sparse,False,False,False
DOC-0264,loan_application_form_DOC-0264.jpg,jpg,Loan application form,"SYNTHETIC-JPG-IMAGE
# raster stand-in; OCR text follows
TITLE: Loan application form
LOAN APPLICATION FORM (SYNTHETIC) 
Applicant: Fatima Menon
PAN: GYOHN1913S
Employme nt: Ced ar Grove Proper ties Ltd
Requested amount: INR 1,003,242.76
Purpo5e: LAP
De cl4red monthly income: INR 120,866.81
Exis7ing bank: State Bank of Indi4  A/c 713008977945
Address: 69 Residency, Mu mbai 528714
Declaration: information is true and complete. Processing fee as applica ble.
Attached: b ank 5tatement and ID c0pi3s listed in annex.

",518,50057cb5cc715dd7e2cb7315b6a4be245f3068f1d2cd70694955af2b8c240990,GRP-04-23,hard,train,ocr,False,False,False
DOC-0265,loan_application_form_DOC-0265.png,png,Loan application form,"SYNTHETIC-PNG-IMAGE
# raster stand-in; OCR text follows
TITLE: Loan application form
LOAN APPLICATION FORM (SYNTHETIC)
Applicant: Meera Das
PAN: XOEFG5679R
Employment: Helios Manufacturing Pvt Ltd
Requested amount: INR 1,080,127.32
Purpose: Education
Declared monthly income: INR 121,599.30
Existing bank: Kotak Mahindra Bank  A/c 516397845991
Address: 68 Lake View, Ahmedabad 427692
Declaration: information is true and complete. Processing fee as applicable.

",462,ef8a51de7f531be37721679b3204553da7445067c7d3e02ff5072755c329d802,GRP-04-24,easy,train,clean,False,False,False
DOC-0266,loan_application_form_DOC-0266.pdf,pdf,Loan application form,"%PDF-1.4
% synthetic text-bearing stand-in
1 0 obj
<< /Title (Loan application form) >>
stream
LOAN APPLICATION FORM (SYNTHETIC)
Applican7: Meera Menon
PAN: RVMEH4896B
Emp1oyment: Harborlight Lo gistics Ltd
Requested amount: INR 1,090,413.79
Purpose: P3rsonal
Declared mon thly income: INR 84,275.48
Existing bank: Axis Bank  A/c 712451662482
Address: 217 MG Road, Chennai 447209
Declarati0n: information is true and complete. Processing f3e as applic4ble.

endstream
endobj
%%EOF
",481,b8aa44994e0d6967c614bbc5d322893297eeabbfd558c648f645afcf114236f9,GRP-04-25,medium,train,ocr,False,False,False
DOC-0267,loan_application_form_DOC-0267.pdf,pdf,Loan application form,"%PDF-1.4
% synthetic text-bearing stand-in
1 0 obj
<< /Title (Loan application form) >>
stream
LOAN APPLICATION FORM (SYNTHETIC)
Applicant: Ananya Menon
PAN: QAVOY2771X
Employment: Helios Manufacturing Pvt Ltd
Requested amount: INR 728,698.02
Purpose: Education
Declared monthly income: INR 171,512.19
Existing bank: Axis Bank  A/c 679535654618
Address: 61 Industrial Area, Mumbai 503878
Declaration: information is true and complete. Processing fee as applicable.

endstream
endobj
%%EOF
",489,82924ec60083b4dc405254f1b5506ea48f38bb1069ee498506cc9e4d3b8b52f7,GRP-04-26,easy,validation,clean,False,False,False
DOC-0268,loan_application_form_DOC-0268.docx,docx,Loan application form,"<?xml version='1.0' encoding='UTF-8'?>
<w:document>
<w:title>Loan application form</w:title>
<w:body>LOAN APPLICATION FORM (SYNTHETIC)
Applicant: Dev Nair
PAN: LLLNW6993Y
Employment: Cedar Grove Properties Ltd
Requested amount: INR 2,060,186.34
Purpose: Personal
Declared monthly income: INR 78,179.83
Existing bank: State Bank of India  A/c 671066131587
Address: 202 Lake View, Ahmedabad 548201
Declaration: information is true and complete. Processing fee as applicable.
</w:body>
</w:document>
",497,4b554a88f3ae8e6ccab52264e94fbbbdb72ff4902f79028be2777cad1fe25103,GRP-04-27,easy,train,clean,False,False,False
DOC-0269,credit_card_statement_0269.pdf,pdf,Loan application form,"%PDF-1.4
% synthetic text-bearing stand-in
1 0 obj
<< /Title (Loan application form) >>
stream
LOAN APPLICATION FORM (SYNTHETIC)
Applican t: Fatima  Sharma
PA N: CIARB9794B
Empl0ym3nt: Nimbus Payments Pv7 Ltd
Requested amount:  INR  1,499,851.12
Purpose: Personal
Decl4red monthly income: INR 214, 210 .46
 Exi5ting bank: Kotak Mah indra Bank  A/c 673048071647
Address: 166 MG R0ad, Ahmedabad 482619
Declar4tion: information is true and complete. Proc essing f3e as appli cable.

endstream
endobj
%%EOF
",503,b1418c23868d32d5ca88a3fe5f413bc8be35d4ee560a765551d5bfd7a996e1d6,GRP-04-28,medium,train,noisy,False,False,True
DOC-0270,bank_statement_0270.png,png,Loan application form,"SYNTHETIC-PNG-IMAGE
# raster stand-in; OCR text follows
TITLE: Loan application form
LOAN APPLICATION FORM (SYNTHETIC)
Applicant: Fatima Das
PAN: FFDZA8359R

",158,12fde9e57d398fe879373c48a9d89749326d60699bf57ed3160548d945d6f64a,GRP-04-29,medium,train,sparse,False,False,True
DOC-0271,loan_application_form_DOC-0271.jpg,jpg,Loan application form,"SYNTHETIC-JPG-IMAGE
# raster stand-in; OCR text follows
TITLE: Loan application form
LOAN APPLICATION FORM (SYNTHETIC)
Applicant: Sneha Patel
PAN: XHJAS3527Y

",159,c989e86373877db0ac443905b14e3621d4c56e8e7d0458b4cfd5090474ec9c03,GRP-04-30,medium,validation,sparse,False,False,False
DOC-0272,loan_application_form_DOC-0272.jpg,jpg,Loan application form,"SYNTHETIC-JPG-IMAGE
# raster stand-in; OCR text follows
TITLE: Loan application form
LOAN APPLICATION FORM (SYNTHETIC)
Applicant: Ananya Patel
PAN: TPHHV7343C
Employment: Helios Manufacturing Pvt Ltd
Requested amount: INR 1,580,470.79
Purpose: LAP
Declared monthly income: INR 85,715.10
Existing bank: Axis Bank  A/c 475161707310
Address: 236 Lake View, Delhi 418011
Declaration: information is true and complete. Processing fee as applicable.

",445,87fa4db46eb1e0790938ea7cd885e371349b318ef733b1b276cec678e8eadbae,GRP-04-31,easy,test,clean,False,False,False
DOC-0273,loan_application_form_DOC-0273.jpg,jpg,Loan application form,"SYNTHETIC-JPG-IMAGE
# raster stand-in; OCR text follows
TITLE: Loan application form
LOAN APPLICATION FORM (SYNTHETIC)
Applicant: Isha Sharma
PAN: JIYXA6734N
Employment: Nimbus Payments Pvt Ltd
Requested amount: INR 899,527.06
Purpose: Home
Declared monthly income: INR 202,550.12
Existing bank: State Bank of India  A/c 426548314173
Address: 224 MG Road, Mumbai 429885
Declaration: information is true and complete. Processing fee as applicable.

",448,12cec0d78262229b6b6fac869662eaaa8c09b5fc162c250b77664cbf13d5b7d2,GRP-04-32,easy,train,clean,False,False,False
DOC-0274,loan_application_form_DOC-0274.jpg,jpg,Loan application form,"SYNTHETIC-JPG-IMAGE
# raster stand-in; OCR text follows
TITLE: Loan application form
LOAN APPLICATION FORM (SYNTHETIC)
Applicant: Kabir Reddy
PAN: HRJDO8852Z
Employment: Meridian Textiles Pvt Ltd
Requested amount: INR 1,088,210.97
Purpose: Home
Declared monthly income: INR 44,678.26
Existing bank: State Bank of India  A/c 177039902059
Address: 99 Residency, Bengaluru 501429
Declaration: information is true and complete. Processing fee as applicable.

",455,680f4af3085bee6e1386e718db304d86a59bf0590c35fc305fb2e9ba5f03d6e6,GRP-04-33,easy,validation,clean,False,False,False
DOC-0275,salary_slip_0275.png,png,Loan application form,"SYNTHETIC-PNG-IMAGE
# raster stand-in; OCR text follows
TITLE: Loan application form
LOAN APPLICATION FORM (SYNTHETIC)
Applicant: Arjun Khan
PAN: DJTTI8569R
Employment: Cedar Grove Properties Ltd
Requested amount: INR 672,910.16
Purpose: LAP
Declared monthly income: INR 81,792.29
Existing bank: Axis Bank  A/c 828934493637
Address: 46 Residency, Kolkata 549474
Declaration: information is true and complete. Processing fee as applicable.

",440,d4412222bdcb149eaee0d549485cdad2c756b99eb83889c0a8d2aec77c6a6131,GRP-04-34,easy,train,clean,False,False,True
DOC-0276,loan_application_form_DOC-0276.pdf,pdf,Loan application form,"%PDF-1.4
% synthetic text-bearing stand-in
1 0 obj
<< /Title (Loan application form) >>
stream
LOAN APPLICATION FORM (SYNTHETIC)
Applicant: Vikram Gupta
PAN: XDFRG2908I
Employment: Cedar Grove Properties Ltd
Requested amount: INR 1,166,904.68
Purpose: Personal
Declared monthly income: INR 109,857.55
Existing bank: ICICI Bank  A/c 328857397219
Address: 102 Residency, Delhi 449594
Declaration: information is true and complete. Processing fee as applicable.

endstream
endobj
%%EOF
",483,d62d4fbd91af09dc36ee3eb8eee17034f4b1afaf4244476ab6e96bfc796e5cab,GRP-04-35,easy,test,clean,False,False,False
DOC-0277,loan_application_form_DOC-0277.xlsx,xlsx,Loan application form,"title,Loan application form
r0,LOAN AP PLICA TION FORM (SYNTHETIC)
r1,Applicant: Rahul Josh i
r2,PAN: PSRDG8924I
r3,Employmen7:  Harborli9ht Logistics L7d
r4,R3que5ted amoun t: INR 8 93;923.38
r5,Purpose: Education
r6,Declar3d monthly income: INR 172;715.62
r7,Ex isting bank: Axis 8ank  A/c 347901222574
r8,Address: 41 L4ke Vi3w; Mumbai 482390
r9,Declaration: i nformation is true and complete. Processing fee as applicable.
r10,Attach3d: bank 57atement  and ID  copies listed in annex.
",488,fd31872bdb877aa87ee0ab1f276dbf3ead360a24e9cc72f06c8418911ed5c519,GRP-04-36,hard,validation,noisy,False,False,False
DOC-0278,loan_application_form_DOC-0278.jpg,jpg,Loan application form,"SYNTHETIC-JPG-IMAGE
# raster stand-in; OCR text follows
TITLE: Loan application form
LOAN APPLICATION FORM (SYNTHETIC)
Applicant: Rahul Nair
PAN: SGKAK5569Z
Employment: Meridian Textiles Pvt Ltd
Requested amount: INR 1,657,008.87
Purpose: LAP
Declared monthly income: INR 216,447.26
Existing bank: HDFC Bank  A/c 874215087873
Address: 201 Lake View, Chennai 450326
Declaration: information is true and complete. Processing fee as applicable.
Attached: bank statement and ID copies listed in annex.

",499,8d3f5b7401682850e81b5bece33971531774f34401e8bf5546d47f297c02eb97,GRP-04-37,hard,train,clean,False,False,False
DOC-0279,class_10_marksheet_0279.pdf,pdf,Loan application form,"%PDF-1.4
% synthetic text-bearing stand-in
1 0 obj
<< /Title (Loan application form) >>
stream
LOAN APPLICATION FORM (SYNTHETIC)
Applicant: Arjun Patel
PAN: QFHOI9703F
Employment: Meridian Textiles Pvt Ltd
Requested amount: INR 1,900,809.87
Purpose: Home
Declared monthly income: INR 89,915.97
Existing bank: ICICI Bank  A/c 226715499820
Address: 94 Industrial Area, Kolkata 472628
Declaration: information is true and complete. Processing fee as applicable.

endstream
endobj
%%EOF
",483,9a0b353f1e9dd33e1472878e8e79272ffa107ea1ea14858ef19399f64f89fcd7,GRP-04-38,easy,test,clean,False,False,True
DOC-0280,loan_application_form_DOC-0280.pdf,pdf,Loan application form,"%PDF-1.4
% synthetic text-bearing stand-in
1 0 obj
<< /Title (Loan application form) >>
stream
LOAN APPLICATION FORM (SYNTHETIC)
Applicant: Fatima Patel
PAN: MYXRV7149K
Employment: Nimbus Payments Pvt Ltd
Requested amount: INR 2,423,671.35
Purpose: Home
Declared monthly income: INR 132,727.62
Existing bank: ICICI Bank  A/c 672497734497
Address: 95 Lake View, Bengaluru 526271
Declaration: information is true and complete. Processing fee as applicable.

endstream
endobj
%%EOF
",479,040e9e440a3f6d7735b2e1462e657a088c3d538165ab75a86d78eb1bb499880c,GRP-04-39,easy,train,clean,False,False,False
DOC-0281,loan_application_form_DOC-0281.pdf,pdf,Loan application form,"%PDF-1.4
% synthetic text-bearing stand-in
1 0 obj
<< /Title (Loan application form) >>
stream
LOAN APPLICATION FORM (SYNTHETIC)
Applicant: Vikram Joshi
PAN: QGJQW5268J

endstream
endobj
%%EOF
",193,db1eac4968dc7b64a27eae646306c9648698a229ea61a6d3e70962edca70481d,GRP-04-40,hard,validation,sparse,False,False,False
DOC-0282,loan_application_form_DOC-0282.tiff,tiff,Loan application form,"SYNTHETIC-TIFF-IMAGE
# raster stand-in; OCR text follows
TITLE: Loan application form
LOAN APPLICATION FORM (SYNTHETIC)
Applicant: Ananya Menon
PAN: WVGGL4837G
Employment: Cedar Grove Properties Ltd
Requested amount: INR 2,250,775.13
Purpose: Education
Declared monthly income: INR 195,627.45
Existing bank: State Bank of India  A/c 432140328730
Address: 50 Lake View, Ahmedabad 441494
Declaration: information is true and complete. Processing fee as applicable.

",464,e265c6ce64288791599ad71297fe4e845032b33dddb14d3e416a571a7d81a13e,GRP-04-41,easy,test,clean,False,False,False
DOC-0283,property_and_collateral_documents_0283.eml,eml,Loan application form,"From: records-noreply@synthetic.example
To: intake@lender.example
Subject: Loan application form
MIME-Version: 1.0
Content-Type: text/plain; charset=UTF-8

LOAN APPLICATION FORM (SYNTHETIC)
Applicant: Fatima Nair
PAN: CLVSU2637S
Employment: Cedar Grove Properties Ltd
Requested amount: INR 1,992,439.24
Purpose: Home
Declared monthly income: INR 132,050.50
Existing bank: ICICI Bank  A/c 709185460567
Address: 69 MG Road, Ahmedabad 515379
Declaration: information is true and complete. Processing fee as applicable.
Attached: bank statement and ID copies listed in annex.

",573,bb3a290a0e835a91f04c9990a1ced8e8f11ef4e8ff28f4e07aafebb53bb93ef4,GRP-04-42,hard,train,clean,False,False,True
DOC-0284,loan_application_form_DOC-0284.jpg,jpg,Loan application form,"SYNTHETIC-JPG-IMAGE
# raster stand-in; OCR text follows
TITLE: Loan application form
LOAN APPLICATION FORM (SYNTHETIC)
Applicant: Ananya Patel
PAN: EFHLP4664U
Employment: Meridian Textiles Pvt Ltd
Requested amount: INR 1,239,728.08
Purpose: Personal
Declared monthly income: INR 149,282.63
Existing bank: HDFC Bank  A/c 238322911713
Address: 118 MG Road, Kolkata 558137
Declaration: information is true and complete. Processing fee as applicable.

",448,d5feef41a8510aa1cd37e8f94cbb98e9508c14d46a69474ae1390e1f365e5336,GRP-04-43,easy,train,clean,False,False,False
DOC-0285,loan_application_form_DOC-0285.msg,msg,Loan application form,"From: records-noreply@synthetic.example
To: intake@lender.example
Subject: Loan application form
MIME-Version: 1.0
Content-Type: text/plain; charset=UTF-8

LOAN APPLICATION FORM (SYNTHETIC)
Applicant: Arjun Patel
PAN: GXSHC9983Z
Employment: Meridian Textiles Pvt Ltd
Requested amount: INR 1,599,583.93
Purpose: LAP
Declared monthly income: INR 66,712.07
Existing bank: Axis Bank  A/c 396929878930
Address: 77 Industrial Area, Kolkata 543545
Declaration: information is true and complete. Processing fee as applicable.

",519,1612bcf12e326b869623837398c1e388b353ccc4a64e35428c2971bff951bc04,GRP-04-00,easy,train,clean,True,False,False
DOC-0286,loan_application_form_DOC-0286.pdf,pdf,Loan application form,"%PDF-1.4
% synthetic text-bearing stand-in
1 0 obj
<< /Title (Loan application form) >>
stream
LOAN APPLICATION FORM (SYNTHETIC)
A pplicant: Arjun Reddy
PAN: C P8RW3983G
Employment: Cedar  Grove Properties Ltd
Requested amount : INR 381,291.18 
Purpose: LAP
D eclared monthly income: INR 62,930.37
Existing bank: State Bank o f Indi4  A/c 17 0956006164 
Address: 119 MG Road, Ahmedabad 401 524
 Declaration: inf0rmation is  true and complete. Processing fee as 4pplicable.

endstream
endobj
%%EOF
",497,b937b3f3d5c11d549a6db428160cb24d3e9037baeac0c60aa6491cfc2a9ecf28,GRP-04-01,medium,train,ocr,True,False,False
DOC-0287,loan_application_form_DOC-0287.eml,eml,Loan application form,"From: records-noreply@synthetic.example
To: intake@lender.example
Subject: Loan application form
MIME-Version: 1.0
Content-Type: text/plain; charset=UTF-8

LOAN APPLICATION FORM (SYNTHETIC)
Appli cant: Sneh4 Das
PAN: FSRPF 6195G
Employment: Meridian Textiles Pvt Ltd
Reque sted amount: INR 679,714.92
Purpose: Education
Declared month1y income: INR 152,727.22
Existing bank: Axis B ank  A/c 256162764018 
Address: 238 MG Road, Pune 402605
Declaration: in formation is true and comp1ete. Processing fee as applicable.
Attached: bank statement and ID copies listed in annex.

",574,51ce412c6cbad7ce962137d0cf52c0f29827a6e5ae4964db18a282417779697f,GRP-04-02,hard,test,ocr,True,False,False
DOC-0288,loan_application_form_DOC-0288.png,png,Loan application form,"SYNTHETIC-PNG-IMAGE
# raster stand-in; OCR text follows
TITLE: Loan application form
LOAN APPLICATION FORM (SYNTHETIC)
Applicant: Isha Khan
PAN: LGDDL5938B
Employment: Harborlight Logistics Ltd
Requested amount: INR 1,707,009.29
Purpose: Personal
Declared monthly income: INR 120,134.46
Existing bank: HDFC Bank  A/c 655071018574
Address: 77 MG Road, Bengaluru 513686
Declaration: information is true and complete. Processing fee as applicable.

",446,c8db58fb03be81d04a1deb670c84ad7e3438a15bb797bf5bfe8b655d44e28a8a,GRP-04-03,easy,train,clean,True,False,False
DOC-0289,loan_application_form_DOC-0289.jpg,jpg,Loan application form,"SYNTHETIC-JPG-IMAGE
# raster stand-in; OCR text follows
TITLE: Loan application form
LOAN APPLICATION FORM (SYNTHETIC)
Applicant: Fatima Menon
PAN: PFDHA0711I

",160,a123e3e6d2b84c66f1cc39cc4fb9701c61d5b11b93a405252837b11a7c807eae,GRP-04-04,medium,test,sparse,True,False,False
DOC-0290,loan_application_form_DOC-0290.jpg,jpg,Loan application form,"SYNTHETIC-JPG-IMAGE
# raster stand-in; OCR text follows
TITLE: Loan application form
LOAN APPLICATION FORM (SYNTHETIC)
Applicant: Ananya Khan
PAN: KHEMB1094R
Employment: Nimbus Payments Pvt L7d
Reques7ed amount: INR 1,476,553.87
Purpose: Home
Dec1ar3d monthly income: INR 122,612.38
Existing bank: Axis Bank  A/c  608001426005
Addre5s: 74 Indu5trial Area, Mumbai 512315
Declaration: information is true and complete. Pr0cessing fee as applica ble.
Attached: bank statement and ID copies li5ted in annex.

",505,4004c3d6e58cf1d3c3b1f6417a50bb6f435d7421d9bd0b705cc2e1ab06e2e629,GRP-04-05,hard,train,ocr,True,False,False
DOC-0291,loan_application_form_DOC-0291.png,png,Loan application form,"SYNTHETIC-PNG-IMAGE
# raster stand-in; OCR text follows
TITLE: Loan application form
LOAN APPLICATION FORM (SYNTHETIC)
Applicant: Sneha Joshi
PAN: WUXVE6436H
Employment: C3dar Grove Prop e rties Ltd
Requested amount: INR 2,101,600.03
Purpose: Education
Declared monthly income: INR 125,951.92
Existing bank: S7ate Bank of India  A/c 143398231967
Address: 160 L4ke View , Mumbai 556871
Declar4tion: information is true 4nd complete. Processing fee as applica ble.

",464,0d99e757a979a471dcbfb9632e019a32997b482ee840910e132c3e10e51a7116,GRP-04-06,medium,train,ocr,True,False,False
DOC-0292,loan_application_form_DOC-0292.pdf,pdf,Loan application form,"%PDF-1.4
% synthetic text-bearing stand-in
1 0 obj
<< /Title (Loan application form) >>
stream
LOAN APPLICATION FORM (SYNTHETIC)
Applicant: Arjun Iyer
PAN: YIWER8331U
Employment: Meridian Textiles Pvt Ltd
Requested amount: INR 1,149,893.56
Purpose: LAP
Declared monthly income: INR 114,609.87
Existing bank: ICICI Bank  A/c 266632125766
Address: 117 Lake View, Pune 450103
Declaration: information is true and complete. Processing fee as applicable.
Attached: bank statement and ID copies listed in annex.

endstream
endobj
%%EOF
",530,f158041ed5b2835a99c0c26200c5d8ddab2be6689ed345c64522aabe5b6d22a8,GRP-04-07,hard,validation,clean,True,False,False
DOC-0293,loan_application_form_DOC-0293.pdf,pdf,Loan application form,"%PDF-1.4
% synthetic text-bearing stand-in
1 0 obj
<< /Title (Loan application form) >>
stream
LOAN APPLICATION FORM (SYNTHETIC)
Applicant: Fatima Khan
PAN: PUBRB9703N
Employment: Harborlight Logistics Ltd
Requested amount: INR 2,294,466.78
Purpose: Education
Declar3d monthly income: INR 199,582.08
Existing  bank: Axis Bank  A/c 310825393303
Address: 102 Residency, Mumbai 425317
Declaration: information is true and complete. Processing fee as applicable.

[rescanned copy; low-resolution archive]

endstream
endobj
%%EOF
",525,1c51a3ef5961cc54998f047e68709c16c4c89d6a5601ce50ac9f26e7ae079280,GRP-04-08,medium,train,ocr,False,True,False
DOC-0294,loan_application_form_DOC-0294.pdf,pdf,Loan application form,"%PDF-1.4
% synthetic text-bearing stand-in
1 0 obj
<< /Title (Loan application form) >>
stream
LOAN APPLICATION FORM (SYNTHETIC)
Applicant: Dev Gupta
PAN: PZGNL7624N
Employm3nt: Nimbu5 Payments Pvt Ltd
Requested amount: INR 1,883,345.50
Purpose: LAP
Declared monthly in c0me: INR 149,88 2.27
Existing bank: Axi s Bank  A/c 905026794934
Address: 160 Industrial Area, Ahmedabad 478824
Declaration: inf0rmation is tru3 4nd complete. Processing fee as applicab  le.

[rescanned copy; low-resolution archive]

endstream
endobj
%%EOF
",528,5133388fdacad6826044af56dd1e06207d0f936a56db7f8343289d8f9aad2a08,GRP-04-09,medium,validation,ocr,False,True,False
DOC-0295,loan_application_form_DOC-0295.docx,docx,Loan application form,"<?xml version='1.0' encoding='UTF-8'?>
<w:document>
<w:title>Loan application form</w:title>
<w:body>LOAN APPLICATION FORM (S YNTHETI C)
Applicant: Fatima Gupta
PAN: KQGFE4589Z
Emp1oyment: Helios Manufacturing Pv7 Ltd
Requ ested amou nt: INR 2,4 01,821.85
Purp0se: Home
Dec1ared monthly inc0me: INR 168,315.15
Existin9 bank: S7ate B ank of India  A/c 224491128127
Address: 144 MG Road , Ahmedabad 465984 
 Declara7ion: inf0rmation is true and complete. Pr0c3ssin9 fee as appl icable. 

[rescanned copy; low-resolution archive]
</w:body>
</w:document>
",551,a531f5c45b39cde775301d23ee260fe7f0a8139c7373d73816ebfa35cb4bf4de,GRP-04-10,medium,train,ocr,False,True,False
DOC-0296,loan_application_form_DOC-0296.docx,docx,Loan application form,"<?xml version='1.0' encoding='UTF-8'?>
<w:document>
<w:title>Loan application form</w:title>
<w:body>LOAN APPLICATION FORM (SYNTHETIC)
Applicant: Arjun Menon
PAN: KSOEO0064E
Employment: Nimbus Payments Pvt Ltd
Requested  amount: INR 1,526,681.05
Purpose: LAP
Declared monthly inc0me: INR 54,387.31
Existing bank: State Bank of India  A/c 762873404344
Address: 224 Industrial Ar ea, Be ngaluru 442163
Declaration: inform4tion is true and complete. Processing fee as applicable.

[rescanned copy; low-resolution archive]
</w:body>
</w:document>
",543,f5fb03949c9a3d4768e19b5e7d1098302a0f02536b182306f5a9e5e82dd96d71,GRP-04-11,medium,train,ocr,False,True,False
DOC-0297,loan_application_form_DOC-0297.pdf,pdf,Loan application form,"%PDF-1.4
% synthetic text-bearing stand-in
1 0 obj
<< /Title (Loan application form) >>
stream
LOAN APPLICATION  FORM  (SYNTHETIC)
Applicant: Kabir Kh4n
PAN: QXKGH2290P
Employment: Meridian Textiles Pvt Ltd
Requested amount: INR 2,193,535.64
Purpose: Personal 
Declared monthly income: INR 67,950.12
Existing bank: ICICI Bank  A/c 7 18135752514
Addre ss: 46 Indus7rial Area, Ben9aluru 445917
Declaration: information is true and comple7e. Processing fee as applicable.
Attached: bank statement and ID  copies lis ted in annex.

[rescanned copy; low-resolution archive]

endstream
endobj
%%EOF
",593,d1a6198b64a9bf33a621abe1a206113c491af4fff419cffc517fc6dde06297c0,GRP-04-12,hard,train,ocr,False,True,False
DOC-0298,loan_application_form_DOC-0298.tiff,tiff,Loan application form,"SYNTHETIC-TIFF-IMAGE
# raster stand-in; OCR text follows
TITLE: Loan application form
LOAN APPLICATION FORM (SYNTHETIC)
Applicant: Meera Gupta
PAN: URFLX2804P

[rescanned copy; low-resolution archive]

",202,e7619538c9e40b291464d36111fc78f855f1b3d296232717b88227e05b770fc2,GRP-04-13,medium,train,ocr,False,True,False
DOC-0299,loan_application_form_DOC-0299.jpg,jpg,Loan application form,"SYNTHETIC-JPG-IMAGE
# raster stand-in; OCR text follows
TITLE: Loan application form
LOAN APPLICATION FORM (SYNTHETIC)
Applicant: Ananya Khan
PAN: JBXLP0932T
Employment: Nimbus Payment5 Pvt Ltd
Requested amount: INR 1,062,390.54
Purpose: Personal
Declar3d monthly incom3: INR 195,072.01
Existing bank: ICICI Bank  A/c 324931272386
Address: 211  MG Road, D3lhi 518082
Decl4ration: information is true and complete. Proce5sing fee as applicable.

[rescanned copy; low-resolution archive]

",487,288d169898cc08ed2ddcf677cbf44b3ddb06be418d05b0f2f73f95b0b57dffa5,GRP-04-14,medium,train,ocr,False,True,False
DOC-0300,loan_application_form_DOC-0300.pdf,pdf,Loan application form,"%PDF-1.4
% synthetic text-bearing stand-in
1 0 obj
<< /Title (Loan application form) >>
stream
LOAN APPLICATION FORM (SYNTHETIC)
Appli cant: Fa7ima Sharma
PAN: EUFES3363W
Employment: Harborlight Lo gistics Ltd
Requested amount: INR 582,346.86
Purp 0se: Education
D3clared mon7hly income: INR 107,669.43
Existing bank: Axis Bank  A/c 465051317752
Address: 240 Residency, Bengaluru 462692
Declaration: information is true and complete. Processing fee as app1icable.
Att4ched: bank statement and ID copies listed in annex.

[rescanned copy; low-resolution archive]

endstream
endobj
%%EOF
",586,be47c18362a68db8f1840bc9b879ddcd2e7a8d7d0b211457c21958861f3d7d72,GRP-04-15,hard,train,ocr,False,True,False
DOC-0301,salary_slip_DOC-0301.eml,eml,Salary Slip,"From: records-noreply@synthetic.example
To: intake@lender.example
Subject: Salary Slip
MIME-Version: 1.0
Content-Type: text/plain; charset=UTF-8

Helios Manufacturing Pvt Ltd — SALARY SLIP
Employee: Sneha Reddy
Employee code: EMP8307
Pay period: Jun 2025
PAN: IKKUQ8056A
Basic: INR 39,585.00
HRA: INR 15,834.00
Special allowance: INR 7,917.00
PF / Tax deductions: INR 6,333.60
Net pay: INR 57,002.40
Credit to ICICI Bank A/c 167069696157

",441,431bde146809e8e85024f4c56835ab2b5ea6af6dfbd393ac884a91e8b6fc2055,GRP-05-00,easy,train,clean,False,False,False
DOC-0302,salary_slip_DOC-0302.pdf,pdf,Salary Slip,"%PDF-1.4
% synthetic text-bearing stand-in
1 0 obj
<< /Title (Salary Slip) >>
stream
Harborlight Logistics Ltd — SALARY SLIP
Employee: Ananya Patel
Employee code: EMP1438

endstream
endobj
%%EOF
",197,4578263fb27ba209d1679a0c31bedd7c36d3ceec10a9f26a7862c84c1dfdfcf3,GRP-05-01,hard,train,sparse,False,False,False
DOC-0303,salary_slip_DOC-0303.pdf,pdf,Salary Slip,"%PDF-1.4
% synthetic text-bearing stand-in
1 0 obj
<< /Title (Salary Slip) >>
stream
Helios Manufacturing Pvt Ltd — SALARY SLIP
Employee: Ananya Gupta
Employee code: EMP1429

endstream
endobj
%%EOF
",200,21deafa889184c000f18c45c01730127d36206ea501cc0db71b0e46e1eb8a958,GRP-05-02,medium,train,sparse,False,False,False
DOC-0304,salary_slip_DOC-0304.jpg,jpg,Salary Slip,"SYNTHETIC-JPG-IMAGE
# raster stand-in; OCR text follows
TITLE: Salary Slip
Meridi4n Textiles Pv t Ltd — SALARY S LIP
Employee: Isha Das
Empl0yee code: EMP5883
Pay peri0d : Apr 2025
PAN: AFHVS1737N
Basi c: INR 86,532.00
HRA: INR  34,612.8 0
Special allow4nce:  INR 17,306.40
PF / Tax d3ductions: INR 13,845.12
Net pay: INR 124,606.08
Credit to Axi s Bank A/c 115510915495
YTD TDS may be used for ITR working. This is a payslip, not a tax return.

",448,c33f91d9195511110294aa30282874f0bec74eede371ef4ab8fa5b88eebc0737,GRP-05-03,hard,train,ocr,False,False,False
DOC-0305,salary_slip_DOC-0305.png,png,Salary Slip,"SYNTHETIC-PNG-IMAGE
# raster stand-in; OCR text follows
TITLE: Salary Slip
Helios Manufacturing Pvt Ltd — SALARY SLIP
Employee: Sneha Reddy
Employee code: EMP3707
Pay period: Apr 2025
PAN: FUFMA9811W
Basic: INR 34,060.00
HRA: INR 13,624.00
Special allowance: INR 6,812.00
PF / Tax deductions: INR 5,449.60
Net pay: INR 49,046.40
Credit to ICICI Bank A/c 190541048631

",370,46442f1886d613240ffe939ad02aa612a09838198074d62ca7596015691c2798,GRP-05-04,easy,train,clean,False,False,False
DOC-0306,salary_slip_DOC-0306.jpg,jpg,Salary Slip,"SYNTHETIC-JPG-IMAGE
# raster stand-in; OCR text follows
TITLE: Salary Slip
Cedar Grove Properties Ltd — SALARY SLIP
Employee: Isha Khan
Employee code: EMP8670
Pay period: May 2025
PAN: PFSVG7923G
Basic: INR 115,952.00
HRA: INR 46,380.80
Special allowance: INR 23,190.40
PF / Tax deductions: INR 18,552.32
Net pay: INR 166,970.88
Credit to Kotak Mahindra Bank A/c 636350117705

",379,fcfd0cef1c7a0070f76fb76a1ff8f3d434b2ce5c20cc6988171f824997425dd3,GRP-05-05,easy,test,clean,False,False,False
DOC-0307,company_constitution_and_board_resolution_0307.pdf,pdf,Salary Slip,"%PDF-1.4
% synthetic text-bearing stand-in
1 0 obj
<< /Title (Salary Slip) >>
stream
Helios Manufacturing Pvt Ltd — SALARY SLIP
Employee: Isha Khan
Employee code: EMP3625
Pay period: Jul 2025
PAN: RDNNR2408U
Basic: INR 66,864.00
HRA: INR 26,745.60
Special allowance: INR 13,372.80
PF / Tax deductions: INR 10,698.24
Net pay: INR 96,284.16
Credit to State Bank of India A/c 955903704697
YTD TDS may be used for ITR working. This is a payslip, not a tax return.

endstream
endobj
%%EOF
",486,bb27efc66cab8b256bcf7caadd1015944e23488b88ff0d8835fd6656f8158be3,GRP-05-06,hard,train,clean,False,False,True
DOC-0308,salary_slip_DOC-0308.tiff,tiff,Salary Slip,"SYNTHETIC-TIFF-IMAGE
# raster stand-in; OCR text follows
TITLE: Salary Slip
Meridian Textiles Pvt Ltd — SALARY SLIP
Empl oy3e: Arjun Nair 
 Employee c0de: EMP2684
Pay period: Apr 2025
PAN: XSJGK7746G
Bas ic: INR 76,480.00
HRA: INR 30, 592.00
Specia l allowance: INR 15,296.00
PF / Tax deductions: INR 12,236.80
N3t pay: INR 110,131.20
Credi t to Axis 8ank A/c 7875 44168891

",377,9fecfa9d5c5f59e7ca50593edd2ae20c32eb997a8c1077474b7db56e18e77c54,GRP-05-07,medium,train,noisy,False,False,False
DOC-0309,salary_slip_DOC-0309.docx,docx,Salary Slip,"<?xml version='1.0' encoding='UTF-8'?>
<w:document>
<w:title>Salary Slip</w:title>
<w:body>Cedar Grove Properties Ltd — SALARY SLIP
Employee: Fatima Nair
Employee code: EMP1813
Pay period: Jul 2025
PAN: LQJAR1341J
Basic: INR 115,910.00
HRA: INR 46,364.00
Special allowance: INR 23,182.00
PF / Tax deductions: INR 18,545.60
Net pay: INR 166,910.40
Credit to Kotak Mahindra Bank A/c 643425888242
</w:body>
</w:document>
",420,af433f0dfd7a6a35d69eef21a6a541770a324eb29823d1505528a3c0b6099ac4,GRP-05-08,easy,train,clean,False,False,False
DOC-0310,salary_slip_DOC-0310.png,png,Salary Slip,"SYNTHETIC-PNG-IMAGE
# raster stand-in; OCR text follows
TITLE: Salary Slip
Heli0s Manufacturing Pvt Ltd — SALARY SL IP
Employee: An4nya Gupta
Employee code: EMP6230
Pa y period: Jul 2025
PAN: CCFRP8706I
8asic: INR 31,257.00
HRA: INR 12,502 .80
Special a1lowance: INR 6,251.40
PF / Tax deductions: INR 5,001.12
Net pay:  INR 4 5,010.08
Credit t0 HDFC Bank A/c 742960915110

",375,ffd93609a87f13d05901b81dcf732c3369c5363a99536a8b2945f530fd451437,GRP-05-09,medium,validation,noisy,False,False,False
DOC-0311,salary_slip_DOC-0311.pdf,pdf,Salary Slip,"%PDF-1.4
% synthetic text-bearing stand-in
1 0 obj
<< /Title (Salary Slip) >>
stream
Meridian Textiles Pvt Ltd — SALARY  SLIP
Employ e3: Vikram Nair
 Employee  code: EMP5521
Pay perio d: Ju 1 2025
PAN: HDVPM8958K
B4sic: INR 114,689.00
HRA: INR 45,875.60
Spe cial allowance: INR 22,937.80
PF / Tax deductions: INR 18,350.24
Net p ay: IN R 165,15 2.16
Cr3dit to State Bank of India A/c 750785996140

endstream
endobj
%%EOF
",423,5fc7a1cdc17c773e3136773d9fa27299fae4f946044af66e72d87d0f31e40de1,GRP-05-10,medium,test,ocr,False,False,False
DOC-0312,salary_slip_DOC-0312.docx,docx,Salary Slip,"<?xml version='1.0' encoding='UTF-8'?>
<w:document>
<w:title>Salary Slip</w:title>
<w:body>Meridi4n Textile s Pvt Ltd — SALARY SLIP
Employee: Meera Nair
Employee code: EMP5844
Pay period: Jun 2025
PAN: AQJUV4397U
Basi c: INR 71,400.00
HRA: INR 28,560.00
Special all0wance: INR 14,280.00
PF / Tax deductions: INR 11,424.00
Net p4y: INR 102,816.00
Credit to ICICI Bank A/c 9500045276 51
YTD TDS may be used for ITR wor king. This is a p4yslip, not a tax return.
</w:body>
</w:document>
",486,09c785928cf3406f5761e8d8ee3be4415754098a9c8bb0e73d2c6e384d5ae348,GRP-05-11,hard,validation,noisy,False,False,False
DOC-0313,salary_slip_DOC-0313.msg,msg,Salary Slip,"From: records-noreply@synthetic.example
To: intake@lender.example
Subject: Salary Slip
MIME-Version: 1.0
Content-Type: text/plain; charset=UTF-8

Harborligh7 Logistics Ltd —  SALA RY SLIP
Employe3: Rahul  Iyer
Emp loye e code: EMP1808
Pay p3riod: Jun 2025
PAN: JATZW1580T
Basic: INR 39,567.00
HRA: INR 15,826.80
Special all0wance: INR  7,913.40
PF / Tax deductions: INR 6,330.72
 Net pay:  INR 56,976.48
Credi7 to Axis Bank A/c 101235315685
YTD TDS m4y be used for ITR working. This is a payslip, not a tax return.

",518,0731f067cf52c623ff7ca4a540708f878b454c6f4c798147c1dd3e051e645cc3,GRP-05-12,hard,test,noisy,False,False,False
DOC-0314,proof_of_identity_0314.pdf,pdf,Salary Slip,"%PDF-1.4
% synthetic text-bearing stand-in
1 0 obj
<< /Title (Salary Slip) >>
stream
Harborlight Logistics Ltd — SALARY SLIP
Employee: Dev Menon
Employee code: EMP8349
Pay period: Jul 2025
PAN: CBWWU7607Q
Basic: INR 113,008.00
HRA: INR 45,203.20
Special allowance: INR 22,601.60
PF / Tax deductions: INR 18,081.28
Net pay: INR 162,731.52
Credit to State Bank of India A/c 477242181112

endstream
endobj
%%EOF
",411,ffa849d3bb9b1cc3a3b1237cb503e106e31a67ae8a2727643ca4eb8999d086bd,GRP-05-13,easy,train,clean,False,False,True
DOC-0315,bank_statement_0315.tiff,tiff,Salary Slip,"SYNTHETIC-TIFF-IMAGE
# raster stand-in; OCR text follows
TITLE: Salary Slip
Cedar Grove Properties Ltd — SALARY SLIP
Employee: Meera Khan
Employee code: EMP7638
Pay period: Jul 2025
PAN: JEAQR6228C
Basic: INR 115,421.00
HRA: INR 46,168.40
Special allowance: INR 23,084.20
PF / Tax deductions: INR 18,467.36
Net pay: INR 166,206.24
Credit to ICICI Bank A/c 239944303340

",372,29c1766e5f65fe6a5713fc2b7fde7053d43504345cfb12102c229f579b078442,GRP-05-14,easy,train,clean,False,False,True
DOC-0316,salary_slip_DOC-0316.pdf,pdf,Salary Slip,"%PDF-1.4
% synthetic text-bearing stand-in
1 0 obj
<< /Title (Salary Slip) >>
stream
Nimbus Payments Pvt Ltd — SALARY S LIP
Employee: Isha Da s
Employee code: EMP3548
Pay period: Jun 2025
PAN: JBMYT0064Q
Basic: INR 38,906.00 
HRA: INR 15,562.40
Speci4l allowance: INR 7,781.20
PF / Tax deductions: INR 6,224.96
Net pay:  INR 56,024.64
Credi7 to Kotak Mahindra Bank A/c 270136909367

endstream
endobj
%%EOF
",408,66cc8f490e85adf899a2d9350a1b2bad8bb830a08b657af2c6c7cb5eb712706b,GRP-05-15,medium,train,ocr,False,False,False
DOC-0317,class_12_marksheet_0317.pdf,pdf,Salary Slip,"%PDF-1.4
% synthetic text-bearing stand-in
1 0 obj
<< /Title (Salary Slip) >>
stream
Meridian Textiles Pvt Ltd — SALARY SLIP
Employee: Vikram Iyer
Employee code: EMP5574
Pay period: Apr 2025
PAN: NPHPD6550Z
Basic: INR 30,292.00
HRA: INR 12,116.80
Special allowance: INR 6,058.40
PF / Tax deductions: INR 4,846.72
Net pay: INR 43,620.48
Credit to ICICI Bank A/c 741034038281

endstream
endobj
%%EOF
",400,fd03e08b95ea183462b7650b610afe1c312bf90ba763352add391c7b6544e6e6,GRP-05-16,easy,train,clean,False,False,True
DOC-0318,bank_statement_0318.jpg,jpg,Salary Slip,"SYNTHETIC-JPG-IMAGE
# raster stand-in; OCR text follows
TITLE: Salary Slip
Nimbus Paymen ts Pvt Ltd — SALARY SLIP
Employee: Sneha Das
Employee code: EMP7301
Pay period: Apr 2025
PAN: PMYEH8836Y
Basic: INR 40,800.00
HRA: INR 16,320.00
Speci4l allowance: INR 8,160.00
PF / Tax deductions: INR 6,528.00
Ne7 pa y : INR 58,752.00
Credit to State Bank of Indi a A/c 733526299121
YTD TDS may be us3d for ITR w0rking. This is a pay5lip, not a  t4x return.

",451,b4c8cbc5d14fbb2fd56b3222a918d6873c08f39847466e3ed0f1b88a933191fe,GRP-05-17,hard,train,ocr,False,False,True
DOC-0319,salary_slip_DOC-0319.pdf,pdf,Salary Slip,"%PDF-1.4
% synthetic text-bearing stand-in
1 0 obj
<< /Title (Salary Slip) >>
stream
Cedar Grove Properties Ltd — SALARY SLIP
Employee: Vikram  Das
Empl0yee code: EMP5326
Pay period: Apr 2025
PAN: FVLCO5787W
Basic: INR 67,3 84.00
HRA: INR 26,953.60
Special all0wance: INR 13,476.80
PF /  Tax deductions: INR 10,781.44
Net pay: INR 97,032.96
Credit t0 Axis Bank A/c 796384399376

endstream
endobj
%%EOF
",404,b48716655180ec54d73ed629c590a4642a408d047f13889c529a20da65da1dc0,GRP-05-18,medium,train,noisy,False,False,False
DOC-0320,salary_slip_DOC-0320.pdf,pdf,Salary Slip,"%PDF-1.4
% synthetic text-bearing stand-in
1 0 obj
<< /Title (Salary Slip) >>
stream
Harborlight Logistics Ltd — SALARY SLIP
Employee: Rahul Menon
Employee code: EMP6496
Pay period: Jul 2025
PAN: NSTQR6390X
Basic: INR 78,710.00
HRA: INR 31,484.00
Special allowance: INR 15,742.00
PF / Tax deductions: INR 12,593.60
Net pay: INR 113,342.40
Credit to ICICI Bank A/c 169352715472

endstream
endobj
%%EOF
",403,c5f5e1014631cbea932cabcb22f34c5b02bf3c52c63a847c35eeddb30ef9eaec,GRP-05-19,easy,train,clean,False,False,False
DOC-0321,bank_statement_0321.txt,txt,Salary Slip,"Salary Slip

Helios Manufacturing Pvt Ltd — SALARY SLIP
Employee: Isha Reddy
Employee code: EMP7119
Pay period: May 2025
PAN: OMCVD0371B
Basic: INR 34,520.00
HRA: INR 13,808.00
Special allowance: INR 6,904.00
PF / Tax deductions: INR 5,523.20
Net pay: INR 49,708.80
Credit to State Bank of India A/c 946350895666
YTD TDS may be used for ITR working. This is a payslip, not a tax return.

",390,d6702b78da57d68f5f119e64f6e2bd96025bc46686bca1610c602d533da26062,GRP-05-20,hard,train,clean,False,False,True
DOC-0322,salary_slip_DOC-0322.jpg,jpg,Salary Slip,"SYNTHETIC-JPG-IMAGE
# raster stand-in; OCR text follows
TITLE: Salary Slip
Harborlight Logistics Ltd — SALARY SLIP
Employee: Kabir Patel
Employee code: EMP2881
Pay period: Jun 2025
PAN: AGSCS7534Q
Basic: INR 69,597.00
HRA: INR 27,838.80
Special allowance: INR 13,919.40
PF / Tax deductions: INR 11,135.52
Net pay: INR 100,219.68
Credit to Kotak Mahindra Bank A/c 933740203351

",379,66b1da963609f57bc0809d3ffd2c357fe0f5940f4eeaeb47ac41e13860ec2035,GRP-05-21,easy,test,clean,False,False,False
DOC-0323,salary_slip_DOC-0323.docx,docx,Salary Slip,"<?xml version='1.0' encoding='UTF-8'?>
<w:document>
<w:title>Salary Slip</w:title>
<w:body>Helios Manufacturing Pvt Ltd — SALARY SLIP
Employee: Dev Joshi
Employee code: EMP6598
Pay period: Apr 2025
PAN: XMQJC1738L
Basic: INR 77,668.00
HRA: INR 31,067.20
Special allowance: INR 15,533.60
PF / Tax deductions: INR 12,426.88
Net pay: INR 111,841.92
Credit to Axis Bank A/c 156820684548
</w:body>
</w:document>
",409,fd84c27bd8910a49ae2a1d99997fe2dc31a38dba4b07d9d1f957954e417a89cb,GRP-05-22,easy,validation,clean,False,False,False
DOC-0324,salary_slip_DOC-0324.pptx,pptx,Salary Slip,"# Slide 1: Salary Slip

# Slide 2
Nimbus Payments Pvt Ltd — SALARY SLIP
Employee: Arjun Das
Employee code: EMP4366
Pay period: Jul 2025

# Slide 3
PAN: JGTPC3419L
Basic: INR 63,054.00
HRA: INR 25,221.60
Special allowance: INR 12,610.80

# Slide 4
PF / Tax deductions: INR 10,088.64
Net pay: INR 90,797.76
Credit to Axis Bank A/c 795930103610
YTD TDS may be used for ITR working. This is a payslip, not a tax return.
",418,3e6c5c01aab867ac5f5aa8647f43004b7e84c678ef42f7610e3b38fd18d03768,GRP-05-23,hard,train,clean,False,False,False
DOC-0325,credit_card_application_0325.pptx,pptx,Salary Slip,"# Slide 1: Salary Slip

# Slide 2
Meridian Textiles Pvt Ltd — SALARY SLIP
Employee: Isha Das
Employee cod3: EMP6147
Pay peri0d: May 2025

# Slide 3
PAN: ZIDHW8016X
Basic: INR 49,195.00
HRA: INR 19,678.00
Special allowance: INR 9,839.00

# Slide 4
PF / Tax deductions: INR 7,871.20
Net pay: INR 70,840.80
Credit to State Bank of India A/c 280586189278
",353,1174b1f5d495b9481d77eb14268065fccf519087b6dc7f1cbfb3c4a64f05b1f7,GRP-05-24,medium,validation,ocr,False,False,True
DOC-0326,salary_slip_DOC-0326.pdf,pdf,Salary Slip,"%PDF-1.4
% synthetic text-bearing stand-in
1 0 obj
<< /Title (Salary Slip) >>
stream
Cedar Grove Properties Ltd — SALARY SLIP
Employee: Kabir D4s
Employee code: EMP3653
Pay p er iod: Jul 2025
PAN: VILRL8041C
Basic: INR 50,780.00
HRA: INR 20,312.00
Special 4llowance: INR 10 ,156.00
PF / Tax deductions: INR 8,124.80
Net pay: INR 73,123.20
Credit to Kotak M4hindra B4nk A/c 632615995229

endstream
endobj
%%EOF
",412,a1b5359e226a8bdb147061af871c522797813eeb8b156671e1f033ac3976b6fa,GRP-05-25,medium,train,ocr,False,False,False
DOC-0327,salary_slip_DOC-0327.pdf,pdf,Salary Slip,"%PDF-1.4
% synthetic text-bearing stand-in
1 0 obj
<< /Title (Salary Slip) >>
stream
Harborlight Logistics Ltd — SALARY SLIP
Employee: Fatima Iyer
Employee code: EMP6100
Pay period: Apr 2025
PAN: ODVFT3582G
Basic: INR 75,472.00
HRA: INR 30,188.80
Special allowance: INR 15,094.40
PF / Tax deductions: INR 12,075.52
Net pay: INR 108,679.68
Credit to State Bank of India A/c 164999956058

endstream
endobj
%%EOF
",412,3ad36aeb56a82cecc056539fad8c613708ab1bc84c0a2de3ab63964a3b2ad52b,GRP-05-26,easy,train,clean,False,False,False
DOC-0328,salary_slip_DOC-0328.jpg,jpg,Salary Slip,"SYNTHETIC-JPG-IMAGE
# raster stand-in; OCR text follows
TITLE: Salary Slip
Cedar Grove Properties Ltd — SALARY SLIP
Employee: Rahul Sharma
Employee code: EMP6516
Pay period: Apr 2025
PAN: HJWVY0996X
Basic: INR 111,148.00
HRA: INR 44,459.20
Special allowance: INR 22,229.60
PF / Tax deductions: INR 17,783.68
Net pay: INR 160,053.12
Credit to Kotak Mahindra Bank A/c 891268608740
YTD TDS may be used for ITR working. This is a payslip, not a tax return.

",456,4a53b48c10bc1cbbaef8ca8318112964bf5eb61ac2e250588a3de263a4f05f55,GRP-05-27,hard,validation,clean,False,False,False
DOC-0329,salary_slip_DOC-0329.jpg,jpg,Salary Slip,"SYNTHETIC-JPG-IMAGE
# raster stand-in; OCR text follows
TITLE: Salary Slip
Cedar Grove Properties Ltd — SALARY SLIP
Employee: Arjun Iyer
Employee code: EMP3510
Pay period: Jun 2025
PAN: CKIDS9992K
Basic: INR 84,511.00
HRA: INR 33,804.40
Special allowance: INR 16,902.20
PF / Tax deductions: INR 13,521.76
Net pay: INR 121,695.84
Credit to HDFC Bank A/c 409255287847

",369,96cd6a8aa7665962df41aa35ee6282fb26e1743e2e11439c60ff74e4959bbd60,GRP-05-28,easy,train,clean,False,False,False
DOC-0330,salary_slip_DOC-0330.jpg,jpg,Salary Slip,"SYNTHETIC-JPG-IMAGE
# raster stand-in; OCR text follows
TITLE: Salary Slip
Cedar Grove Properties Ltd — SALARY SLIP
Employee: Isha Joshi
Employee code: EMP6249
Pay period: Jun 2025
PAN: CXZQP9147W
Basic: INR 99,759.00
HRA: INR 39,903.60
Special allowance: INR 19,951.80
PF / Tax deductions: INR 15,961.44
Net pay: INR 143,652.96
Credit to State Bank of India A/c 734637644229

",379,f9d921213e2927dc4a00dc6ab2542e367af2eb54ddd3c2f92e7aa60b4f60a486,GRP-05-29,easy,train,clean,False,False,False
DOC-0331,salary_slip_DOC-0331.jpg,jpg,Salary Slip,"SYNTHETIC-JPG-IMAGE
# raster stand-in; OCR text follows
TITLE: Salary Slip
Harborlight Logistics Ltd — SALARY SLIP
Employee: Rahul Gupta
Employee code: EMP5291
Pay period: Jun 2025
PAN: LFARH0590T
Basic: INR 58,850.00
HRA: INR 23,540.00
Special allowance: INR 11,770.00
PF / Tax deductions: INR 9,416.00
Net pay: INR 84,744.00
Credit to State Bank of India A/c 631373470970

",377,70d7441c8f78639d8bacc00deca21b8037c8cf511a8e9fde2bd9a815d11cf0c7,GRP-05-30,easy,test,clean,False,False,False
DOC-0332,salary_slip_DOC-0332.pdf,pdf,Salary Slip,"%PDF-1.4
% synthetic text-bearing stand-in
1 0 obj
<< /Title (Salary Slip) >>
stream
Cedar Grove Properties Ltd — SALARY SLIP
Employee: Vikram Nair
Employee code: EMP8871

endstream
endobj
%%EOF
",197,e6555273af15ff6a0a89461c9c905a2703bd22d88c1da7f821ce97bd7c25571e,GRP-05-31,hard,test,sparse,False,False,False
DOC-0333,salary_slip_DOC-0333.jpg,jpg,Salary Slip,"SYNTHETIC-JPG-IMAGE
# raster stand-in; OCR text follows
TITLE: Salary Slip
Harborlight Logistics Ltd — SALARY SLIP
Employee: Meera Iyer
Employee code: EMP2760
Pay period: Jul 2025
PAN: WWQQV2725W
Basic: INR 48,249.00
HRA: INR 19,299.60
Special allowance: INR 9,649.80
PF / Tax deductions: INR 7,719.84
Net pay: INR 69,478.56
Credit to ICICI Bank A/c 930644012306

",366,2f5ff07d6492369157135f200eca4a6d8e7188f56aa4e7a42be68666647d4a00,GRP-05-32,easy,train,clean,False,False,False
DOC-0334,salary_slip_DOC-0334.tiff,tiff,Salary Slip,"SYNTHETIC-TIFF-IMAGE
# raster stand-in; OCR text follows
TITLE: Salary Slip
Meridian Textiles Pvt Ltd — SALARY SLIP
Employee: Fatima Joshi
Employee code: EMP8765
Pay period: Jun 2025
PAN: YNZJV6555L
Basic: INR 63,361.00
HRA: INR 25,344.40
Special allowance: INR 12,672.20
PF / Tax deductions: INR 10,137.76
Net pay: INR 91,239.84
Credit to ICICI Bank A/c 843361653248

",371,30f9ad79e9e1bc044f45706001dc3b253713b2f6e113d4665b649d8d3a591409,GRP-05-33,easy,train,clean,False,False,False
DOC-0335,salary_slip_DOC-0335.pdf,pdf,Salary Slip,"%PDF-1.4
% synthetic text-bearing stand-in
1 0 obj
<< /Title (Salary Slip) >>
stream
Cedar Grove Properties Ltd — SALARY SLIP
Employee: Dev Joshi
Employee code: EMP6268
Pay period: Apr 2025
PAN: LNMUR9093M
Basic: INR 103,334.00
HRA: INR 41,333.60
Special allowance: INR 20,666.80
PF / Tax deductions: INR 16,533.44
Net pay: INR 148,800.96
Credit to Kotak Mahindra Bank A/c 449613891463

endstream
endobj
%%EOF
",412,036e602b4648fee1e75ba5269e3ad36c171804ae4366036d4084196795e76df3,GRP-05-34,easy,train,clean,False,False,False
DOC-0336,salary_slip_DOC-0336.docx,docx,Salary Slip,"<?xml version='1.0' encoding='UTF-8'?>
<w:document>
<w:title>Salary Slip</w:title>
<w:body>Helios Manufacturing Pvt Ltd — SALARY SLIP
Employee: Sneha Gupta
Employee code: EMP2742
Pay period: May 2025
PAN: ALGFB2906V
Basic: INR 73,511.00
HRA: INR 29,404.40
Special allowance: INR 14,702.20
PF / Tax deductions: INR 11,761.76
Net pay: INR 105,855.84
Credit to State Bank of India A/c 881338904112
</w:body>
</w:document>
",421,8fc3d6f63d2ece89e34b6d99d3777e39f4cfa7be3a40be5e218ea169f780df14,GRP-05-35,easy,validation,clean,False,False,False
DOC-0337,salary_slip_DOC-0337.jpg,jpg,Salary Slip,"SYNTHETIC-JPG-IMAGE
# raster stand-in; OCR text follows
TITLE: Salary Slip
Ced4r Gr0ve Pr0perties Ltd — SALARY SLIP
Empl0yee: Kabir Nair
Emp1oy ee  code: EMP1626
Pay peri0d: Jun 2025
PAN:  IQPMI6739B
Basic: INR 68,292.00
HRA: INR 27,316.80
Special al1owance: INR 13,658.40
PF / T a x d3ductions: INR 10,926.72
 Net pay: INR 98 ,340. 48
Credit to ICICI Bank A /c 213062873693
 
",379,8d91f115078ca593f82ead0a6173ada0a2121a9009dfc7441424a34c8e2f1934,GRP-05-36,medium,train,noisy,False,False,False
DOC-0338,class_10_marksheet_0338.msg,msg,Salary Slip,"From: records-noreply@synthetic.example
To: intake@lender.example
Subject: Salary Slip
MIME-Version: 1.0
Content-Type: text/plain; charset=UTF-8

Helios Manufacturing Pvt Ltd — SALARY SLIP
Employee: Ananya Joshi
Employee code: EMP5894
Pay period: Jul 2025
PAN: KNPVS2410D
Basic: INR 102,309.00
HRA: INR 40,923.60
S pecial al1owance: INR 20,461.80
PF / Tax deductions: INR 16,369.44
N3t p4y: INR 147,324.96
Credit to HDFC Bank A/c 569612780297

",446,1039d09d93539234990da8cea8ec1adcf33c5e2f62e16531a112c9cd430a4938,GRP-05-37,medium,train,ocr,False,False,True
DOC-0339,salary_slip_DOC-0339.tiff,tiff,Salary Slip,"SYNTHETIC-TIFF-IMAGE
# raster stand-in; OCR text follows
TITLE: Salary Slip
Meridian Textiles Pvt Ltd — SALARY SLIP
Employee: Ananya Joshi
Employee code: EMP2179

",165,694232182def4f52c1389efcd0e7c856de0a31d2d685b5f8475c7596d6f50949,GRP-05-38,medium,train,sparse,False,False,False
DOC-0340,salary_slip_DOC-0340.tiff,tiff,Salary Slip,"SYNTHETIC-TIFF-IMAGE
# raster stand-in; OCR text follows
TITLE: Salary Slip
Meridian Textiles Pvt Ltd — SALARY SLIP
Employee: Sneha Nair
Employee code: EMP6374

",163,21dc26bc0b708ecfa7f1fbc64e75104346b96039f1657d121169d5e123075b23,GRP-05-39,medium,train,sparse,False,False,False
DOC-0341,salary_slip_DOC-0341.docx,docx,Salary Slip,"<?xml version='1.0' encoding='UTF-8'?>
<w:document>
<w:title>Salary Slip</w:title>
<w:body>Nimbus Paymen7s Pvt Ltd — SALARY SLIP
Employee: I5ha Patel
Employee code: EMP1315
Pay period: May 2025
PAN: ZPSTE0352V
Basic: INR 57,219.00
HRA: INR 22,887.60
Special allowance: INR 11,443.80
PF / Tax d3d uctions: INR 9,155.04
Net pay: INR 82,395.36
Credit to State Bank of India A/c 380495937493
Y TD TDS may be used for ITR wor king. This is a payslip, not a tax return.
</w:body>
</w:document>
",490,4e8cf0aec7dd10f6529759472cc05d403dc54118d0ae633a3ef31213999b8fd5,GRP-05-40,hard,train,ocr,False,False,False
DOC-0342,salary_slip_DOC-0342.pdf,pdf,Salary Slip,"%PDF-1.4
% synthetic text-bearing stand-in
1 0 obj
<< /Title (Salary Slip) >>
stream
Meridian Textiles Pvt Ltd — SALARY SLIP
Employee: Isha Das
Employee code: EMP3815
Pay period: Apr 2025
PAN: WYEOT1786D
Basic: INR 86,290.00
HRA: INR 34,516.00
Special allowance: INR 17,258.00
PF / Tax deductions: INR 13,806.40
Net pay: INR 124,257.60
Credit to ICICI Bank A/c 652097212728

endstream
endobj
%%EOF
",400,06df41e4d8aeeb2e77aae650482c01115a4ffd93f91131c3e3284e5eff8d2e5f,GRP-05-41,easy,train,clean,False,False,False
DOC-0343,salary_slip_DOC-0343.jpg,jpg,Salary Slip,"SYNTHETIC-JPG-IMAGE
# raster stand-in; OCR text follows
TITLE: Salary Slip
Cedar Grove Properties Ltd — SALARY SLIP
Employee: Dev Nair
Employee code: EMP3705

",161,847fc6f3ba7b37f39ac8fd5f83bd62eb1241384c01cf1ba6705001f61658d167,GRP-05-42,hard,validation,sparse,False,False,False
DOC-0344,salary_slip_DOC-0344.pptx,pptx,Salary Slip,"# Slide 1: Salary Slip

# Slide 2
Helios Manufacturing Pvt Ltd — SALARY SLIP
Employee: Kabir Sharma
Employee code: EMP9771
Pay period: Jul 2025

# Slide 3
PAN: ZWLPW7804B
Basic: INR 55,949.00
HRA: INR 22,379.60
Special allowance: INR 11,189.80

# Slide 4
PF / Tax deductions: INR 8,951.84
Net pay: INR 80,566.56
Credit to HDFC Bank A/c 820505878507
",351,f6fc1774dfcf83bd6d4ff6a65185db895ca14169b6ba1bd642be4a3118b4aa9c,GRP-05-43,easy,train,clean,False,False,False
DOC-0345,salary_slip_DOC-0345.eml,eml,Salary Slip,"From: records-noreply@synthetic.example
To: intake@lender.example
Subject: Salary Slip
MIME-Version: 1.0
Content-Type: text/plain; charset=UTF-8

Helios Manufacturing Pvt Ltd — SALARY SLIP
Employee: Sneha Reddy
Employee code: EMP8307
Pay period: Jun 2025
PAN: IKKUQ8056A
Basic: INR 39,585.00
HRA: INR 15,834.00
Special allowance: INR 7,917.00
PF / Tax deductions: INR 6,333.60
Net pay: INR 57,002.40
Credit to ICICI Bank A/c 167069696157

",441,431bde146809e8e85024f4c56835ab2b5ea6af6dfbd393ac884a91e8b6fc2055,GRP-05-00,easy,train,clean,True,False,False
DOC-0346,salary_slip_DOC-0346.pdf,pdf,Salary Slip,"%PDF-1.4
% synthetic text-bearing stand-in
1 0 obj
<< /Title (Salary Slip) >>
stream
Harborlight Logistics Ltd — SALARY SLIP
Employee: Ananya Patel
Employee code: EMP1438

endstream
endobj
%%EOF
",197,4578263fb27ba209d1679a0c31bedd7c36d3ceec10a9f26a7862c84c1dfdfcf3,GRP-05-01,hard,train,sparse,True,False,False
DOC-0347,salary_slip_DOC-0347.pdf,pdf,Salary Slip,"%PDF-1.4
% synthetic text-bearing stand-in
1 0 obj
<< /Title (Salary Slip) >>
stream
Helios Manufacturing Pvt Ltd — SALARY SLIP
Employee: Ananya Gupta
Employee code: EMP1429

endstream
endobj
%%EOF
",200,21deafa889184c000f18c45c01730127d36206ea501cc0db71b0e46e1eb8a958,GRP-05-02,medium,train,sparse,True,False,False
DOC-0348,salary_slip_DOC-0348.jpg,jpg,Salary Slip,"SYNTHETIC-JPG-IMAGE
# raster stand-in; OCR text follows
TITLE: Salary Slip
Meridi4n Textiles Pv t Ltd — SALARY S LIP
Employee: Isha Das
Empl0yee code: EMP5883
Pay peri0d : Apr 2025
PAN: AFHVS1737N
Basi c: INR 86,532.00
HRA: INR  34,612.8 0
Special allow4nce:  INR 17,306.40
PF / Tax d3ductions: INR 13,845.12
Net pay: INR 124,606.08
Credit to Axi s Bank A/c 115510915495
YTD TDS may be used for ITR working. This is a payslip, not a tax return.

",448,c33f91d9195511110294aa30282874f0bec74eede371ef4ab8fa5b88eebc0737,GRP-05-03,hard,train,ocr,True,False,False
DOC-0349,salary_slip_DOC-0349.png,png,Salary Slip,"SYNTHETIC-PNG-IMAGE
# raster stand-in; OCR text follows
TITLE: Salary Slip
Helios Manufacturing Pvt Ltd — SALARY SLIP
Employee: Sneha Reddy
Employee code: EMP3707
Pay period: Apr 2025
PAN: FUFMA9811W
Basic: INR 34,060.00
HRA: INR 13,624.00
Special allowance: INR 6,812.00
PF / Tax deductions: INR 5,449.60
Net pay: INR 49,046.40
Credit to ICICI Bank A/c 190541048631

",370,46442f1886d613240ffe939ad02aa612a09838198074d62ca7596015691c2798,GRP-05-04,easy,train,clean,True,False,False
DOC-0350,salary_slip_DOC-0350.jpg,jpg,Salary Slip,"SYNTHETIC-JPG-IMAGE
# raster stand-in; OCR text follows
TITLE: Salary Slip
Cedar Grove Properties Ltd — SALARY SLIP
Employee: Isha Khan
Employee code: EMP8670
Pay period: May 2025
PAN: PFSVG7923G
Basic: INR 115,952.00
HRA: INR 46,380.80
Special allowance: INR 23,190.40
PF / Tax deductions: INR 18,552.32
Net pay: INR 166,970.88
Credit to Kotak Mahindra Bank A/c 636350117705

",379,fcfd0cef1c7a0070f76fb76a1ff8f3d434b2ce5c20cc6988171f824997425dd3,GRP-05-05,easy,test,clean,True,False,False
DOC-0351,salary_slip_DOC-0351.pdf,pdf,Salary Slip,"%PDF-1.4
% synthetic text-bearing stand-in
1 0 obj
<< /Title (Salary Slip) >>
stream
Helios Manufacturing Pvt Ltd — SALARY SLIP
Employee: Isha Khan
Employee code: EMP3625
Pay period: Jul 2025
PAN: RDNNR2408U
Basic: INR 66,864.00
HRA: INR 26,745.60
Special allowance: INR 13,372.80
PF / Tax deductions: INR 10,698.24
Net pay: INR 96,284.16
Credit to State Bank of India A/c 955903704697
YTD TDS may be used for ITR working. This is a payslip, not a tax return.

endstream
endobj
%%EOF
",486,bb27efc66cab8b256bcf7caadd1015944e23488b88ff0d8835fd6656f8158be3,GRP-05-06,hard,train,clean,True,False,False
DOC-0352,salary_slip_DOC-0352.tiff,tiff,Salary Slip,"SYNTHETIC-TIFF-IMAGE
# raster stand-in; OCR text follows
TITLE: Salary Slip
Meridian Textiles Pvt Ltd — SALARY SLIP
Empl oy3e: Arjun Nair 
 Employee c0de: EMP2684
Pay period: Apr 2025
PAN: XSJGK7746G
Bas ic: INR 76,480.00
HRA: INR 30, 592.00
Specia l allowance: INR 15,296.00
PF / Tax deductions: INR 12,236.80
N3t pay: INR 110,131.20
Credi t to Axis 8ank A/c 7875 44168891

",377,9fecfa9d5c5f59e7ca50593edd2ae20c32eb997a8c1077474b7db56e18e77c54,GRP-05-07,medium,train,noisy,True,False,False
DOC-0353,salary_slip_DOC-0353.docx,docx,Salary Slip,"<?xml version='1.0' encoding='UTF-8'?>
<w:document>
<w:title>Salary Slip</w:title>
<w:body>Cedar Grove Properties Ltd — SALARY SLIP
Employee: Fatima Nair
Emp1oyee code: EMP1813
Pay period: Ju1 2025
PAN: LQJAR1341J
Ba5ic: INR 115,910.00
HRA: INR 46,364.00
Special allowance: INR 23,182.00
PF / Tax deductions: INR 18,545.60
Net pay: INR 166,910.40
Credit to Kotak Mahindra Bank A/c 643425888242

[rescanned copy; low-resolution archive]
</w:body>
</w:document>
",462,cc009b976b9d84f8bbbf65bafd68996d42bd94f6a8fd443a57a1cf3723bbe5b4,GRP-05-08,medium,train,ocr,False,True,False
DOC-0354,salary_slip_DOC-0354.png,png,Salary Slip,"SYNTHETIC-PNG-IMAGE
# raster stand-in; OCR text follows
TITLE: Salary Slip
Heli0s Manufacturing Pvt Ltd — SALARY SL IP
Employee: An4nya Gupt a
Employee code: EMP6230
Pa y period: Jul 2025
PAN: CCFRP8706I
8asic: INR 31,257.00
HRA: INR 12,502 .80
Spe cial a1lowance: INR 6,251.40
PF / Tax deductions: INR 5,001.12
Net pay:  INR 4 5,010.08
Credit t0 HDFC Bank A/c 742960915110

[rescanned copy; low-resolution archive]

",419,b527681a98619a9f7ac799d8a74a62a51b622adcb5ce5ea514329e9a3a9b4920,GRP-05-09,medium,validation,ocr,False,True,False
DOC-0355,salary_slip_DOC-0355.pdf,pdf,Salary Slip,"%PDF-1.4
% synthetic text-bearing stand-in
1 0 obj
<< /Title (Salary Slip) >>
stream
Meridian Textiles Pv t Ltd — SALARY  SLIP
Employ e3: Vikram Nair
 Employee  code: EMP5521
Pay perio d:  Ju 1 2025
PAN: HDVPM8958K
B4sic: INR 114,689.00
HRA: INR 45,875.60
Spe cial allowance: INR 22,937.80
PF / Tax deductions: INR 18,350.24
Net p ay: IN R 165,15 2.16
Cr3dit to State Bank of India A/c 750785996140

[rescanned copy; low-resolution archive]

endstream
endobj
%%EOF
",467,c382ca2b0dac2e59e9ec23a932529ea01c4985b1bbab31cccfc98809fc5be096,GRP-05-10,medium,test,ocr,False,True,False
DOC-0356,salary_slip_DOC-0356.docx,docx,Salary Slip,"<?xml version='1.0' encoding='UTF-8'?>
<w:document>
<w:title>Salary Slip</w:title>
<w:body>Meridi4n T extile s Pvt Ltd — SALARY SLIP
Employee: Meera Nair
Employee code: EMP5844
Pay period: Jun 2025
PAN: AQJUV4397U
Basi c: INR 71,400.00
HRA: INR 28,560.00
Special all0wance: INR 14,280.00
PF / Tax deductions: INR 11,424.00
Net p4y: INR 102,816.00
Credit to ICICI Bank A/c 9500045276 51
YTD TDS may be used for ITR wor king. This is a p4yslip, not a tax return.

[rescanned copy; low-resolution archive]
</w:body>
</w:document>
",529,7d4c75cb53095cedbcb59a8e1a3187d22e903efcb598bbd71624a81f0f00b3a0,GRP-05-11,hard,validation,ocr,False,True,False
DOC-0357,salary_slip_DOC-0357.msg,msg,Salary Slip,"From: records-noreply@synthetic.example
To: intake@lender.example
Subject: Salary Slip
MIME-Version: 1.0
Content-Type: text/plain; charset=UTF-8

H4rborligh7 Logistics Ltd —  SALA RY SLIP
Employe3: Rahul  Iyer
Emp loye e code: EMP1808
Pay p3riod: Jun 2025
PAN: JATZW1580T
Basic: INR 39,567.00
 HRA: INR 15,826.80
Special all0wanc e: INR  7,913.40
PF / Tax deductions: INR 6,330.72
 Net pay:  INR 56,976.48
Credi7 to Axis Bank A/c 101235315685
YTD TDS m4y be used for ITR working. This is a payslip, n0t a tax return.

[rescanned copy; low-resolution archive]

",562,6b3fdd1e918f001aa71c514258de00a97b44ade60ed27fe9c146ec949f3a7d62,GRP-05-12,hard,test,ocr,False,True,False
DOC-0358,salary_slip_DOC-0358.pdf,pdf,Salary Slip,"%PDF-1.4
% synthetic text-bearing stand-in
1 0 obj
<< /Title (Salary Slip) >>
stream
Harborlight Logistics Ltd — SALARY SLIP
Employee: Dev Menon
Employee code: EMP8349
Pay period: Jul 2025
PAN: CBWWU7607Q
Basic: INR 113,008.00
HRA: INR 45,203.20
Special allowance: INR  22,601.60
PF / Tax deducti0ns: INR 18,081.28
Net pay: INR 162,731.5 2
Credit to State Bank of India A/c 477242181112

[rescanned copy; low-resolution archive]

endstream
endobj
%%EOF
",455,f7ead4cebdf754b2a3081a29d97aa7a9e16fa2e9788bfb331ea1a6372c1aafc3,GRP-05-13,medium,train,ocr,False,True,False
DOC-0359,salary_slip_DOC-0359.tiff,tiff,Salary Slip,"SYNTHETIC-TIFF-IMAGE
# raster stand-in; OCR text follows
TITLE: Salary Slip
Cedar Grove Properties Ltd — SALARY SLIP
Employee: Meera Khan
Employee code: EMP7638
Pay period: Jul 2025
PAN: JEAQR6228C
B4sic: INR 115,421.00
HRA: INR 46,168.40
Special a llowance: INR 23,084.20
PF / Tax deductions: INR 18,467.36
Net pay: INR 166,206.24
Credit to ICICI Bank A/c 239944303340

[rescanned copy; low-resolution archive]

",415,bcdc104700bf69c7aea69559af1eea6133cc92808c51706d69e433c24759dd56,GRP-05-14,medium,train,ocr,False,True,False
DOC-0360,salary_slip_DOC-0360.pdf,pdf,Salary Slip,"%PDF-1.4
% synthetic text-bearing stand-in
1 0 obj
<< /Title (Salary Slip) >>
stream
Nimbus Payment5 Pvt L7d — SALARY S LIP
Employee: Isha Da s
Employee code: EMP3548
Pay period: Jun 2025
PAN: JBMYT0064Q
Basic: INR 38,906.00 
HRA: INR 15,562.40
Speci4l allowance: INR 7,781.20
PF / Tax deductions: INR 6,224.96
Net pay:  INR 56,024.64
Credi7 to Kotak Mahin dra Bank A/c 27 0136909367

[rescanned copy; low-resolution archive]

endstream
endobj
%%EOF
",452,0010293baef6ad0cdac78c48f68122803b91d09ed95fb12d5982ecb5d016b81d,GRP-05-15,medium,train,ocr,False,True,False
DOC-0361,itr_DOC-0361.jpg,jpg,ITR,"SYNTHETIC-JPG-IMAGE
# raster stand-in; OCR text follows
TITLE: ITR
INCOME TAX RETURN ACKNOWLEDGEMENT (SYNTHETIC ITR)
Assess3e: Kabir Reddy
PAN: RJFLO4256Z
Assessment year: 2025-26
ITR form: ITR-3
e-Filing acknowledgement:  1443403510
Gross total incom3: INR 1,782,471.12
Tax payable: INR 45,250.92
T his is an incom3-tax return artefact, not a GST return.

",357,5e6fae501d8b7bfaaa389e33648f3c8e20cbc229aca2575ebc9b0ccadff923f8,GRP-06-00,medium,train,ocr,False,False,False
DOC-0362,itr_DOC-0362.pdf,pdf,ITR,"%PDF-1.4
% synthetic text-bearing stand-in
1 0 obj
<< /Title (ITR) >>
stream
INCOME TAX RETURN ACKNOWLE DGEMENT ( SYNTHETIC ITR)
Ass3ss e3: Vikram Das
PAN: HIGBI1322U
Asses5ment year: 2023-24
ITR form: ITR-2
e-Filing ac knowl3dgement: 1222993244
Gro55 total income: INR 1,856,456.20
Tax payable: INR  46,247.28
This is 4n income-tax ret urn 4rtefact, not a GST return.

endstream
endobj
%%EOF
",393,0bcdca50cc47f75976ec5932adcc8e5b3dd5ab99857d4c24adfc493116e31543,GRP-06-01,medium,train,noisy,False,False,False
DOC-0363,itr_DOC-0363.tiff,tiff,ITR,"SYNTHETIC-TIFF-IMAGE
# raster stand-in; OCR text follows
TITLE: ITR
INCOME TAX RETURN ACKNOWLEDGEMENT (SYNTHETIC ITR)
Assessee: Dev Iyer
PAN: MXRZE0373M
Assessment year: 2025-26
ITR form: ITR-4
e-Filing acknowledgement: 1686143004
Gross total income: INR 458,741.13
Tax payable: INR 112,280.77

GSTIN (if registered): 07MXRZE0373M1ZA
Turnover disclosure for business ITR schedule.
This is an income-tax return artefact, not a GST return.

",439,d9d2a0a383a3c8815cb40c91c423163f6a1fbc97b45d7753fa160669de46de28,GRP-06-02,hard,train,clean,False,False,False
DOC-0364,itr_DOC-0364.tiff,tiff,ITR,"SYNTHETIC-TIFF-IMAGE
# raster stand-in; OCR text follows
TITLE: ITR
INCOME TAX RETURN ACKNOWLEDGEMENT (SYNTHETIC ITR)
Assessee: Ananya Da5
PAN: KQQSX2867W
Assess ment y3ar: 2025-26
ITR form: ITR-1
e-Filing acknowledgement: 1875044703
Gross total income: INR 2,618,836. 39
Tax payable: INR 150,348.49

GSTIN (if r3gistered): 36KQQSX2867W1Z3
Turnover disclosure for business ITR schedule.
This is  an income-tax return ar7efact, no t a GST return.

",447,a164b97fc78d8ed704b5e72b46e5022a329106a270e62348e43a67b05aa71ce4,GRP-06-03,hard,test,ocr,False,False,False
DOC-0365,itr_DOC-0365.jpg,jpg,ITR,"SYNTHETIC-JPG-IMAGE
# raster stand-in; OCR text follows
TITLE: ITR
INCOME TAX RETURN ACKNOWLEDGEMENT (SYNTHETIC ITR)
Assessee: Isha Patel
PAN: QDLOT1979L
Assessment year: 2023-24
ITR form: ITR-3
e-Filing acknowledgement: 1649354169
Gross total income: INR 640,258.77
Tax payable: INR 118,371.33
This is an income-tax return artefact, not a GST return.

",353,ba1ebc58ff7021b846451682d133fe273c9f79d6d46abf17a079be21a4941e80,GRP-06-04,easy,train,clean,False,False,False
DOC-0366,itr_DOC-0366.tiff,tiff,ITR,"SYNTHETIC-TIFF-IMAGE
# raster stand-in; OCR text follows
TITLE: ITR
INCOME TAX RETURN ACKNOWLEDGEMENT (SYNTHETIC ITR)
Assessee: Vikram Khan
PAN: TUPJE1091P

",157,87187aed570c6b58ad192dd2dad715264d89b57b36965f6a7c71ffb066f7a0c7,GRP-06-05,medium,validation,sparse,False,False,False
DOC-0367,itr_DOC-0367.msg,msg,ITR,"From: records-noreply@synthetic.example
To: intake@lender.example
Subject: ITR
MIME-Version: 1.0
Content-Type: text/plain; charset=UTF-8

INCOME TAX RETURN ACKNOWLEDGEMENT (SYNTHETIC ITR)
Assessee: Rahul Menon
PAN: XVPNU7258Y
Assessment year: 2025-26
ITR form: ITR-2
e-Filing acknowledgement: 1643504612
Gross total income: INR 1,641,925.43
Tax payable: INR 147,439.11
This is an income-tax return artefact, not a GST return.

",427,fdd012a562f623f21a1901d93dcb09172aabff8fb5e3351b6c6ead674857a008,GRP-06-06,easy,train,clean,False,False,False
DOC-0368,itr_DOC-0368.pdf,pdf,ITR,"%PDF-1.4
% synthetic text-bearing stand-in
1 0 obj
<< /Title (ITR) >>
stream
INCOME TAX RETURN ACKNOWLEDGEMENT (SYNTHETIC ITR)
Assessee: Rahul Patel
PAN: KNKRL5701V
Assessment year: 2025-26
ITR form: ITR-4
e-Filing acknowledgement: 1672142680
Gross total income: INR 2,510,778.48
Tax payable: INR 28,530.13

GSTIN (if registered): 24KNKRL5701V1Z8
Turnover disclosure for business ITR schedule.
This is an income-tax return artefact, not a GST return.

endstream
endobj
%%EOF
",475,1b21a6c039c750d17852be5734f513ed2dbff18c1dadaf7bb2ee2d3b5a26d9c8,GRP-06-07,hard,validation,clean,False,False,False
DOC-0369,itr_DOC-0369.docx,docx,ITR,"<?xml version='1.0' encoding='UTF-8'?>
<w:document>
<w:title>ITR</w:title>
<w:body>INCOME TAX RETURN ACKNOWLEDGEMENT (SYNTHETIC ITR)
Assessee: Sneha Das
PAN: VZFHY9772 Q
Assessment ye4r: 2024- 25
ITR form: ITR-4
e-Filing acknowled9ement: 11093759 95
Gross total income: INR 1,902,672.05
Tax payable: INR 120,211.86
This i5 an income-tax return a rte fact, no7 4 GS T return.
</w:body>
</w:document>
",399,cab95907f547203e37e4f81a3f6c828169be822a082851e4e0495b01ff26c3f1,GRP-06-08,medium,train,ocr,False,False,False
DOC-0370,gst_registration__gst_return_0370.pdf,pdf,ITR,"%PDF-1.4
% synthetic text-bearing stand-in
1 0 obj
<< /Title (ITR) >>
stream
INCOME TAX RETURN ACKNOWLEDGEMENT (SYNTHETIC ITR)
As se5see: Kabir Sh arm4
PAN: UCDQD5435F
Assessment year: 2023-24
ITR form: ITR-4
e-Filing acknow1edgement: 1627304715
Gross total income: INR 1,248,190.63
Tax payable: INR  63,858.40
This is an income-tax return art efact, no7 a GST return.

endstream
endobj
%%EOF
",393,b32fdeb1bf9d73a9dadf92d0bbad110848e56a09281a08a42862e49d4662b4d9,GRP-06-09,medium,train,ocr,False,False,True
DOC-0371,gst_registration__gst_return_0371.jpg,jpg,ITR,"SYNTHETIC-JPG-IMAGE
# raster stand-in; OCR text follows
TITLE: ITR
INCOME TAX RETURN ACKNOWLEDGEMENT (SYNTHETIC ITR)
Assessee: Fatima Patel
PAN: PSPNT2928S

",157,a2eedb534ead61561fe2ad737292c2434ca0614674b88442e3aa26076991df3f,GRP-06-10,medium,train,sparse,False,False,True
DOC-0372,itr_DOC-0372.pdf,pdf,ITR,"%PDF-1.4
% synthetic text-bearing stand-in
1 0 obj
<< /Title (ITR) >>
stream
INCOME TAX RETURN ACKNOWLEDG EMENT (SYNTHETIC ITR)
As5es5ee: Meer a  Menon
PAN: ATX NB7422I
A ss3ssment y3ar: 2023-24
ITR form: ITR-3
e-Filing acknowledg3m3nt: 1065829984
Gross t0tal income: INR 1,243 ,071 .57
Tax payable: INR 11,711.23

GSTIN (if re 9istered): 29ATXN87422I1Z5
Turnover disclosure for  busines5 ITR schedule.
This is an income-tax return artefact, not a GST return.

endstream
endobj
%%EOF
",484,cb2570a979de758c599cbe192b52f3009cb3ce70ab8f4a0caa52040113804970,GRP-06-11,hard,train,noisy,False,False,False
DOC-0373,gst_registration__gst_return_0373.docx,docx,ITR,"<?xml version='1.0' encoding='UTF-8'?>
<w:document>
<w:title>ITR</w:title>
<w:body>INCOME TAX RETURN ACKNOWLEDGEMENT (SYNTHETIC ITR)
Assessee: Rahul Patel
PAN: GWHDZ6587I
</w:body>
</w:document>
",195,de69d303dca0b283e7efbd59afc842bab74546f3fe22e0405e79bb66df016a97,GRP-06-12,medium,test,sparse,False,False,True
DOC-0374,itr_DOC-0374.txt,txt,ITR,"ITR

INCOME TAX RETURN ACKNOWLEDGEMENT (SYNTHETIC ITR)
Asse5see: Sneha Joshi
PAN: MLUCU4409B
Assessment year: 2025-26
ITR form: ITR-4
3-Filing a c knowledgement: 18021 48612
Gross tota1 income: INR 2,734,896.07 
Tax p4yable: INR  72,147.30
This is an income-tax r3turn art3fact, not a GST return.

",298,036071239465a88fb81744332e8e76e3d09f1b625e7deee24f2250aab52635e1,GRP-06-13,medium,train,noisy,False,False,False
DOC-0375,itr_DOC-0375.tiff,tiff,ITR,"SYNTHETIC-TIFF-IMAGE
# raster stand-in; OCR text follows
TITLE: ITR
INCOME TAX RETURN ACKNOWLEDGEMENT (SYNTHETIC ITR)
Assessee: Arjun Gupta
PAN: ZCJQZ7449C

",157,9d591687f7a7b58af093ff5aad55da47ed784fefb8c46d0951f0eb7a7d9e843e,GRP-06-14,medium,train,sparse,False,False,False
DOC-0376,itr_DOC-0376.eml,eml,ITR,"From: records-noreply@synthetic.example
To: intake@lender.example
Subject: ITR
MIME-Version: 1.0
Content-Type: text/plain; charset=UTF-8

INCOME TAX RETURN ACKNOWLEDGEMENT (SYNTHETIC ITR)
Asses53e: Anany4 Nair
PAN: VQULO1785E
Assessment year: 2024-25
ITR form: ITR-3
e-Filing acknow1edgement: 1782876556 
Gross 7otal income: INR 1,287,465.23
Tax pay4ble: INR 25,954.22
This is an income-tax return 4rtefact, not 4 GST return.

",427,5eee72de3a2972e2a93317d52256de9d52cebb78c67a2153aa5435e08ad782f9,GRP-06-15,medium,train,ocr,False,False,False
DOC-0377,gst_registration__gst_return_0377.pdf,pdf,ITR,"%PDF-1.4
% synthetic text-bearing stand-in
1 0 obj
<< /Title (ITR) >>
stream
INCOME TAX RETURN ACKNOWLEDGEMENT (SYNTHETIC ITR)
Assessee: Kabir Sharma
PAN: AVAFX0690B
Assessment year: 2024-25
ITR form: ITR-4
e-Filing acknowledgement: 1912892799
Gross total income: INR 1,457,667.06
Tax payable: INR 12,891.00
This is an income-tax return artefact, not a GST return.

endstream
endobj
%%EOF
",389,cb7f749a61b20a989880ebfe864efe7d356a00d43a4074014b49f9fa117b36ad,GRP-06-16,easy,train,clean,False,False,True
DOC-0378,itr_DOC-0378.jpg,jpg,ITR,"SYNTHETIC-JPG-IMAGE
# raster stand-in; OCR text follows
TITLE: ITR
INCOM E  TAX RETURN ACKNOWLEDG EMENT (SYNTHETIC ITR)
Assessee: Sneh4 Patel
PAN: IDOER6313G
A5ses5ment year: 2025-26
ITR form: ITR-1 
e- Filing acknowledgement: 1107064694
Gro5s total income: INR 2,104,810.44
Tax payable: INR 167,588.90

GSTIN (i f registered): 07IDOER6313G1Z6
Turnover  discl0s ure for busin3ss ITR schedule. 
This is an income-7ax return artefac7, not 4 GS T r3turn.

",453,1ed6350d42b13f07f94d37e70c22337c408dbc33cda94d99c4ae3ce23465ff72,GRP-06-17,hard,test,noisy,False,False,False
DOC-0379,itr_DOC-0379.pdf,pdf,ITR,"%PDF-1.4
% synthetic text-bearing stand-in
1 0 obj
<< /Title (ITR) >>
stream
INCOME TAX RETURN ACKNOWLEDGEMENT (SYNTHETIC ITR)
Assessee: Fatima Patel
PAN: JOHSM7598G
Assessment year: 2025-26
ITR form: ITR-2
e-Filing acknowledgement: 1574874960
Gross total income: INR 728,032.14
Tax payable: INR 61,430.84
This is an income-tax return artefact, not a GST return.

endstream
endobj
%%EOF
",387,fdb94e28b0d91dc1023853abbfca7d6fd4c236f69acfb4196de4a238c93b6e30,GRP-06-18,easy,validation,clean,False,False,False
DOC-0380,itr_DOC-0380.tiff,tiff,ITR,"SYNTHETIC-TIFF-IMAGE
# raster stand-in; OCR text follows
TITLE: ITR
INCOME TAX RETURN ACKNOWLEDGEMENT (SYNTHETIC ITR)
Assessee: Sneha Reddy
PAN: WIWMI3799A
Assessment year: 2023-24
ITR form: ITR-2
e-Filing acknowledgement: 1429522949
Gross total income: INR 1,567,130.30
Tax payable: INR 11,545.79

GSTIN (if registered): 07WIWMI3799A1Z6
Turnover disclosure for business ITR schedule.
This is an income-tax return artefact, not a GST return.

",443,2550ba7a985b99e3d61ecb3c7ae713c45298bb59df98ce40457aa5b7401ae122,GRP-06-19,hard,test,clean,False,False,False
DOC-0381,itr_DOC-0381.pdf,pdf,ITR,"%PDF-1.4
% synthetic text-bearing stand-in
1 0 obj
<< /Title (ITR) >>
stream
INCOME TAX RETURN ACKNOWLEDGEMENT (SYNTHETIC ITR)
Assessee: Isha Sharma
PAN: RDGNE3502J
Assessment year: 2025-26
ITR form: ITR-1
e-Filing acknowledgement: 1723469086
Gross total income: INR 885,032.72
Tax payable: INR 103,022.94
This is an income-tax return artefact, not a GST return.

endstream
endobj
%%EOF
",387,03b99b8950d2af3eb6f2a49c4a21298de8fbd64de47d13a3f8a15e74ba7b6b7a,GRP-06-20,easy,train,clean,False,False,False
DOC-0382,itr_DOC-0382.pdf,pdf,ITR,"%PDF-1.4
% synthetic text-bearing stand-in
1 0 obj
<< /Title (ITR) >>
stream
INCOME TAX RETURN ACKNOWLEDGEMENT (SYNTHETIC ITR)
Assessee: Kabir Iyer
PAN: DGTPV7002Y
Assessment year: 2023-24
ITR form: ITR-3
e-Filing acknowledgement: 1481944244
Gross total income: INR 613,376.60
Tax payable: INR 55,897.82
This is an income-tax return artefact, not a GST return.

endstream
endobj
%%EOF
",385,c7bf45684dc88200206209932e4020b74558149a4499aa22e2cc68e2a197dcdf,GRP-06-21,easy,train,clean,False,False,False
DOC-0383,gst_registration__gst_return_0383.pdf,pdf,ITR,"%PDF-1.4
% synthetic text-bearing stand-in
1 0 obj
<< /Title (ITR) >>
stream
INCOME TAX RETURN ACKNOWLEDGEMENT (SYNTHETIC ITR)
Assessee: Dev Das
PAN: HVRXJ4286O
Assessment year: 2023-24
ITR form: ITR-1
e-Filing acknowledgement: 1068377218
Gross total income: INR 887,599.44
Tax payable: INR 101,835.49

GSTIN (if registered): 29HVRXJ4286O1Z1
Turnover disclosure for business ITR schedule.
This is an income-tax return artefact, not a GST return.

endstream
endobj
%%EOF
",470,be34c551998d3023478212c8ad178ad78e4236f58929d14ff6c765ca31447064,GRP-06-22,hard,train,clean,False,False,True
DOC-0384,itr_DOC-0384.pdf,pdf,ITR,"%PDF-1.4
% synthetic text-bearing stand-in
1 0 obj
<< /Title (ITR) >>
stream
INCOME TAX RETURN ACKNOWLEDGEMENT (SYNTHETIC ITR)
Assessee: Vikram Iyer
PAN: OTHIM0623Q
Assessment year: 2025-26
ITR form: ITR-4
e-Filing acknowledgement: 1429067068
Gross total income: INR 1,428,724.85
Tax payable: INR 73,623.97
This is an income-tax return artefact, not a GST return.

endstream
endobj
%%EOF
",388,6f16664a7bc2438c52039cf8c0b7ac15822efab83a19a4d27371f6901c44643e,GRP-06-23,easy,train,clean,False,False,False
DOC-0385,itr_DOC-0385.pdf,pdf,ITR,"%PDF-1.4
% synthetic text-bearing stand-in
1 0 obj
<< /Title (ITR) >>
stream
INCOME TAX RETURN ACKNOWLEDGEMENT (SYNTHETIC ITR)
Assessee: Sneha Reddy
PAN: VIPGD0995J
Assessment year: 2023-24
ITR form: ITR-1
e-Filing acknowledgement: 1970846764
Gross total income: INR 1,544,892.22
Tax payable: INR 4,863.45

GSTIN (if registered): 36VIPGD0995J1ZE
Turnover disclosure for business ITR schedule.
This is an income-tax return artefact, not a GST return.

endstream
endobj
%%EOF
",474,c2e462a0a24fd40cbdf80dd6f4b7dce84ec68caa9ff86e332f1d478406b5ed02,GRP-06-24,hard,test,clean,False,False,False
DOC-0386,itr_DOC-0386.pdf,pdf,ITR,"%PDF-1.4
% synthetic text-bearing stand-in
1 0 obj
<< /Title (ITR) >>
stream
IN COME TAX RETUR N ACKNOWLEDGEMENT (SYNTHETIC ITR)
Assessee: Fatim a Menon
PAN: EUOIL4133Y
Assessment year: 2025-26 
ITR form: ITR-2
e-Filing acknowledgement : 1366779315
Gross total income: INR 2,251 ,825.94
Tax payable: INR 149,848.24

GSTIN (if registered): 33EUOIL4133Y1Z2
Turnover disclosure for business ITR  schedule.
This is an income-tax return artefact, no7 a GST return.

endstream
endobj
%%EOF
",484,903e36ad7dcb4093a397ae1c5589b5bbca6c0e9fc5e169ab60b50f9acad2a407,GRP-06-25,hard,train,ocr,False,False,False
DOC-0387,itr_DOC-0387.jpg,jpg,ITR,"SYNTHETIC-JPG-IMAGE
# raster stand-in; OCR text follows
TITLE: ITR
INCOME TAX RETURN ACKNOWLEDGEMENT (SYNTHETIC ITR)
Assessee: Meera Iyer
PAN: CHWZX3504K
Assessment year: 2024-25
ITR form: ITR-4
e-Filing acknowledgement: 1251443733
Gross total income: INR 1,245,451.77
Tax payable: INR 138,872.28
This is an income-tax return artefact, not a GST return.

",355,3ca60f21568fd0bd8f37f70a993914d0cc770dbc318d9a3d4e7a8d581c3f7c5d,GRP-06-26,easy,train,clean,False,False,False
DOC-0388,gst_registration__gst_return_0388.pdf,pdf,ITR,"%PDF-1.4
% synthetic text-bearing stand-in
1 0 obj
<< /Title (ITR) >>
stream
INCOME TAX RETURN ACKNOWLEDGEMENT (SYNTH ETIC ITR)
As5ess3e: Meera Jo5hi
PAN: YWXJL2591Q
Assess ment year: 2025-26
ITR  form: ITR-1
e-Filing acknowled9ement: 1116773494
Gross total income: INR 474,773.19
Tax payable:  INR 118,17 0.98
This  is an income-tax return  artefact, not a GST return.

endstream
endobj
%%EOF
",394,a31c7fa789b36934b826b815da5ffe404016a42920a824b782b7ad89880d2a80,GRP-06-27,medium,train,ocr,False,False,True
DOC-0389,itr_DOC-0389.jpg,jpg,ITR,"SYNTHETIC-JPG-IMAGE
# raster stand-in; OCR text follows
TITLE: ITR
INCOME TAX RETURN ACKNOWLEDGEMENT (SYNTHETIC ITR)
Assessee: Meera Sharma
PAN: IKKVE7979Q
Assessment year: 2025-26
ITR form: ITR-1
e-Filing acknowledgement: 1565185207
Gross total income: INR 2,660,441.68
Tax payable: INR 7,269.14
This is an income-tax return artefact, not a GST return.

",355,0ae46c807cc47a4a1205ea1f6e6f21eceec83990b3798e9e0510ea83efea4655,GRP-06-28,easy,train,clean,False,False,False
DOC-0390,itr_DOC-0390.tiff,tiff,ITR,"SYNTHETIC-TIFF-IMAGE
# raster stand-in; OCR text follows
TITLE: ITR
INCOME TAX RETURN ACKNOWLEDGEMENT (SYNTHETIC ITR)
Assessee: Meera Sharma
PAN: GDQGB4198X
Assessment year: 2023-24
ITR form: ITR-4
e-Filing acknowledgement: 1742888770
Gross total income: INR 424,588.70
Tax payable: INR 154,351.73
This is an income-tax return artefact, not a GST return.

",356,3b6d176d29019a6f00d5326994e1ddfdd2ccc461ec019fc28b3c65c8c9381b7a,GRP-06-29,easy,train,clean,False,False,False
DOC-0391,itr_DOC-0391.pdf,pdf,ITR,"%PDF-1.4
% synthetic text-bearing stand-in
1 0 obj
<< /Title (ITR) >>
stream
INCOME TAX RETURN ACKNOWLEDGEMENT (SYNTHETIC ITR)
Assessee: Vikram Khan
PAN: XQKZH8730M
Assessment year: 2023-24
ITR form: ITR-1
e-Filing acknowledgement: 1730952254
Gross total income: INR 1,061,945.00
Tax payable: INR 175,545.39
This is an income-tax return artefact, not a GST return.

endstream
endobj
%%EOF
",389,6f8c3c1fdd7a60925e531eae42a72b441d1f49b07ea6f702216e784624f8917f,GRP-06-30,easy,train,clean,False,False,False
DOC-0392,gst_registration__gst_return_0392.pdf,pdf,ITR,"%PDF-1.4
% synthetic text-bearing stand-in
1 0 obj
<< /Title (ITR) >>
stream
INCOME TAX RETURN ACKNOWLEDGEMENT (SYNTHETIC ITR)
Assessee: Dev Joshi
PAN: GDKLD0878E
Assessment year: 2025-26
ITR form: ITR-1
e-Filing acknowledgement: 1656786673
Gross total income: INR 1,019,683.69
Tax payable: INR 165,107.24
This is an income-tax return artefact, not a GST return.

endstream
endobj
%%EOF
",387,4a647aad6b52b80d2137794f71ffc258f9257d93d4eda110cfd70bb7df3accda,GRP-06-31,easy,train,clean,False,False,True
DOC-0393,itr_DOC-0393.png,png,ITR,"SYNTHETIC-PNG-IMAGE
# raster stand-in; OCR text follows
TITLE: ITR
INCOME TAX RETURN ACKNOWLEDGEMENT (SYNTHETIC ITR)
Assessee: Meera Das
PAN: AQCDE5837H
Assessment year: 2024-25
ITR form: ITR-4
e-Filing acknowledgement: 1784266278
Gross total income: INR 553,145.21
Tax payable: INR 121,638.55
This is an income-tax return artefact, not a GST return.

",352,4c93487e380365b09c5ad92e0bc0a65840077096d4abb303e671f733ead27557,GRP-06-32,easy,test,clean,False,False,False
DOC-0394,itr_DOC-0394.pdf,pdf,ITR,"%PDF-1.4
% synthetic text-bearing stand-in
1 0 obj
<< /Title (ITR) >>
stream
INCOME TAX RETURN ACKNOWLEDGEMENT (SYNTHETIC ITR)
Assessee: Arjun Gupta
PAN: QMSQC8344N
Assessment year: 2024-25
ITR form: ITR-1
e-Filing acknowledgement: 1246999819
Gross total income: INR 2,221,178.34
Tax payable: INR 83,099.56
This is an income-tax return artefact, not a GST return.

endstream
endobj
%%EOF
",388,e9475630e28c62561b8c42c1b14db0ea6e49d9dc84cc96ec7a948dd90250b0cb,GRP-06-33,easy,validation,clean,False,False,False
DOC-0395,itr_DOC-0395.pdf,pdf,ITR,"%PDF-1.4
% synthetic text-bearing stand-in
1 0 obj
<< /Title (ITR) >>
stream
INCOME TAX RETURN ACKNOWLEDGEMENT (SYNTHETIC ITR)
Assessee: Rahul Joshi
PAN: ZNQZF4246Z
Assessment year: 2023-24
ITR form: ITR-2
e-Filing acknowledgement: 1282105178
Gross total income: INR 2,450,880.22
Tax payable: INR 31,930.62
This is an income-tax return artefact, not a GST return.

endstream
endobj
%%EOF
",388,1637c346b7ef226f1b60e6f05ee077a09bef13eeeb9ff60e35c300418dd0e1e0,GRP-06-34,easy,train,clean,False,False,False
DOC-0396,itr_DOC-0396.pdf,pdf,ITR,"%PDF-1.4
% synthetic text-bearing stand-in
1 0 obj
<< /Title (ITR) >>
stream
INCOME TAX RETURN ACKNOWLEDGEMENT (SYNTHETIC ITR)
Assessee: Rahul Patel
PAN: VGXJX1672W
Assessment year: 2025-26
ITR form: ITR-3
e-Filing acknowledgement: 1635935686
Gross total income: INR 1,729,667.86
Tax payable: INR 42,801.18

GSTIN (if registered): 33VGXJX1672W1Z2
Turnover disclosure for business ITR schedule.
This is an income-tax return artefact, not a GST return.

endstream
endobj
%%EOF
",475,c2899c68b6325a48fed84e7aea2f4e79d559889202a51e3f6073bd00adc8b8b0,GRP-06-35,hard,train,clean,False,False,False
DOC-0397,itr_DOC-0397.xlsx,xlsx,ITR,"title,ITR
r0,INCOME TAX RETURN ACKNOWLEDGEMENT (SYNTHETIC ITR)
r1,Assesse3: Kabir Menon
r2,PAN: RVVDS3548L
r3,As 5essment year: 2025-26
r4,ITR form: ITR-3
r5,e-Fi ling 4cknowle dgement: 1777342594
r6,Gross total income: INR 574;866.38
r7,Tax payable: INR 103;822. 39
r8,This is an incom3-tax return artefact; not a GST ret urn.
",328,ae7ee2b41b0e3da57182c7830aa05a1f08812613330b86face8fb29f028d24ae,GRP-06-36,medium,train,noisy,False,False,False
DOC-0398,itr_DOC-0398.pdf,pdf,ITR,"%PDF-1.4
% synthetic text-bearing stand-in
1 0 obj
<< /Title (ITR) >>
stream
INCOME  TAX RETURN ACKNOWLEDGEMENT (SYNTHETIC I TR)
Assessee: Sneh4 P4t3l
PAN: CFYCX9445F
A5se55ment year: 2024-25
ITR f0rm: ITR-2
e-Filing acknowledgement: 1477207135
Gross 70tal income: INR 2,625,788.12
Tax p4yable: INR 108,659.32

GSTIN (if registered): 2 4CFYCX9445F1Z6
Turnover d i sclosure for business ITR schedul e.
Thi5 is 4n income-tax return artefact, not a  GST return.

endstream
endobj
%%EOF
",483,234e42ca44624db77a9f4ba6730e8dcbcea08b4e3bf202cff233b263a9a60a28,GRP-06-37,hard,train,noisy,False,False,False
DOC-0399,itr_DOC-0399.jpg,jpg,ITR,"SYNTHETIC-JPG-IMAGE
# raster stand-in; OCR text follows
TITLE: ITR
INCOME TAX RETURN ACKNOWLEDGEMENT (SYNTHETIC ITR)
Assessee: Dev Khan
PAN: HXLDK6703D
Assessment year: 2025-26
ITR form: ITR-1
e-Filing acknowledgement: 1144533537
Gross total income: INR 480,301.58
Tax payable: INR 47,003.79
This is an income-tax return artefact, not a GST return.

",350,d4ace92ab28629112de750873b3862feba7ff37c8274ae2c5db2620d7018f888,GRP-06-38,easy,train,clean,False,False,False
DOC-0400,itr_DOC-0400.pdf,pdf,ITR,"%PDF-1.4
% synthetic text-bearing stand-in
1 0 obj
<< /Title (ITR) >>
stream
INCOME TAX RETURN ACKNOWLEDGEMENT (SYNTHETIC ITR)
Assessee: Isha Khan
PAN: ILWAX7138Q
Assessment year: 2024-25
ITR form: ITR-4
e-Filing acknowledgement: 1156825963
Gross total income: INR 1,304,874.74
Tax payable: INR 81,039.93
This is an income-tax return artefact, not a GST return.

endstream
endobj
%%EOF
",386,267328b64f4e72701ff64c6bc3e48aa8bd92f98e4be3c443e35f059f9432732d,GRP-06-39,easy,test,clean,False,False,False
DOC-0401,itr_DOC-0401.pdf,pdf,ITR,"%PDF-1.4
% synthetic text-bearing stand-in
1 0 obj
<< /Title (ITR) >>
stream
INCOME TAX RETURN ACKNOWLEDGEMENT (SYNTHETIC ITR)
Assessee: Arjun Joshi
PAN: HBJPU3586A

endstream
endobj
%%EOF
",189,013cdfe07eb7c8c6241278da6881ebe9eabec28a48674aa0643b1f056c543a2c,GRP-06-40,medium,validation,sparse,False,False,False
DOC-0402,itr_DOC-0402.pdf,pdf,ITR,"%PDF-1.4
% synthetic text-bearing stand-in
1 0 obj
<< /Title (ITR) >>
stream
INCOME TAX RETURN ACKNOWLEDGEMENT (SYNTHETIC ITR)
Assessee: Meera Gupta
PAN: JKTUI3253Q

endstream
endobj
%%EOF
",189,eba4021091876f0b698f28b55a3c844a91a244098849979cd66934df502e4c42,GRP-06-41,medium,validation,sparse,False,False,False
DOC-0403,gst_registration__gst_return_0403.pdf,pdf,ITR,"%PDF-1.4
% synthetic text-bearing stand-in
1 0 obj
<< /Title (ITR) >>
stream
INCOME TAX RETURN ACKNOWLEDGEMENT (SYNTHETIC ITR)
Assessee: Rahul Nair
PAN: GDFQR8734W
Assessment year: 2024-25
ITR form: ITR-4
e-Filing acknowledgement: 1710747556
Gross total income: INR 1,656,588.16
Tax payable: INR 91,445.27

GSTIN (if registered): 24GDFQR8734W1Z8
Turnover disclosure for business ITR schedule.
This is an income-tax return artefact, not a GST return.

endstream
endobj
%%EOF
",474,cd50e54345c19404ada1cdbd22ab60c5091dd2053228b8101c620deb8c6ea014,GRP-06-42,hard,validation,clean,False,False,True
DOC-0404,itr_DOC-0404.xlsx,xlsx,ITR,"title,ITR
r0,INCOME TAX RETURN ACKNOWLEDGEMENT (SYNTHETIC ITR)
r1,Ass3ssee: Fatima Reddy
r2,PAN: SGRXI1956A
r3,Assessment year: 2023-24
r4,ITR form: ITR-3
r5,e-Filing acknowledgement:  1045473008
r6,Gross  total income: INR  2;102;631.47
r7,Tax payable: INR 122;804.03
r8,This is an inc0me-tax return artefact; not a GST return.
",329,2785ecfa375e9782d87e2dd00966a68d697d03ea6eb0ff524116ed564e1ab7a8,GRP-06-43,medium,train,ocr,False,False,False
DOC-0405,itr_DOC-0405.jpg,jpg,ITR,"SYNTHETIC-JPG-IMAGE
# raster stand-in; OCR text follows
TITLE: ITR
INCOME TAX RETURN ACKNOWLEDGEMENT (SYNTHETIC ITR)
Assess3e: Kabir Reddy
PAN: RJFLO4256Z
Assessment year: 2025-26
ITR form: ITR-3
e-Filing acknowledgement:  1443403510
Gross total incom3: INR 1,782,471.12
Tax payable: INR 45,250.92
T his is an incom3-tax return artefact, not a GST return.

",357,5e6fae501d8b7bfaaa389e33648f3c8e20cbc229aca2575ebc9b0ccadff923f8,GRP-06-00,medium,train,ocr,True,False,False
DOC-0406,itr_DOC-0406.pdf,pdf,ITR,"%PDF-1.4
% synthetic text-bearing stand-in
1 0 obj
<< /Title (ITR) >>
stream
INCOME TAX RETURN ACKNOWLE DGEMENT ( SYNTHETIC ITR)
Ass3ss e3: Vikram Das
PAN: HIGBI1322U
Asses5ment year: 2023-24
ITR form: ITR-2
e-Filing ac knowl3dgement: 1222993244
Gro55 total income: INR 1,856,456.20
Tax payable: INR  46,247.28
This is 4n income-tax ret urn 4rtefact, not a GST return.

endstream
endobj
%%EOF
",393,0bcdca50cc47f75976ec5932adcc8e5b3dd5ab99857d4c24adfc493116e31543,GRP-06-01,medium,train,noisy,True,False,False
DOC-0407,itr_DOC-0407.tiff,tiff,ITR,"SYNTHETIC-TIFF-IMAGE
# raster stand-in; OCR text follows
TITLE: ITR
INCOME TAX RETURN ACKNOWLEDGEMENT (SYNTHETIC ITR)
Assessee: Dev Iyer
PAN: MXRZE0373M
Assessment year: 2025-26
ITR form: ITR-4
e-Filing acknowledgement: 1686143004
Gross total income: INR 458,741.13
Tax payable: INR 112,280.77

GSTIN (if registered): 07MXRZE0373M1ZA
Turnover disclosure for business ITR schedule.
This is an income-tax return artefact, not a GST return.

",439,d9d2a0a383a3c8815cb40c91c423163f6a1fbc97b45d7753fa160669de46de28,GRP-06-02,hard,train,clean,True,False,False
DOC-0408,itr_DOC-0408.tiff,tiff,ITR,"SYNTHETIC-TIFF-IMAGE
# raster stand-in; OCR text follows
TITLE: ITR
INCOME TAX RETURN ACKNOWLEDGEMENT (SYNTHETIC ITR)
Assessee: Ananya Da5
PAN: KQQSX2867W
Assess ment y3ar: 2025-26
ITR form: ITR-1
e-Filing acknowledgement: 1875044703
Gross total income: INR 2,618,836. 39
Tax payable: INR 150,348.49

GSTIN (if r3gistered): 36KQQSX2867W1Z3
Turnover disclosure for business ITR schedule.
This is  an income-tax return ar7efact, no t a GST return.

",447,a164b97fc78d8ed704b5e72b46e5022a329106a270e62348e43a67b05aa71ce4,GRP-06-03,hard,test,ocr,True,False,False
DOC-0409,itr_DOC-0409.jpg,jpg,ITR,"SYNTHETIC-JPG-IMAGE
# raster stand-in; OCR text follows
TITLE: ITR
INCOME TAX RETURN ACKNOWLEDGEMENT (SYNTHETIC ITR)
Assessee: Isha Patel
PAN: QDLOT1979L
Assessment year: 2023-24
ITR form: ITR-3
e-Filing acknowledgement: 1649354169
Gross total income: INR 640,258.77
Tax payable: INR 118,371.33
This is an income-tax return artefact, not a GST return.

",353,ba1ebc58ff7021b846451682d133fe273c9f79d6d46abf17a079be21a4941e80,GRP-06-04,easy,train,clean,True,False,False
DOC-0410,itr_DOC-0410.tiff,tiff,ITR,"SYNTHETIC-TIFF-IMAGE
# raster stand-in; OCR text follows
TITLE: ITR
INCOME TAX RETURN ACKNOWLEDGEMENT (SYNTHETIC ITR)
Assessee: Vikram Khan
PAN: TUPJE1091P

",157,87187aed570c6b58ad192dd2dad715264d89b57b36965f6a7c71ffb066f7a0c7,GRP-06-05,medium,validation,sparse,True,False,False
DOC-0411,itr_DOC-0411.msg,msg,ITR,"From: records-noreply@synthetic.example
To: intake@lender.example
Subject: ITR
MIME-Version: 1.0
Content-Type: text/plain; charset=UTF-8

INCOME TAX RETURN ACKNOWLEDGEMENT (SYNTHETIC ITR)
Assessee: Rahul Menon
PAN: XVPNU7258Y
Assessment year: 2025-26
ITR form: ITR-2
e-Filing acknowledgement: 1643504612
Gross total income: INR 1,641,925.43
Tax payable: INR 147,439.11
This is an income-tax return artefact, not a GST return.

",427,fdd012a562f623f21a1901d93dcb09172aabff8fb5e3351b6c6ead674857a008,GRP-06-06,easy,train,clean,True,False,False
DOC-0412,itr_DOC-0412.pdf,pdf,ITR,"%PDF-1.4
% synthetic text-bearing stand-in
1 0 obj
<< /Title (ITR) >>
stream
INCOME TAX RETURN ACKNOWLEDGEMENT (SYNTHETIC ITR)
Assessee: Rahul Patel
PAN: KNKRL5701V
Assessment year: 2025-26
ITR form: ITR-4
e-Filing acknowledgement: 1672142680
Gross total income: INR 2,510,778.48
Tax payable: INR 28,530.13

GSTIN (if registered): 24KNKRL5701V1Z8
Turnover disclosure for business ITR schedule.
This is an income-tax return artefact, not a GST return.

endstream
endobj
%%EOF
",475,1b21a6c039c750d17852be5734f513ed2dbff18c1dadaf7bb2ee2d3b5a26d9c8,GRP-06-07,hard,validation,clean,True,False,False
DOC-0413,itr_DOC-0413.docx,docx,ITR,"<?xml version='1.0' encoding='UTF-8'?>
<w:document>
<w:title>ITR</w:title>
<w:body>INCOME TAX RETURN ACKNOWLEDGEMENT (SYNTHETIC ITR)
Assessee: Sneha Das
 PAN: VZFHY9772 Q
Asse5sment ye4r: 2024- 25
ITR form: ITR-4
e-Filing acknowled9em3nt: 1109 3759 95
Gross total income: INR 1,902,672.05
Tax payable: INR 120,211.86
This i5 an income-tax return a rte fact, no7 4 GS T return.

[rescanned copy; low-resolution archive]
</w:body>
</w:document>
",443,edb009a0fce18509c29cd92555220bffaf38d73d6cf6d8d55dda9bc8f073422d,GRP-06-08,medium,train,ocr,False,True,False
DOC-0414,itr_DOC-0414.pdf,pdf,ITR,"%PDF-1.4
% synthetic text-bearing stand-in
1 0 obj
<< /Title (ITR) >>
stream
INCOME TAX RETURN ACKN OWLEDGEMENT (SYNTHETIC ITR)
A5 se5see: K4bir Sh arm4
PAN: UCDQD5435F
As ses5ment year: 2023-24
ITR form: ITR-4
e-Filing acknow1edgem3nt: 1 627304715
Gross tot al income: INR 1,248,190.63
Tax payable: INR  63,858.40
This is an income-tax retur n art efact, no7 a GST re7urn.

[rescanned copy; low-resolution archive]

endstream
endobj
%%EOF
",440,e2cf7c28865035fc5d6a8a4b8207bddc85fa7514f0d5a76de9d233547b848d0f,GRP-06-09,medium,train,ocr,False,True,False
DOC-0415,itr_DOC-0415.jpg,jpg,ITR,"SYNTHETIC-JPG-IMAGE
# raster stand-in; OCR text follows
TITLE: ITR
INCOME TAX RETURN ACKNOWLEDGEMENT (SYNTHETIC ITR)
Assessee: Fa7ima Patel
PAN: PSPNT2928S

[rescanned copy; low-resolution archive]

",199,295011fe267236e5b95b666ace90026fbfc81c4fd9965d98faae013049e927bd,GRP-06-10,medium,train,ocr,False,True,False
DOC-0416,itr_DOC-0416.pdf,pdf,ITR,"%PDF-1.4
% synthetic text-bearing stand-in
1 0 obj
<< /Title (ITR) >>
stream
INCOME TAX RETURN ACKNOWLEDG EMENT (SYNTHETIC ITR)
As5es5ee: Meer a  Menon
PAN: ATX NB7422I
A ss35sment y3ar: 2023-24
ITR form: ITR-3
e-Filing acknowledg3m3nt: 1065829984
Gross t0tal income: INR 1,243 ,071 .57
Tax payable: INR 11,711.23

GSTIN (i f re 9istered): 29ATXN87422I1Z5
Turnover  dis closure for  bu sin3s5 ITR schedule.
This is an income-tax return artefact, not a G ST return.

[rescanned copy; low-resolution archive]

endstream
endobj
%%EOF
",531,ac118fa1a9a34f6cd0653ffbdf25eaca069db0974f0ff70d977bf324809e81ee,GRP-06-11,hard,train,ocr,False,True,False
DOC-0417,itr_DOC-0417.docx,docx,ITR,"<?xml version='1.0' encoding='UTF-8'?>
<w:document>
<w:title>ITR</w:title>
<w:body>INCOME TAX RETURN ACKNOWLEDGEMENT (SYNTHETIC ITR)
Assessee: Rahul Patel
PAN: GWHDZ6587I

[rescanned copy; low-resolution archive]
</w:body>
</w:document>
",237,3b26350b42365a488fc3df67a75e535b16a57f651366baac9ab656d2a776ff5f,GRP-06-12,medium,test,ocr,False,True,False
DOC-0418,itr_DOC-0418.txt,txt,ITR,"ITR

INCOME TAX RETURN ACKNOWLEDGEMENT (SYNTHETIC ITR)
Asse5see: Sneha Joshi
PAN: MLUCU440 98
Assessment year: 2025-26
ITR form: ITR-4
3-Filing a c knowledgement: 18021 48612
Gross  to7a1 income: INR 2,734,896.07 
Tax p4yable: INR  72,147.30
This is an income-tax r3turn art3fact, not a GST return.

[rescanned copy; low-resolution archive]

",342,41fe0218e575ee8b86090ee357d226317252b83aeb60c5f1268102480177bd88,GRP-06-13,medium,train,ocr,False,True,False
DOC-0419,itr_DOC-0419.tiff,tiff,ITR,"SYNTHETIC-TIFF-IMAGE
# raster stand-in; OCR text follows
TITLE: ITR
INCOME TAX RETURN ACKNOWLEDGEMENT (SYNTHETIC ITR)
Assessee: Arjun Gupta
PAN: ZCJQZ7449C

[rescanned copy; low-resolution archive]

",199,ebb32d44be424b3fa7bbc2c9308f1ca200ee9b2d7948570ab8d6826bccd392e6,GRP-06-14,medium,train,ocr,False,True,False
DOC-0420,itr_DOC-0420.eml,eml,ITR,"From: records-noreply@synthetic.example
To: intake@lender.example
Subject: ITR
MIME-Version: 1.0
Content-Type: text/plain; charset=UTF-8

INCOME TAX RETURN ACKNOWLEDGEMENT (SYNTHETIC ITR)
Asses53e: Anany4 Nair
PAN: VQULO1785E
Assessment year: 2024-25
ITR form: ITR-3
e-Filing acknow13dgement: 1782876556 
Gross 7otal income:  INR 1,287,465.23
Tax pay4bl3: INR 25,954.22
This i5  an income -tax return 4rtefact, not 4 GST return.

[rescanned copy; low-resolution archive]

",472,a9ebb855d4d631ecdb700eccc8b74daad1ff29ad839f83efe4071e01831b17de,GRP-06-15,medium,train,ocr,False,True,False
DOC-0421,property_and_collateral_documents_DOC-0421.pdf,pdf,Property & Collateral Documents,"%PDF-1.4
% synthetic text-bearing stand-in
1 0 obj
<< /Title (Property & Collateral Documents) >>
stream
PROPERTY & COLLATERAL DOCUMENT — MEMORANDUM OF DEPOSIT / MORTGAGE (SYNTHETIC)
Dated: 17-12-2023
Mortgagor: Dev Sharma
Mortgagee: Axis Bank
Property schedule: 227 Lake View, Chennai 498768
Survey no: 81/11
Market value: INR 17,198,571.33
Charge created to secure loan LN580955.
Encumbrance and original title deposit recorded. This is not a services contract.

endstream
endobj
%%EOF
",490,685f2c6d243d5d3dc5204f2f7e4a3772171bf70efb3df771754a9b2828fca4e4,GRP-07-00,easy,train,clean,False,False,False
DOC-0422,property_and_collateral_documents_DOC-0422.png,png,Property & Collateral Documents,"SYNTHETIC-PNG-IMAGE
# raster stand-in; OCR text follows
TITLE: Property & Collateral Documents
PROPERT Y & COLLATERAL DOCUMENT — MEMORANDUM OF DEPOSIT / MORTGAGE  (SYNTHETIC)
Dated: 28-09-2023
Mortgagor: Fatima Das
Mortga9ee: Axis Bank
Property schedule: 53 MG Road, K0lkata  535800
Survey no: 22/7
Market value:  INR 4,173,176.29
Charge created to secure loan LN778491.

 The Mortgagor  covenants as un der a deed of agreement between 7he partie5.
IN WITNESS WHEREOF the p4rties have signed this instrum3nt.
Encumbrance and original title  deposit recorded. This is not a services contract.

",595,d8cf6e3e9bdbe13fc9141ead55fc9651b4de2bf95457f318897d9d80e2ddda5e,GRP-07-01,hard,test,ocr,False,False,False
DOC-0423,property_and_collateral_documents_DOC-0423.pdf,pdf,Property & Collateral Documents,"%PDF-1.4
% synthetic text-bearing stand-in
1 0 obj
<< /Title (Property & Collateral Documents) >>
stream
PROPERTY & COLLATERAL DOCUMENT — MEMORANDUM OF DEPOSIT / MORTGAGE (SYNTHETIC)
Dated: 01-10-2023
Mortgagor: Sneha Patel
Mortgagee: HDFC Bank
Property schedule: 183 Residency, Mumbai 526538
Survey no: 81/7
Market value: INR 10,430,819.66
Charge created to secure loan LN666972.
Encumbrance and original title deposit recorded. This is not a services contract.

endstream
endobj
%%EOF
",489,40bde61c4c9b293145a614c718a19b3da0fa140291d3dc3782b2b670e2ad83f7,GRP-07-02,easy,train,clean,False,False,False
DOC-0424,property_and_collateral_documents_DOC-0424.pdf,pdf,Property & Collateral Documents,"%PDF-1.4
% synthetic text-bearing stand-in
1 0 obj
<< /Title (Property & Collateral Documents) >>
stream
PROPERTY & COLLATERAL DOCUMENT — MEMORANDUM OF DEPOSIT / MORTGAGE (SYNTHETIC)
Dated: 26-12-2023
Mortgagor: Meera Gupta

endstream
endobj
%%EOF
",250,a6b6bd3e1017f631d66543adea0f0d70baddd0c3135964eca491bda6c4e71cb9,GRP-07-03,medium,train,sparse,False,False,False
DOC-0425,legal_contract_0425.msg,msg,Property & Collateral Documents,"From: records-noreply@synthetic.example
To: intake@lender.example
Subject: Property & Collateral Documents
MIME-Version: 1.0
Content-Type: text/plain; charset=UTF-8

PROPERTY & COLLATERAL DOCUMENT  — MEMORANDUM OF DEPOSIT / MORTGAGE (SYNTHETIC)
Dated: 23-06-2023
Mortgagor: Arjun Menon
Mortgagee: State Bank of India
Property schedule:  193 Residency, Bengaluru 494331
Survey no: 23/1
Market value: INR 3,143, 170.14
Charge created to secure loan LN656677.
 Encumbrance and original 7itle deposit  recorde d. This is not a services contract.

",545,c0bcdf58be857909377fcbe42d9148a7574bf41873cac8736d9b01fa821020a5,GRP-07-04,medium,train,ocr,False,False,True
DOC-0426,property_and_collateral_documents_DOC-0426.eml,eml,Property & Collateral Documents,"From: records-noreply@synthetic.example
To: intake@lender.example
Subject: Property & Collateral Documents
MIME-Version: 1.0
Content-Type: text/plain; charset=UTF-8

PROPERTY & C OLLAT ERAL DOCUMENT  — MEMORANDUM OF DEPOSIT / MORTGAGE (SYN THET IC)
Dated: 23-11-2023
Mortgagor: Dev Joshi
M or7gagee: ICICI Bank
Proper ty sch3dule: 174 Lake View, B en9aluru 505879
Sur vey no: 88/11
Market val ue: INR 6,656,319.09
Charge cr3ated 7o secure 1o4n LN799487.

The Mortgagor c0venan7s as u nder a deed of agreement between the parties.
IN WITNESS WHEREOF th3 parties have 5igned this  in5trum ent.
Encumbrance a nd origina 1 title deposit r3c0rd3d. T his is not a services con7ract.

",680,2a3e39f502be16afc71d18acb431d4a8486986db7785d5e929687410e17c4104,GRP-07-05,hard,test,noisy,False,False,False
DOC-0427,legal_contract_0427.pdf,pdf,Property & Collateral Documents,"%PDF-1.4
% synthetic text-bearing stand-in
1 0 obj
<< /Title (Property & Collateral Documents) >>
stream
PROPERTY & COLLATERAL DOCUMENT — MEMORANDUM OF DEPOSIT / MORTGAGE (SYNTHETIC)
Dated: 05-03-2023
Mortgagor: Vikram Sharma
Mortgagee: State Bank of India
Property schedule: 21 MG Road, Bengaluru 415086
Survey no: 12/10
Market value: INR 14,375,804.92
Charge created to secure loan LN459886.
Encumbrance and original title deposit recorded. This is not a services contract.

endstream
endobj
%%EOF
",502,0865a9deb3072b814d59ae7349db821a809c50c205cfe264e09f0eedae8fa677,GRP-07-06,easy,test,clean,False,False,True
DOC-0428,property_and_collateral_documents_DOC-0428.pdf,pdf,Property & Collateral Documents,"%PDF-1.4
% synthetic text-bearing stand-in
1 0 obj
<< /Title (Property & Collateral Documents) >>
stream
PROPERTY & COLLATERAL DOCUMENT — MEMORANDUM OF DEPOSIT / MORTGAGE (SYNTHETIC)
Dated: 06-02-2023
Mortgagor: Dev Nair
Mortgagee: State Bank of India
Property schedule: 234 Residency, Hyderabad 439584
Survey no: 59/4
Market value: INR 5,585,505.72
Charge created to secure loan LN511047.

The Mortgagor covenants as under a deed of agreement between the parties.
IN WITNESS WHEREOF the parties have signed this instrument.
Encumbrance and original title deposit recorded. This is not a services contract.

endstream
endobj
%%EOF
",633,00756f621a85dfd624c45980f082c3d03978de71da4f1897670098c9661c3dd5,GRP-07-07,hard,train,clean,False,False,False
DOC-0429,property_and_collateral_documents_DOC-0429.png,png,Property & Collateral Documents,"SYNTHETIC-PNG-IMAGE
# raster stand-in; OCR text follows
TITLE: Property & Collateral Documents
PROPERTY & COLLATERAL DOCUMENT — MEMORANDUM OF DEPOSIT / MORTGAGE (SYNTHETIC)
Dated: 17-07-2023
Mortgagor: Ananya Reddy

",218,a18dd1d9a61dbe7781bdba8c382c5b4a1b440c0c3d18f7b5bf7a4f03f4f4470e,GRP-07-08,medium,train,sparse,False,False,False
DOC-0430,property_and_collateral_documents_DOC-0430.pdf,pdf,Property & Collateral Documents,"%PDF-1.4
% synthetic text-bearing stand-in
1 0 obj
<< /Title (Property & Collateral Documents) >>
stream
PROPERTY & COLL ATERAL DOCUMENT — MEMORANDUM OF DEPOSIT / MORTGAGE (SYNTHETIC)
Dated: 08-10-2023
Mortgagor: Me3ra Reddy
Mortgagee: State Bank of India
Proper7y schedule: 221 Residency, Mumbai 432265
Surv3y no: 38/6
Market value: INR 14,272,136.53
Charge created to secure loan LN444723.
Encumbrance and original tit1e d3posit recorded. This is not a services contract.

endstream
endobj
%%EOF
",500,642745ff516db29db01ad5ed5653a095f84f8702d1ba43d7f493de5559242c3a,GRP-07-09,medium,train,ocr,False,False,False
DOC-0431,property_and_collateral_documents_DOC-0431.pdf,pdf,Property & Collateral Documents,"%PDF-1.4
% synthetic text-bearing stand-in
1 0 obj
<< /Title (Property & Collateral Documents) >>
stream
PROPERTY & COLLATERAL DOCUMENT — MEMORANDUM OF DEPOSIT / MORTGAGE (SYNTH ETIC)
Dated: 21-03-2023
Mortgagor: Sneha Khan
Mortgagee: Kotak Ma hindra B4nk
Property schedule: 13 Industrial Area, Hyderabad 479691
Survey no: 61/2
Market value: INR 4,871,152 .96
Charge created to secure loan LN315577.

The Mortgagor covenants as under a deed of agreement between the parties.
IN WITNESS WHEREOF the parties have signed this ins7rument.
Encumbrance and original  title deposit recorded. T his is not a services contract.

endstream
endobj
%%EOF
",645,fa9fde0089d06007a11a9fb910de4c4deb29ba8ab3cc97b63dcc2eddd603a417,GRP-07-10,hard,train,ocr,False,False,False
DOC-0432,property_and_collateral_documents_DOC-0432.pdf,pdf,Property & Collateral Documents,"%PDF-1.4
% synthetic text-bearing stand-in
1 0 obj
<< /Title (Property & Collateral Documents) >>
stream
PROPERTY & COLLATERAL DOCUMENT — MEMORANDUM OF DEPOSIT / MORTGAGE (SYNTHETIC)
Dated: 01-02-2023
Mortgagor: Ananya Gupta
Mortgagee: Kotak Mahindra Bank
Property schedule: 29 MG Road, Hyderabad 430155
Survey no: 53/8
Market value: INR 5,812,800.80
Charge created to secure loan LN693550.
Encumbrance and original title deposit recorded. This is not a services contract.

endstream
endobj
%%EOF
",499,0acf85cad99dbbe80f7d4cd6c0c4c0843559d5fe1735e5d05959c71dd4fd6ea0,GRP-07-11,easy,validation,clean,False,False,False
DOC-0433,property_and_collateral_documents_DOC-0433.pdf,pdf,Property & Collateral Documents,"%PDF-1.4
% synthetic text-bearing stand-in
1 0 obj
<< /Title (Property & Collateral Documents) >>
stream
PROPERTY & COLLATERAL DOCUMENT — MEMORANDUM OF DEPOSIT / MORTGAGE (SYNTHETIC)
Dated: 02-01-2023
Mortgagor: Isha Joshi
Mortgagee: Kotak Mahindra Bank
Property schedule: 57 Lake View, Pune 423085
Survey no: 75/12
Market value: INR 8,522,894.46
Charge created to secure loan LN952260.
Encumbrance and original title deposit recorded. This is not a services contract.

endstream
endobj
%%EOF
",495,2d847730d3d79e841d930fb0200c85a2067959ca95e2684b3a9b573c5d727ed9,GRP-07-12,easy,train,clean,False,False,False
DOC-0434,property_and_collateral_documents_DOC-0434.eml,eml,Property & Collateral Documents,"From: records-noreply@synthetic.example
To: intake@lender.example
Subject: Property & Collateral Documents
MIME-Version: 1.0
Content-Type: text/plain; charset=UTF-8

PROPERTY & COLLATERAL DOCUMENT — MEMORANDUM OF DEPOSIT / MORTGAGE (SYNTHETIC)
Dated: 23-06-2023
Mortgagor: Fatima Iyer
Mortgagee: Axis Bank
Property schedule: 51 MG Road, Ahmedabad 411318
Survey no: 79/3
Market value: INR 7,128,331.13
Charge created to secure loan LN722402.
Encumbrance and original title deposit recorded. This is not a services contract.

",526,f51eb0063c0f71b4299c7c2fd3797c0ba11deecd2dad417c30cd2b36d7508358,GRP-07-13,easy,train,clean,False,False,False
DOC-0435,property_and_collateral_documents_DOC-0435.tiff,tiff,Property & Collateral Documents,"SYNTHETIC-TIFF-IMAGE
# raster stand-in; OCR text follows
TITLE: Property & Collateral Documents
PROPERTY & COLLATERAL DOCUMENT — MEMORANDUM OF DEPOSIT / MORTGAGE (SYNTHETIC)
Dated: 08-03-2023
Mortgagor: Arjun Gupta
Mortgagee: Axis Bank
Property schedule: 165 Industrial Area, Ahmedabad 467784
Survey no: 22/7
Market value: INR 17,635,273.95
Charge created to secure loan LN816107.
Encumbrance and original title deposit recorded. This is not a services contract.

",466,c19fb2b9b57d94340d05cdea7127d1979ce991771f835731adefc4983f351798,GRP-07-14,easy,train,clean,False,False,False
DOC-0436,property_and_collateral_documents_DOC-0436.pdf,pdf,Property & Collateral Documents,"%PDF-1.4
% synthetic text-bearing stand-in
1 0 obj
<< /Title (Property & Collateral Documents) >>
stream
PROPERTY & COLLATERAL DOCUMENT — MEMORANDUM OF DEPOSIT / MORTGAGE (SYNTHETIC)
Dated: 26-11-2023
Mortgagor: Arjun Sharma
Mortgagee: State Bank of India
Property schedule: 59 Residency, Chennai 453936
Survey no: 45/8
Market value: INR 11,590,501.34
Charge created to secure loan LN489170.
Encumbrance and original title deposit recorded. This is not a services contract.

endstream
endobj
%%EOF
",500,62994bce19eb6709e34b6def8777c11c3c887f34e21717a42ae226379f5fd77f,GRP-07-15,easy,validation,clean,False,False,False
DOC-0437,legal_contract_0437.jpg,jpg,Property & Collateral Documents,"SYNTHETIC-JPG-IMAGE
# raster stand-in; OCR text follows
TITLE: Property & Collateral Documents
PROPERTY & COLLATERAL DOCUMENT — MEMORANDUM OF DEPOSIT / MORTGAGE (SYNTHETIC)
Dated: 21-04-2023
Mortgagor: Rahul Joshi
Mortgagee: ICICI Bank
Property schedule: 152 Industrial Area, Chennai 537023
Survey no: 88/11
Market value: INR 4,349,158.01
Charge created to secure loan LN580163.
Encumbrance and original title deposit recorded. This is not a services contract.

",464,33c2cb980037dc01ba1a34fa237352a080b75d1f150bd8b4e02440288bbea972,GRP-07-16,easy,test,clean,False,False,True
DOC-0438,property_and_collateral_documents_DOC-0438.pdf,pdf,Property & Collateral Documents,"%PDF-1.4
% synthetic text-bearing stand-in
1 0 obj
<< /Title (Property & Collateral Documents) >>
stream
PROPERTY & COLLATERAL DOCUMENT — MEMORANDUM OF DEPOSIT / MORTGAGE (SYNTHETIC)
Dated: 17-0 6-2023 
Mortgagor: Ish4 Menon
Mortgag3e: HDFC Bank
Property schedule: 111 Residency, Ahmedabad 408173
Survey no: 18/12
Marke7 value: INR 5,652,178.70
Charge created  to secure loan LN425727.

The Mortgagor covenants as under a deed of agreement between the parti es.
IN WITNESS WHEREOF the parties have signed this instrum3nt.
Encumbrance and original title deposit recorded. This is not a services contrac7.

endstream
endobj
%%EOF
",630,a51364be8f40f58b7ffc2b511775edd2e4269953c99627bb46758cab37ea99db,GRP-07-17,hard,validation,ocr,False,False,False
DOC-0439,property_and_collateral_documents_DOC-0439.pdf,pdf,Property & Collateral Documents,"%PDF-1.4
% synthetic text-bearing stand-in
1 0 obj
<< /Title (Property & Collateral Documents) >>
stream
PROPERTY & COLLATERAL DOCUMENT — MEMORANDUM OF DEPOSIT / MORTGAGE (SYNTHETIC)
Dated: 08-01-2023
Mortgagor: Ananya Iyer
Mortgagee: HDFC Bank
Property schedule: 30 Residency, Chennai 506509
Survey no: 63/10
Market value: INR 13,479,837.28
Charge created to secure loan LN894361.
Encumbrance and original title deposit recorded. This is not a services contract.

endstream
endobj
%%EOF
",490,9bff95636959c0deafd25d4951c3aed8e2fd07db8e04a7c46fa40dd7a5785b5f,GRP-07-18,easy,test,clean,False,False,False
DOC-0440,property_and_collateral_documents_DOC-0440.tiff,tiff,Property & Collateral Documents,"SYNTHETIC-TIFF-IMAGE
# raster stand-in; OCR text follows
TITLE: Property & Collateral Documents
PROPERTY & COLLATERAL DOCUMENT — MEMORANDUM OF DEPOSIT / MORTGAGE (SYNTHETIC)
Dated: 25-12-2023
Mortgagor: Kabir Menon
Mortgagee: State Bank of India
Property schedule: 170 Lake View, Ahmedabad 453758
Survey no: 66/12
Market value: INR 16,117,589.10
Charge created to secure loan LN606416.

The Mortgagor covenants as under a deed of agreement between the parties.
IN WITNESS WHEREOF the parties have signed this instrument.
Encumbrance and original title deposit recorded. This is not a services contract.

",606,d0ac43a9372a32638bfc198da2a0e545eef332c28550e02aadd5da98577ffedf,GRP-07-19,hard,train,clean,False,False,False
DOC-0441,property_and_collateral_documents_DOC-0441.tiff,tiff,Property & Collateral Documents,"SYNTHETIC-TIFF-IMAGE
# raster stand-in; OCR text follows
TITLE: Property & Collateral Documents
PROPERTY & COLLATERAL DOCUMENT — MEMORANDUM OF DEPOSIT / MORTGAGE (SYNTHETIC)
Dated: 06-11-2023
Mortgagor: Vikram Joshi

",219,ab8679870802c9f96c017d3eef9e86138937f4b6a0a8a5a2c68d0e5e75098dc2,GRP-07-20,medium,train,sparse,False,False,False
DOC-0442,property_and_collateral_documents_DOC-0442.txt,txt,Property & Collateral Documents,"Property & Collateral Documents

PROPERTY & COLLATERAL DOCUMENT — MEMORANDUM OF DEPOSIT / MORTGAGE (SYNTHETIC)
Dated: 28-10-2023
Mortgagor: Fatima Joshi
Mortgagee: Kotak Mahindra Bank
Property schedule: 40 MG Road, Chennai 460713
Survey no: 24/7
Market value: INR 3,108,081.61
Charge created to secure loan LN629185.

The Mortgagor covenants as under a deed of agreement between the parties.
IN WITNESS WHEREOF the parties have signed this instrument.
Encumbrance and original title deposit recorded. This is not a services contract.

",537,9e31ad41251fc6a744b48822fb035a6f91b4059b0cc44c662bf7887f7e9138c1,GRP-07-21,hard,train,clean,False,False,False
DOC-0443,property_and_collateral_documents_DOC-0443.xlsx,xlsx,Property & Collateral Documents,"title,Property & Collateral Documents
r0,PROPERTY & COLLATERAL DOCUMENT — MEMORANDUM OF DEPOSIT / MORTGAGE (SYNTHETIC)
r1,Dated: 21-12-2023
r2,Mortgagor: Fatima Gupta
r3,Mortgagee: State Bank of India
r4,Property schedule: 169 Residency; Pune 425994
r5,Survey no: 23/10
r6,Market value: INR 10;919;927.39
r7,Charge created to secure loan LN827846.
r8,Encumbrance and original title deposit recorded. This is not a services contract.
",435,cfd530753b5830eb1321e83167a179f8a6df898d051e08e019a6ef9dcbfb7cfd,GRP-07-22,easy,train,clean,False,False,False
DOC-0444,property_and_collateral_documents_DOC-0444.pdf,pdf,Property & Collateral Documents,"%PDF-1.4
% synthetic text-bearing stand-in
1 0 obj
<< /Title (Property & Collateral Documents) >>
stream
PROPERTY & CO LLATERAL DOCUMENT — MEMOR AN DUM OF DEPOSIT / MORTGAGE (SYNT HETIC)
Dated: 28-03-2023
Mortgagor: Kabir Khan
Mortgag33: State Bank of India
Property schedule: 113 MG Road, Delhi 507037
Surv3y no: 72/1
Market  valu3: INR 12,248,326.49
Charge created  to secur3 loan LN705409.
Encumbrance 4nd  original titl3 deposit recorded. This is not a services contrac7.

endstream
endobj
%%EOF
",502,e76d44ba4c27ce9d4555c5d27a29a1dbbc523019872825dce4c19489e72f095c,GRP-07-23,medium,validation,noisy,False,False,False
DOC-0445,property_and_collateral_documents_DOC-0445.pdf,pdf,Property & Collateral Documents,"%PDF-1.4
% synthetic text-bearing stand-in
1 0 obj
<< /Title (Property & Collateral Documents) >>
stream
PROPERTY & COLLATERAL DOCUMENT — MEMORANDUM OF DEPOSIT / MORTGAGE (SYNTHETIC)
Dated: 28-01-2023
Mortgagor: Vikram Iyer
Mortgagee: State Bank of India
Property schedule: 175 Industrial Area, Bengaluru 418123
Survey no: 30/10
Market valu3: INR 5,898,291.19
Charge cr3a7ed to 5ecure loan LN195046.

The Mortgagor cov3nants as under a deed of agreement between the par7ie5.
IN WITNESS WHEREOF the parti es have signed this instrument.
Encumbrance and 0riginal title deposit recorded. This is n0t a services contract.

endstream
endobj
%%EOF
",644,cbd87b4e9e06d00b93a200cca01b0b0627f57bc81f318c14b4d3fa51929984a6,GRP-07-24,hard,test,ocr,False,False,False
DOC-0446,legal_contract_0446.eml,eml,Property & Collateral Documents,"From: records-noreply@synthetic.example
To: intake@lender.example
Subject: Property & Collateral Documents
MIME-Version: 1.0
Content-Type: text/plain; charset=UTF-8

PROPERTY & COLLATERAL DOCUMENT — MEMORANDUM OF DEPOSIT / MORTGAGE (SYNTHETIC)
Dated: 03-11-2023
Mortgagor: Kabir Iyer

",287,21cd853b79e6f2ea7388464d9db5b7bb8662b5026fab44d4e190791852073f9a,GRP-07-25,medium,train,sparse,False,False,True
DOC-0447,property_and_collateral_documents_DOC-0447.tiff,tiff,Property & Collateral Documents,"SYNTHETIC-TIFF-IMAGE
# raster stand-in; OCR text follows
TITLE: Property & Collateral Documents
PROPERTY & COLLATERAL DOCUMENT — MEMORANDUM OF DEPOSIT / MORTGAGE (SYNTHETIC)
Dated: 04-09-2023
Mortgagor: Rahul Reddy
Mortgagee: State Bank of India
Property schedule: 74 Industrial Area, Kolkata 410201
Survey no: 20/11
Market value: INR 9,124,985.99
Charge created to secure loan LN889623.
Encumbrance and original title deposit recorded. This is not a services contract.

",473,74d83c811b125be0ddcab490d7a72b45b5a92b536348f73e378d6417ec0e8ea0,GRP-07-26,easy,train,clean,False,False,False
DOC-0448,property_and_collateral_documents_DOC-0448.pdf,pdf,Property & Collateral Documents,"%PDF-1.4
% synthetic text-bearing stand-in
1 0 obj
<< /Title (Property & Collateral Documents) >>
stream
PROPERTY & COLLATERAL DOCUMENT — MEMORANDUM OF DEPOSIT / MORTGAGE (SYNTHETIC)
Dated: 15-09-2023
Mortgagor: Rahul Das

endstream
endobj
%%EOF
",248,891f5470d023c0f0ed0526711d9faa37a07f5f551375905ebe8979524166d48d,GRP-07-27,medium,validation,sparse,False,False,False
DOC-0449,property_and_collateral_documents_DOC-0449.tiff,tiff,Property & Collateral Documents,"SYNTHETIC-TIFF-IMAGE
# raster stand-in; OCR text follows
TITLE: Property & Collateral Documents
PROPERTY & COL LATERAL DOCUMENT — MEMORANDUM OF DEPOSIT / MORTGAGE (SYNTHET IC)
Dated: 07 -12-2023
Mortgagor: Rahul Pate1
Mortgagee: Axis  Bank
Property schedule: 122 MG R0ad, Mu mbai 453082
Survey n0: 70/6
Market value: INR 9,016,19 6.91
Charge cre4t3d 7o secure 1oan LN914780.

The Mortgagor covenants as under a deed of agreement between the partie s.
IN WITNESS WHEREOF the parti3s have signed this instr ument.
Encumbrance and original title d eposit reco rded. This is not a services contract.

",599,6fae2d1c439318b03a8023446b31738c46564c15a0d80f8f9bff99547ac5659e,GRP-07-28,hard,train,ocr,False,False,False
DOC-0450,property_and_collateral_documents_DOC-0450.pdf,pdf,Property & Collateral Documents,"%PDF-1.4
% synthetic text-bearing stand-in
1 0 obj
<< /Title (Property & Collateral Documents) >>
stream
PROPERTY & COLLATERAL DOCUMENT — MEMORANDU M  OF DEPOSIT / MORTGAGE (SYNTHETIC)
Dat3d: 28-11-2023
Mortg4gor: Ananya Reddy
Mortgagee: Axis Bank
Property  schedule: 152 Industrial Area, Pune 427123
Surv3y no: 83/2
Market value: INR 14,568,782.73
Ch4r ge created t0 secure loan LN219973.
Encumbrance and o riginal titl3 deposit rec0rded. This is not a s3rvices contract.

endstream
endobj
%%EOF
",499,69d84d16b4552e0e8e3b9c716fdcd1756b933696abaa00a5765a7d4124790e5c,GRP-07-29,medium,train,noisy,False,False,False
DOC-0451,property_and_collateral_documents_DOC-0451.pdf,pdf,Property & Collateral Documents,"%PDF-1.4
% synthetic text-bearing stand-in
1 0 obj
<< /Title (Property & Collateral Documents) >>
stream
PROPERTY & COLLATERAL DOCUMENT — MEMORAN DUM  OF DEPOSIT  / MORTGAGE (SYNTHETIC)
Dated: 10-01-2023
Mortga9or: Dev Menon
Mortgagee: HDFC Bank
Proper7y sche dule: 31 MG Ro4d, Kolkata 451858
Surv ey no: 61/9
M4rket va1ue: INR 17,408,386.24
Charg3 cre4ted to secur3 loan LN423169.

The Mortgag or c0v3nan7s as under a deed of agree ment between the parti3s.
IN WITNESS WHEREOF th e parties ha ve sign3d 7his instrumen7.
Encumbrance and original title dep0si7 recorded. This is not a s3rvices contract.

endstream
endobj
%%EOF
",629,1d9b7aff60cd67dee9f960100ac0e40ea2d7b3aa559a40dcc6a8242a2f43139a,GRP-07-30,hard,train,noisy,False,False,False
DOC-0452,legal_contract_0452.docx,docx,Property & Collateral Documents,"<?xml version='1.0' encoding='UTF-8'?>
<w:document>
<w:title>Property & Collateral Documents</w:title>
<w:body>PROPERTY & COLLATERAL DOCUMENT — MEMORANDUM OF DEPOSIT / MORTGAGE (SYNTHETIC)
Dated: 19-03-2023
Mortgagor: Fatima Khan
Mortgagee: Axis Bank
Property schedule: 199 Residency, Delhi 508054
Survey no: 51/11
Market value: INR 14,423,178.23
Charge created to secure loan LN464450.
Encumbrance and original title deposit recorded. This is not a services contract.
</w:body>
</w:document>
",495,8e50e4f029fa8c001b0707e7a0ff8b61b7ee527c42493fabcb58c833132d62ca,GRP-07-31,easy,validation,clean,False,False,True
DOC-0453,property_and_collateral_documents_DOC-0453.pdf,pdf,Property & Collateral Documents,"%PDF-1.4
% synthetic text-bearing stand-in
1 0 obj
<< /Title (Property & Collateral Documents) >>
stream
PROPERTY &  COLLATERAL  DOCUMENT — MEMORANDUM OF DEPOSIT / MORTGAGE (SYNTHE TIC)
Dated: 22-08-2023
Mortgagor: Arjun Khan
Mor7gagee : HDFC Bank
Property schedule: 21 MG R04d,  Kolkata 512868
Survey no: 18/1
Market  v4lue: INR 6,020,441.85
Charge cr eated to s3cure loan LN526393.
Encumbrance and  original title deposit  recorded. This is not a services contract.

endstream
endobj
%%EOF
",494,8cba1a7e4d3fe6dd6e21ec64d679e2440a28de8e099076a970748a9d7681910b,GRP-07-32,medium,train,noisy,False,False,False
DOC-0454,property_and_collateral_documents_DOC-0454.png,png,Property & Collateral Documents,"SYNTHETIC-PNG-IMAGE
# raster stand-in; OCR text follows
TITLE: Property & Collateral Documents
PROPERTY & COLLATERAL DOCUMENT — MEMORANDUM OF DEPOSIT / MORTGAGE (SYNTHETIC)
Dated: 22-11-2023
Mortgagor: Sneha Menon

",217,dbf668e2c172807ffd77e7d80459712ebe61e78ac82655bf593f00c46e8f193d,GRP-07-33,medium,train,sparse,False,False,False
DOC-0455,legal_contract_0455.pdf,pdf,Property & Collateral Documents,"%PDF-1.4
% synthetic text-bearing stand-in
1 0 obj
<< /Title (Property & Collateral Documents) >>
stream
PROPERTY & COLLATERAL DOCUMENT — MEMORANDUM OF DEPOSIT / MORTGAGE (SYNTHETIC)
Dated: 17-06-2023
Mortgagor: Meera Sharma
Mortgagee: State Bank of India
Property schedule: 198 Lake View, Chennai 535751
Survey no: 89/8
Market value: INR 2,318,399.69
Charge created to secure loan LN612891.
Encumbrance and original title deposit recorded. This is not a services contract.

endstream
endobj
%%EOF
",500,54351697b438b1f2ad1269a96faa170044496d47f5b1ee6c4ada03b7d75315b5,GRP-07-34,easy,train,clean,False,False,True
DOC-0456,property_and_collateral_documents_DOC-0456.jpg,jpg,Property & Collateral Documents,"SYNTHETIC-JPG-IMAGE
# raster stand-in; OCR text follows
TITLE: Property & Collateral Documents
PROPERTY & COLLATERAL DOCUMENT — MEMORANDUM OF DEPOSIT / MORTGAGE (SYNTHETIC)
Dated: 09-04-2023
Mortgag0r: Isha Joshi
Mortgagee: State Ban k of India
Property sch3dule: 233 Lak3 View, Kolkata 487216
Survey no: 86/4
Market v4lue: INR 11,527,552.29
Charge cre4ted to secure loan LN404820.
Encumbrance and origin4l title deposit recorded. This is not a services contract.

",467,e698a93c74e8c0e5c6f31e76aa26d4d388eed8dcec9284cc59b3ce4f067c2e1a,GRP-07-35,medium,train,ocr,False,False,False
DOC-0457,legal_contract_0457.pdf,pdf,Property & Collateral Documents,"%PDF-1.4
% synthetic text-bearing stand-in
1 0 obj
<< /Title (Property & Collateral Documents) >>
stream
PROPERTY & COLLATERAL DOCUMENT — MEMORANDUM OF DEPOSIT / MORTGAGE (SYNTHETIC)
Dated: 18-05-2023
Mortgagor: Kabir Nair
Mortgagee: ICICI Bank
Property schedule: 96 MG Road, Chennai 490131
Survey no: 80/12
Market value: INR 10,834,782.81
Charge created to secure loan LN157092.

The Mortgagor covenants as under a deed of agreement between the parties.
IN WITNESS WHEREOF the parties have signed this instrument.
Encumbrance and original title deposit recorded. This is not a services contract.

endstream
endobj
%%EOF
",623,1bb0b749100ec8677903f6284e3587a0576cdf8f98ce291f6660363242a76243,GRP-07-36,hard,train,clean,False,False,True
DOC-0458,property_and_collateral_documents_DOC-0458.pdf,pdf,Property & Collateral Documents,"%PDF-1.4
% synthetic text-bearing stand-in
1 0 obj
<< /Title (Property & Collateral Documents) >>
stream
PROPERTY & COLLATERAL DOCUMENT — MEMORANDUM OF DEPOSIT / MORTGAGE (SYNTHETIC)
Dated: 26-10-2023
Mortgagor: Sneha Khan
Mortgagee: Axis Bank
Property schedule: 148 Residency, Ahmedabad 438651
Survey no: 41/2
Market value: INR 3,380,996.34
Charge created to secure loan LN187649.

The Mortgagor covenants as under a deed of agreement between the parties.
IN WITNESS WHEREOF the parties have signed this instrument.
Encumbrance and original title deposit recorded. This is not a services contract.

endstream
endobj
%%EOF
",625,fceb12c69e6138d9b10940c227a67cb5111c5d5bbd3dd8932e5ad3a61127f199,GRP-07-37,hard,train,clean,False,False,False
DOC-0459,property_and_collateral_documents_DOC-0459.xlsx,xlsx,Property & Collateral Documents,"title,Property & Collateral Documents
r0,PROPERTY & COLLATERAL DOCUMENT — MEMORANDUM OF DEPOSIT / MORTGAGE (SYNTHETIC)
r1,Dated: 01-05-2023
r2,Mortgagor: Fatima Menon
r3,Mortgagee: HDFC Bank
r4,Property schedule: 226 MG Road; Bengaluru 548461
r5,Survey no: 45/11
r6,Market value: INR 10;668;742.04
r7,Charge created to secure loan LN482593.
r8,Encumbrance and original title deposit recorded. This is not a services contract.
",428,45f6d63ae3f03e58224bc336d8cdebdc844b6ebc2645b468fdc5848788776acc,GRP-07-38,easy,train,clean,False,False,False
DOC-0460,legal_contract_0460.jpg,jpg,Property & Collateral Documents,"SYNTHETIC-JPG-IMAGE
# raster stand-in; OCR text follows
TITLE: Property & Collateral Documents
PROPERTY & COLLATERAL DOCUMENT — MEMORANDUM OF DEPOSIT / MORTGAGE (SYNTHETIC)
Dated: 04-05-2023
Mortgagor: Meera Menon
Mortgagee: HDFC Bank
Property schedule: 47 Residency, Mumbai 492325
Survey no: 45/1
Market value: INR 13,202,388.03
Charge created to secure loan LN231994.
Encumbrance and original title deposit recorded. This is not a services contract.

",455,12e5646760e9c469cd41359e5c499c509d091298a3cf0e28e44cdbf215f5f02b,GRP-07-39,easy,train,clean,False,False,True
DOC-0461,property_and_collateral_documents_DOC-0461.png,png,Property & Collateral Documents,"SYNTHETIC-PNG-IMAGE
# raster stand-in; OCR text follows
TITLE: Property & Collateral Documents
PROPERTY & COLLATERAL DOCUMENT — MEMORANDUM OF DEPOSIT / MORTGAGE (SYNTHETIC)
Dated: 18-09-2023
Mortgagor: Sneha Das
Mortgagee: Kotak Mahindra Bank
Property schedule: 184 MG Road, Pune 538317
Survey no: 66/6
Market value: INR 10,781,253.79
Charge created to secure loan LN909956.
Encumbrance and original title deposit recorded. This is not a services contract.

",460,b080f35cf4a802a97644df522fa5ef1e6da4834c52702347d02dcef6d08ac2c9,GRP-07-40,easy,train,clean,False,False,False
DOC-0462,property_and_collateral_documents_DOC-0462.pdf,pdf,Property & Collateral Documents,"%PDF-1.4
% synthetic text-bearing stand-in
1 0 obj
<< /Title (Property & Collateral Documents) >>
stream
PROPERTY & COLLATERAL DOCUMENT — MEMORANDUM OF DEPOSIT / MORTGAGE (SYNTHETIC)
Dated: 07-01-2023
Mortgagor: Arjun Joshi
Mortgagee: ICICI Bank
Property schedule: 125 Lake View, Delhi 501002
Survey no: 49/10
Market value: INR 3,161,095.49
Charge created to secure loan LN123205.
Encumbrance and original title deposit recorded. This is not a services contract.

endstream
endobj
%%EOF
",489,cf08d874cc2bd72a3cd388fd3453d17b1070eb021fa231b8445b2087898ddd32,GRP-07-41,easy,train,clean,False,False,False
DOC-0463,property_and_collateral_documents_DOC-0463.pdf,pdf,Property & Collateral Documents,"%PDF-1.4
% synthetic text-bearing stand-in
1 0 obj
<< /Title (Property & Collateral Documents) >>
stream
PROPERTY & COLLATERAL DOCUMENT — MEMORANDUM OF DEPOSIT / MORTGAGE (SYNTHETIC)
Dated: 26-12-2023
Mortgagor: Vikram Das
Mortgagee: State Bank of India
Property schedule: 219 MG Road, Kolkata 459584
Survey no: 15/5
Market value: INR 2,370,182.28
Charge created to secure loan LN749180.
Encumbrance and original title deposit recorded. This is not a services contract.

endstream
endobj
%%EOF
",496,e398a7ab501859bb70a7ba4badbcd2b4caf41f7abbfb850d95af461c86cc599e,GRP-07-42,easy,train,clean,False,False,False
DOC-0464,property_and_collateral_documents_DOC-0464.pdf,pdf,Property & Collateral Documents,"%PDF-1.4
% synthetic text-bearing stand-in
1 0 obj
<< /Title (Property & Collateral Documents) >>
stream
PROPERTY & COLLATERAL DOCUME NT — MEMORANDUM OF DEPOSIT / MORTGAGE (SYNTHETIC)
D4ted: 04-02-2023
Mortgag0r: Meera Joshi
Mortgagee: HD FC Bank
Property 5chedule: 215 Lake View, Pun e  454096
Surv 3y no: 45/6
Marke t  value: INR 16,766,008.75
Ch4r9e created to secur3 1oan LN386562.
Encumbrance and 0riginal titl3 deposit recorded. This is not a s 3r vices contr4ct.

endstream
endobj
%%EOF
",496,6c39ab52c7261bc1b112b4056d694f40c588b552d068b3747f8187296386d6d5,GRP-07-43,medium,validation,noisy,False,False,False
DOC-0465,property_and_collateral_documents_DOC-0465.pdf,pdf,Property & Collateral Documents,"%PDF-1.4
% synthetic text-bearing stand-in
1 0 obj
<< /Title (Property & Collateral Documents) >>
stream
PROPERTY & COLLATERAL DOCUMENT — MEMORANDUM OF DEPOSIT / MORTGAGE (SYNTHETIC)
Dated: 17-12-2023
Mortgagor: Dev Sharma
Mortgagee: Axis Bank
Property schedule: 227 Lake View, Chennai 498768
Survey no: 81/11
Market value: INR 17,198,571.33
Charge created to secure loan LN580955.
Encumbrance and original title deposit recorded. This is not a services contract.

endstream
endobj
%%EOF
",490,685f2c6d243d5d3dc5204f2f7e4a3772171bf70efb3df771754a9b2828fca4e4,GRP-07-00,easy,train,clean,True,False,False
DOC-0466,property_and_collateral_documents_DOC-0466.png,png,Property & Collateral Documents,"SYNTHETIC-PNG-IMAGE
# raster stand-in; OCR text follows
TITLE: Property & Collateral Documents
PROPERT Y & COLLATERAL DOCUMENT — MEMORANDUM OF DEPOSIT / MORTGAGE  (SYNTHETIC)
Dated: 28-09-2023
Mortgagor: Fatima Das
Mortga9ee: Axis Bank
Property schedule: 53 MG Road, K0lkata  535800
Survey no: 22/7
Market value:  INR 4,173,176.29
Charge created to secure loan LN778491.

 The Mortgagor  covenants as un der a deed of agreement between 7he partie5.
IN WITNESS WHEREOF the p4rties have signed this instrum3nt.
Encumbrance and original title  deposit recorded. This is not a services contract.

",595,d8cf6e3e9bdbe13fc9141ead55fc9651b4de2bf95457f318897d9d80e2ddda5e,GRP-07-01,hard,test,ocr,True,False,False
DOC-0467,property_and_collateral_documents_DOC-0467.pdf,pdf,Property & Collateral Documents,"%PDF-1.4
% synthetic text-bearing stand-in
1 0 obj
<< /Title (Property & Collateral Documents) >>
stream
PROPERTY & COLLATERAL DOCUMENT — MEMORANDUM OF DEPOSIT / MORTGAGE (SYNTHETIC)
Dated: 01-10-2023
Mortgagor: Sneha Patel
Mortgagee: HDFC Bank
Property schedule: 183 Residency, Mumbai 526538
Survey no: 81/7
Market value: INR 10,430,819.66
Charge created to secure loan LN666972.
Encumbrance and original title deposit recorded. This is not a services contract.

endstream
endobj
%%EOF
",489,40bde61c4c9b293145a614c718a19b3da0fa140291d3dc3782b2b670e2ad83f7,GRP-07-02,easy,train,clean,True,False,False
DOC-0468,property_and_collateral_documents_DOC-0468.pdf,pdf,Property & Collateral Documents,"%PDF-1.4
% synthetic text-bearing stand-in
1 0 obj
<< /Title (Property & Collateral Documents) >>
stream
PROPERTY & COLLATERAL DOCUMENT — MEMORANDUM OF DEPOSIT / MORTGAGE (SYNTHETIC)
Dated: 26-12-2023
Mortgagor: Meera Gupta

endstream
endobj
%%EOF
",250,a6b6bd3e1017f631d66543adea0f0d70baddd0c3135964eca491bda6c4e71cb9,GRP-07-03,medium,train,sparse,True,False,False
DOC-0469,property_and_collateral_documents_DOC-0469.msg,msg,Property & Collateral Documents,"From: records-noreply@synthetic.example
To: intake@lender.example
Subject: Property & Collateral Documents
MIME-Version: 1.0
Content-Type: text/plain; charset=UTF-8

PROPERTY & COLLATERAL DOCUMENT  — MEMORANDUM OF DEPOSIT / MORTGAGE (SYNTHETIC)
Dated: 23-06-2023
Mortgagor: Arjun Menon
Mortgagee: State Bank of India
Property schedule:  193 Residency, Bengaluru 494331
Survey no: 23/1
Market value: INR 3,143, 170.14
Charge created to secure loan LN656677.
 Encumbrance and original 7itle deposit  recorde d. This is not a services contract.

",545,c0bcdf58be857909377fcbe42d9148a7574bf41873cac8736d9b01fa821020a5,GRP-07-04,medium,train,ocr,True,False,False
DOC-0470,property_and_collateral_documents_DOC-0470.eml,eml,Property & Collateral Documents,"From: records-noreply@synthetic.example
To: intake@lender.example
Subject: Property & Collateral Documents
MIME-Version: 1.0
Content-Type: text/plain; charset=UTF-8

PROPERTY & C OLLAT ERAL DOCUMENT  — MEMORANDUM OF DEPOSIT / MORTGAGE (SYN THET IC)
Dated: 23-11-2023
Mortgagor: Dev Joshi
M or7gagee: ICICI Bank
Proper ty sch3dule: 174 Lake View, B en9aluru 505879
Sur vey no: 88/11
Market val ue: INR 6,656,319.09
Charge cr3ated 7o secure 1o4n LN799487.

The Mortgagor c0venan7s as u nder a deed of agreement between the parties.
IN WITNESS WHEREOF th3 parties have 5igned this  in5trum ent.
Encumbrance a nd origina 1 title deposit r3c0rd3d. T his is not a services con7ract.

",680,2a3e39f502be16afc71d18acb431d4a8486986db7785d5e929687410e17c4104,GRP-07-05,hard,test,noisy,True,False,False
DOC-0471,property_and_collateral_documents_DOC-0471.pdf,pdf,Property & Collateral Documents,"%PDF-1.4
% synthetic text-bearing stand-in
1 0 obj
<< /Title (Property & Collateral Documents) >>
stream
PROPERTY & COLLATERAL DOCUMENT — MEMORANDUM OF DEPOSIT / MORTGAGE (SYNTHETIC)
Dated: 05-03-2023
Mortgagor: Vikram Sharma
Mortgagee: State Bank of India
Property schedule: 21 MG Road, Bengaluru 415086
Survey no: 12/10
Market value: INR 14,375,804.92
Charge created to secure loan LN459886.
Encumbrance and original title deposit recorded. This is not a services contract.

endstream
endobj
%%EOF
",502,0865a9deb3072b814d59ae7349db821a809c50c205cfe264e09f0eedae8fa677,GRP-07-06,easy,test,clean,True,False,False
DOC-0472,property_and_collateral_documents_DOC-0472.pdf,pdf,Property & Collateral Documents,"%PDF-1.4
% synthetic text-bearing stand-in
1 0 obj
<< /Title (Property & Collateral Documents) >>
stream
PROPERTY & COLLATERAL DOCUMENT — MEMORANDUM OF DEPOSIT / MORTGAGE (SYNTHETIC)
Dated: 06-02-2023
Mortgagor: Dev Nair
Mortgagee: State Bank of India
Property schedule: 234 Residency, Hyderabad 439584
Survey no: 59/4
Market value: INR 5,585,505.72
Charge created to secure loan LN511047.

The Mortgagor covenants as under a deed of agreement between the parties.
IN WITNESS WHEREOF the parties have signed this instrument.
Encumbrance and original title deposit recorded. This is not a services contract.

endstream
endobj
%%EOF
",633,00756f621a85dfd624c45980f082c3d03978de71da4f1897670098c9661c3dd5,GRP-07-07,hard,train,clean,True,False,False
DOC-0473,property_and_collateral_documents_DOC-0473.png,png,Property & Collateral Documents,"SYNTHETIC-PNG-IMAGE
# raster stand-in; OCR text follows
TITLE: Property & Collateral Documents
PROPERTY & COLLATERAL DOCUMENT — MEMORANDUM OF DEPOSIT / MORTGAGE (SYNTHETIC)
Dated: 17-07-2023
Mortga9or: Ananya Reddy

[rescanned copy; low-resolution archive]

",260,87d380f594b772f031c9f103e27c5dc850f3ab4d6e06f039dfde94f0aa6ea2d2,GRP-07-08,medium,train,ocr,False,True,False
DOC-0474,property_and_collateral_documents_DOC-0474.pdf,pdf,Property & Collateral Documents,"%PDF-1.4
% synthetic text-bearing stand-in
1 0 obj
<< /Title (Property & Collateral Documents) >>
stream
PROPERTY & COLL ATERAL DOCUMENT — MEMORAN DUM OF DEPOSIT / MORTGAGE (SYNTHETIC)
Dated: 08-10-2023
Mortgagor: Me3ra Reddy
Mortgagee: State Bank of India
Proper7y sch3dule: 221 R3s idency, Mumbai 432265
Surv3y no: 38/6
Market valu e: INR 14,272,136. 53
Charge created to secure loan LN444723.
Encumbrance and original tit1e d3posit recorded. This is not a services contract.

[rescanned copy; low-resolution archive]

endstream
endobj
%%EOF
",546,1da4ce069c84c520df7e8fa5d47e3e6fc29a9a32e2f7568ef7b849ae4a194cb9,GRP-07-09,medium,train,ocr,False,True,False
DOC-0475,property_and_collateral_documents_DOC-0475.pdf,pdf,Property & Collateral Documents,"%PDF-1.4
% synthetic text-bearing stand-in
1 0 obj
<< /Title (Property & Collateral Documents) >>
stream
PROPERTY & COLLATERAL DOCUMENT — MEMORANDUM OF D EPOSIT / MORTGAGE (SYNTH ETIC)
Dated: 21-03-2023
Mortgagor: Sneha Khan
Mortgagee: Kotak Ma hindra B4nk
Property schedul3: 13 Industrial Area, Hyderabad 479691
Survey no: 61/2
Market val ue: INR 4,871,152 .96
Charge created to secure 1oan LN315577.

The Mortgagor cov3nants as under a deed of agreement between the parties.
IN WITNESS  WHEREOF the parties have signed this ins7rument.
Encumbrance and original  title deposit recorded. T his is not a services contract.

[rescanned copy; low-resolution archive]

endstream
endobj
%%EOF
",690,d5c1cb85ec496932e1fd7f0e9765e1ea361b68b8426ea4ae386d651bad776ed0,GRP-07-10,hard,train,ocr,False,True,False
DOC-0476,property_and_collateral_documents_DOC-0476.pdf,pdf,Property & Collateral Documents,"%PDF-1.4
% synthetic text-bearing stand-in
1 0 obj
<< /Title (Property & Collateral Documents) >>
stream
PROPERTY & COLLATERAL DO CUMENT — MEMORANDUM OF DEPOSIT / MORTGAGE (SYNTHETIC)
Dated: 01-02-2023
Mortgagor: Ananya Gupta
M0rtgagee: Kotak Mahindra Bank
Property schedule: 29 MG Road, Hyderabad 430155
Survey no: 53/8
Market va1ue: INR 5,812,800.80
Charge created to secure loan LN693550.
Encumbrance and original ti7le deposi7 recorded. This is not a services  contract.

[rescanned copy; low-resolution archive]

endstream
endobj
%%EOF
",543,8f9bfb93a9c477b81b93f3c688a282a454b79e1b2e19ad88488879b1956a7e4e,GRP-07-11,medium,validation,ocr,False,True,False
DOC-0477,property_and_collateral_documents_DOC-0477.pdf,pdf,Property & Collateral Documents,"%PDF-1.4
% synthetic text-bearing stand-in
1 0 obj
<< /Title (Property & Collateral Documents) >>
stream
PROPERTY & COLLATERAL DOCUMENT — MEMORANDUM OF DEPOSIT / MORTGAGE (SYNTHETIC)
Dated: 02-01-2023
Mortgagor: Isha Joshi
Mortga9ee: Kotak Mahindra Bank
Property schedule: 57 Lake View, Pune 42 3085
Survey no: 75/12
Market value: INR 8,522,894.46
Charge crea7ed to secure loan LN952260.
Encumbrance and original title   deposit recorded. This is not a services contr4ct.

[rescanned copy; low-resolution archive]

endstream
endobj
%%EOF
",540,fcc23c2df93cf8a761466f30c866e0a9229fe48aa23f9d74b0468500dd8d724b,GRP-07-12,medium,train,ocr,False,True,False
DOC-0478,property_and_collateral_documents_DOC-0478.eml,eml,Property & Collateral Documents,"From: records-noreply@synthetic.example
To: intake@lender.example
Subject: Property & Collateral Documents
MIME-Version: 1.0
Content-Type: text/plain; charset=UTF-8

PROPERTY & COLLATERAL DOCUMENT — MEMORANDUM OF DEPOSIT / MORTGAGE (SYNTHETIC)
Dated: 23-06-2023
Mortgagor: Fatima Iyer
Mortgagee: Axis Bank
Property schedule: 51 MG Road, Ahmedabad 411318
Survey no: 79/3
Market value: INR 7,128, 3 31.13
Charge created to secure  loan LN722402.
Encumbrance and original title deposit recorded. This is not a services contract.

[rescanned copy; low-resolution archive]

",571,410321724c6b45ade619b0c31ea463d5b9869872aae26ce048e5ab27b881dbab,GRP-07-13,medium,train,ocr,False,True,False
DOC-0479,property_and_collateral_documents_DOC-0479.tiff,tiff,Property & Collateral Documents,"SYNTHETIC-TIFF-IMAGE
# raster stand-in; OCR text follows
TITLE: Property & Collateral Documents
PROPERTY & COLLATERAL  DOCUMENT — MEMORANDUM OF DE POSIT / MORTGAGE (SYNTHETIC)
Dat3d: 08-03-2023
Mortgagor: A rjun Gupt4
Mortgagee: Axis B4nk
Property  schedule: 16 5 Industrial Area, Ahmedabad 467784
Survey no: 22/7
Marke7 value: INR 17,635,273.95
Charge created to secure loan LN816107.
Encumbrance and origin al title deposi7 recorded. This is not a services contract.

[rescanned copy; low-resolution archive]

",514,3a818bf4730bcbbbb8c925efcf2c3b38b8bbd763e23fd078655af785cca3a2ec,GRP-07-14,medium,train,ocr,False,True,False
DOC-0480,property_and_collateral_documents_DOC-0480.pdf,pdf,Property & Collateral Documents,"%PDF-1.4
% synthetic text-bearing stand-in
1 0 obj
<< /Title (Property & Collateral Documents) >>
stream
PROPERTY & COLLA TERAL DOCUMENT  — MEMORANDUM OF DEPOSIT / MORTGAGE (SYNTH ETIC)
Date d: 26-11-2023
Mortgagor: Arjun Sharma
Mortgagee: State Bank of India
Property schedule: 59 Residency, Chennai 453936
Survey no: 45/8
Market value: INR 11, 590,501.34
Charge created to secure loan LN489170.
Encumbrance and original title deposit recorded. This is not a services contract.

[rescanned copy; low-resolution archive]

endstream
endobj
%%EOF
",547,bf197fe725cb63d0a471d4cc15f9fa04985ca154a6d5655657a9d0c2ddac0845,GRP-07-15,medium,validation,ocr,False,True,False
DOC-0481,credit_card_application_DOC-0481.pdf,pdf,Credit Card Application,"%PDF-1.4
% synthetic text-bearing stand-in
1 0 obj
<< /Title (Credit Card Application) >>
stream
HDFC Bank — CREDIT CARD APPLICATION
Applic4nt: Rahul Menon
PAN: MKWTQ1936S
DOB: 02-09-19 95
Resid3nce: 163 Indus7rial Area, Hyder4bad 547102
Employer :  Nimbus Payments Pvt Ltd
Requested product: Millennia
Declared in come: INR  399,102.74 per annum
Cons3n7 f0r bureau check and marketin9 communication.

endstream
endobj
%%EOF
",427,b5cc4be6ab745c66a28b06aff78b6526b6e5b59e43a15f8acd1bae34a66a9ff1,GRP-08-00,medium,train,noisy,False,False,False
DOC-0482,credit_card_application_DOC-0482.pdf,pdf,Credit Card Application,"%PDF-1.4
% synthetic text-bearing stand-in
1 0 obj
<< /Title (Credit Card Application) >>
stream
ICICI Bank — CREDIT CARD APPLICATION
Applicant: Ananya Khan
PAN: FIOMF9913J
DOB: 03-05-1991
Residence: 122 MG Road, Mumbai 488548
Employer: Meridian Textiles Pvt Ltd
Requested product: Millennia
Declared income: INR 485,479.25 per annum
Consent for bureau check and marketing communication.
Existing savings a/c for relationship pricing listed.

endstream
endobj
%%EOF
",468,aaa84dccd96f637fc825f6fecaff676c60e003e69eede1bac1e73e50874dbc23,GRP-08-01,hard,test,clean,False,False,False
DOC-0483,audited_financial_statements_0483.pdf,pdf,Credit Card Application,"%PDF-1.4
% synthetic text-bearing stand-in
1 0 obj
<< /Title (Credit Card Application) >>
stream
ICICI Bank — CREDIT CARD APPLICATION
Applicant: Sneha Patel
PAN: NFRGM5850W
DOB: 08-05-1988
Residence: 223 Residency, De1hi 422668
Employ3r: Cedar Grove Properties Ltd
Request 3d product: SimplySAVE
Declared income: INR 1,162,110.94 per annum
Con5ent for bureau check and marketing communication.

endstream
endobj
%%EOF
",420,bea2515c7b70db17911e1e27a5b54630bac3811155f860aadc49a45e452a41ad,GRP-08-02,medium,train,ocr,False,False,True
DOC-0484,credit_card_application_DOC-0484.pdf,pdf,Credit Card Application,"%PDF-1.4
% synthetic text-bearing stand-in
1 0 obj
<< /Title (Credit Card Application) >>
stream
State Bank of India — CREDIT CARD APPLICATION
Applicant: Dev Das
PAN: BTTSI4311K
DOB: 13-11-1980
Residence: 79 Lake View, Pune 471864
Employer: Helios Manufacturing Pvt Ltd
Requested product: Amazon Pay
Declared income: INR 1,014,684.19 per annum
Consent for bureau check and marketing communication.

endstream
endobj
%%EOF
",424,1133ae7bd0e5f970ccab1c5d8a5d61cfbd5a1d01e307c4752a10e2a8af432417,GRP-08-03,easy,train,clean,False,False,False
DOC-0485,proof_of_address_0485.jpg,jpg,Credit Card Application,"SYNTHETIC-JPG-IMAGE
# raster stand-in; OCR text follows
TITLE: Credit Card Application
Kotak Mahindra Bank — CREDIT CARD APPLICATION
A pplicant: Isha Iyer
PAN: AZKAJ6666O
DOB: 22-01-1996
Residence: 154 Industrial Area, Ahmedabad 5036 57
Employer: Harborlight Logi5tics Ltd
Requested product:  Regalia
Dec1ared in come: INR 368,105.00 p3r annum
Consent for bureau check and marketing communication.
Existing savings a/c for relationship pricing listed.

",455,35a553077e802379c723f07a7a76dda6aca82d7f51fa86e99ca0899d0d259805,GRP-08-04,hard,train,ocr,False,False,True
DOC-0486,credit_card_application_DOC-0486.pdf,pdf,Credit Card Application,"%PDF-1.4
% synthetic text-bearing stand-in
1 0 obj
<< /Title (Credit Card Application) >>
stream
State Bank of India — CREDIT CARD APPLICATION
Applicant: Ananya Gupta
PAN: YURJZ0466A

endstream
endobj
%%EOF
",209,3e588d8430e94f180242e843816103f608aa086b669a0d4324adaa67a3e310c0,GRP-08-05,medium,validation,sparse,False,False,False
DOC-0487,credit_card_application_DOC-0487.tiff,tiff,Credit Card Application,"SYNTHETIC-TIFF-IMAGE
# raster stand-in; OCR text follows
TITLE: Credit Card Application
State Bank of India — CREDIT CARD APPLICATION
Applicant: Fatima Menon
PAN: HGUSJ1936Z
DOB: 07-02-1986
Residence: 15 Lake View, Hyderabad 434299
Employer: Helios Manufacturing Pvt Ltd
Requested product: Amazon Pay
Declared income: INR 536,657.60 per annum
Consent for bureau check and marketing communication.

",400,943c929da13e3674d4fceae533278148af23dd92df6436e5537676c408e50e63,GRP-08-06,easy,train,clean,False,False,False
DOC-0488,credit_card_application_DOC-0488.pdf,pdf,Credit Card Application,"%PDF-1.4
% synthetic text-bearing stand-in
1 0 obj
<< /Title (Credit Card Application) >>
stream
Kotak Mahindra Bank — CREDIT CARD APPLICATION
Applicant: Meera Menon
PAN: VTJYO4734D
DOB: 23-12-1980
Residence: 206 Lake View, Ahmedabad 478502
Employer: Helios Manufacturing Pvt Ltd
Requested product: Millennia
Declared income: INR 893,660.72 per annum
Consent for bureau check and marketing communication.

endstream
endobj
%%EOF
",431,4b2c5da75788edf566cbc5d364dec362c79c2bd6913d7f34d46e121a0445c6e4,GRP-08-07,easy,train,clean,False,False,False
DOC-0489,credit_card_application_DOC-0489.tiff,tiff,Credit Card Application,"SYNTHETIC-TIFF-IMAGE
# raster stand-in; OCR text follows
TITLE: Credit Card Application
Kotak Mahindra Bank — CREDIT CARD APPLICATION
Applicant: Kabir Khan
PAN: ECOUC7880Y
DOB: 24-06-2000
Residence: 233 Industrial Area, Delhi 537466
Employer: Meridian Textiles Pvt Ltd
Requested product: Amazon Pay
Declared income: INR 1,535,756.93 per annum
Consent for bureau check and marketing communication.

",400,c81506756b2865497b9ff2a7a9e4a9a41286b26526ea4671903de7d3b017836f,GRP-08-08,easy,train,clean,False,False,False
DOC-0490,credit_card_application_DOC-0490.jpg,jpg,Credit Card Application,"SYNTHETIC-JPG-IMAGE
# raster stand-in; OCR text follows
TITLE: Credit Card Application
Axis Bank — CREDIT CARD APPLICATION
Applicant: Meera Khan
PAN: QMAHN4190X
DOB: 02-03-1981
Residence: 33 Industrial Area, Pune 452523
Employer: Cedar Grove Properties Ltd
Requested product: Regalia
Declared income: INR 1,146,350.66 per annum
Consent for bureau check and marketing communication.
Existing savings a/c for relationship pricing listed.

",439,e7da564e57f56fd3a115d7a664f92a2f9c2b78591e182f067ea4a99eda46e5ae,GRP-08-09,hard,test,clean,False,False,False
DOC-0491,credit_card_application_DOC-0491.txt,txt,Credit Card Application,"Credit Card Application

ICICI Bank — CREDIT CARD APPLICATION
Applicant: Rahul Sharma
PAN: GCXLW7207M
DOB: 25-10-1978
Residence: 207 MG Road, Delhi 500223
Employer: Harborlig ht Logistics  Ltd
Requested product: Regali4
Declared income: INR 1,603,850.14 per annum
C on5ent for bureau check and marketing communication.

",322,84ea9c7ec1a2f9f4c6ce28b5b028c7733d421a028b0263d529ea094c6bf1ec21,GRP-08-10,medium,train,ocr,False,False,False
DOC-0492,credit_card_application_DOC-0492.xlsx,xlsx,Credit Card Application,"title,Credit Card Application
r0,S tate Bank of Indi4 — CREDIT CARD APPLICATION
r1,Applican t: Meera Iyer
r2,PAN: AMWOM1661U
r3,D OB: 27-05-1980
r4,Residence: 93 Indus7rial Area; Ah medabad 411945
r5,Employer: Cedar Grove Properties Ltd
r6,Re q uested product: SimplySAVE
r7,Declared incom3: INR  1;762;511.80 per annum
r8,Consent for bureau check and m4rke ting communicati0n.
",380,1cc2578300d18abfbed38e5bd8465109a3a4f9550b34d6d4ec016d27dec4befd,GRP-08-11,medium,validation,noisy,False,False,False
DOC-0493,credit_card_application_DOC-0493.jpg,jpg,Credit Card Application,"SYNTHETIC-JPG-IMAGE
# raster stand-in; OCR text follows
TITLE: Credit Card Application
HDFC Bank — CREDIT CARD APPLICATION
Applicant: Meera Reddy
PAN: HOEUT3754A
DOB: 06-08-1999
Residence: 52 MG Road, Chennai 557796
Employer: Helios Manufacturing Pvt Ltd
Requested product: Regalia
Declared income: INR 1,588,219.81 per annum
Consent for bureau check and marketing communication.

",383,f6bc2ce68ba1fe8315ad491399883733289d2bcc3a5f39040eafa3c2be20f79d,GRP-08-12,easy,train,clean,False,False,False
DOC-0494,credit_card_application_DOC-0494.pdf,pdf,Credit Card Application,"%PDF-1.4
% synthetic text-bearing stand-in
1 0 obj
<< /Title (Credit Card Application) >>
stream
State Bank of India — CREDIT CARD APPLICATION
Applicant: Kabir Nair
PAN: ODEXY9337W
DOB: 05-10-1992
Residence: 231 MG Road, Ahmedabad 489579
Employer: Harborlight Logistics Ltd
Requested product: SimplySAVE
Declared income: INR 986,479.74 per annum
Consent for bureau check and marketing communication.

endstream
endobj
%%EOF
",426,5ddb3680e5d7fcb44e01df47b9e8b68d9923989dd2401dc4b4d0e2e0fcedafd7,GRP-08-13,easy,train,clean,False,False,False
DOC-0495,credit_card_application_DOC-0495.msg,msg,Credit Card Application,"From: records-noreply@synthetic.example
To: intake@lender.example
Subject: Credit Card Application
MIME-Version: 1.0
Content-Type: text/plain; charset=UTF-8

Axis Bank — CREDIT CARD APPLICATION
Applicant: Sneha Reddy
PAN: XZDUO0568W
DOB: 23-08-1989
Residence: 226 Industrial Area, Pune 453216
Employer: Helios Manufacturing Pvt Ltd
Requested product: Millennia
Declared income: INR 1,137,314.91 per annum
Consent for bureau check and marketing communication.

",462,d997d485e5d1e75a51be0bfc86f9ee26480b524344b7142b3c6c7d7c77040431,GRP-08-14,easy,train,clean,False,False,False
DOC-0496,credit_card_application_DOC-0496.pdf,pdf,Credit Card Application,"%PDF-1.4
% synthetic text-bearing stand-in
1 0 obj
<< /Title (Credit Card Application) >>
stream
Kotak Mahindra Bank — CREDIT CARD APPLICATION
Applicant: Meera Sharma
PAN: FUAEV8762B
DOB: 25-07-1979
Residence: 28 Residency, Bengaluru 434503
Employer: Helios Manufacturing Pvt Ltd
Requested product: Amazon Pay
Declared income: INR 696,135.99 per annum
Consent for bureau check and marketing communication.

endstream
endobj
%%EOF
",432,da0d23554d9fde1d4b4be58cd17c3c73b454a281cb0491590e10e6786bbff347,GRP-08-15,easy,validation,clean,False,False,False
DOC-0497,credit_card_application_DOC-0497.msg,msg,Credit Card Application,"From: records-noreply@synthetic.example
To: intake@lender.example
Subject: Credit Card Application
MIME-Version: 1.0
Content-Type: text/plain; charset=UTF-8

HDFC Bank — CREDIT CARD APPLICATION
Applicant: Rahul Joshi
PAN: DRPNC9109A
DOB: 05-04-1989
Residence: 83 Lake View, Hyderabad 538383
Employer: Nimbus Payments Pvt Ltd
Requested product: Millennia
Declared income: INR 958,667.52 per annum
Consent for bureau check and marketing communication.

",453,23575cc1dba0ff1cc106a466441b37f186d3ad8ba0a6139f5e1eb6e0839f41cc,GRP-08-16,easy,validation,clean,False,False,False
DOC-0498,credit_card_application_DOC-0498.tiff,tiff,Credit Card Application,"SYNTHETIC-TIFF-IMAGE
# raster stand-in; OCR text follows
TITLE: Credit Card Application
State Bank of India — CREDIT CARD APPLICATION
Applicant: Isha Nair
PAN: ANMMS3402X
DOB: 14-11-1988
Residence: 15 Lake View, Delhi 506302
Employer: Cedar Grove Properties Ltd
Requested product: Millennia
Declared income: INR 1,704,382.09 per annum
Consent for bureau check and marketing communication.

",392,d1e56d6e8e7613c71dd868cb83acb21853cbd84fc91517767819126299f301e7,GRP-08-17,easy,train,clean,False,False,False
DOC-0499,credit_card_application_DOC-0499.pdf,pdf,Credit Card Application,"%PDF-1.4
% synthetic text-bearing stand-in
1 0 obj
<< /Title (Credit Card Application) >>
stream
HDFC Bank — CREDIT CARD APPLICATION
Applicant: Fatima Nair
PAN: KHFDC1779G
DOB: 17-11-1993
Residence: 73 Industrial Area, Delhi 477915
Employer: Helios Manufacturing Pvt Ltd
Requested product: Millennia
Declared income: INR 342,753.03 per annum
Consent for bureau check and marketing communication.

endstream
endobj
%%EOF
",422,caffa0669736cdb9d7c8aae21573cf5de89f79c24db0dbc3158a691ea1588944,GRP-08-18,easy,test,clean,False,False,False
DOC-0500,credit_card_application_DOC-0500.pdf,pdf,Credit Card Application,"%PDF-1.4
% synthetic text-bearing stand-in
1 0 obj
<< /Title (Credit Card Application) >>
stream
ICICI Bank — CREDIT CARD APPLICATION
Applicant: Meera Khan
PAN: RUUJY2755H

endstream
endobj
%%EOF
",198,11c826d725a3ac54005f8ae585c02ade96e3147bc1e0043a51a152bb543cae9d,GRP-08-19,medium,test,sparse,False,False,False
DOC-0501,credit_card_application_DOC-0501.docx,docx,Credit Card Application,"<?xml version='1.0' encoding='UTF-8'?>
<w:document>
<w:title>Credit Card Application</w:title>
<w:body>State Bank of India — CREDIT CARD APPLICATION
Applicant: Ananya Patel
PAN: IEGJR6291O
DOB: 24-03-1986
Residence: 25 Lake View, Mumbai 459991
Employer: Nimbus Payments Pvt Ltd
Requested product: Amazon Pay
Declared income: INR 607,005.92 per annum
Consent for bureau check and marketing communication.
</w:body>
</w:document>
",430,c670697b299ea5f406d7384daea1bc656e9d0d77d5fd52e27337fd2526657afb,GRP-08-20,easy,test,clean,False,False,False
DOC-0502,credit_card_application_DOC-0502.pdf,pdf,Credit Card Application,"%PDF-1.4
% synthetic text-bearing stand-in
1 0 obj
<< /Title (Credit Card Application) >>
stream
Axis Bank — CREDIT CARD APPLICATION
Applicant: K4bir Khan
PAN: BKDRB6501U
DOB: 01-04- 1998
Re5idence: 152 Industrial Area, Hyderabad 432301
Employer: Harb0rlight Logistics Lt d
Re quested product: Millennia
Declared income: INR 671,265.30 per  annum
Co n5ent for bureau check and marketing communication.
Existing savings a/c for relationship pricing listed.

endstream
endobj
%%EOF
",482,071b70a7e27d5a60bf485e71c5c06d7c44178139aff151f0a0f00f5715ff960c,GRP-08-21,hard,train,ocr,False,False,False
DOC-0503,credit_card_application_DOC-0503.xlsx,xlsx,Credit Card Application,"title,Credit Card Application
r0,HDFC Bank — CREDIT CARD APPLICATION
r1,Applicant: Kabir Sharma
r2,PAN: YGUXW6991Q
r3,DOB: 28-04-1999
r4,Residence: 44 Industrial Area; Chennai 437353
r5,Employer: Helios Manufacturing Pvt Ltd
r6,Requested product: Regalia
r7,Declared income: INR 855;092.93 per annum
r8,Consent for bureau check and marketing communication.
r9,Existing savings a/c for relationship pricing listed.
",416,9ae17e48db4b435f18bc714d3d589bda93872898182931235b2b9662dd16abac,GRP-08-22,hard,test,clean,False,False,False
DOC-0504,credit_card_application_DOC-0504.jpg,jpg,Credit Card Application,"SYNTHETIC-JPG-IMAGE
# raster stand-in; OCR text follows
TITLE: Credit Card Application
Axis Bank — CREDIT CARD APPLICATION
Applicant: Rahul Patel
PAN: VMHAH4515W
DOB: 02-11-1996
Residence: 83 Lake View, Delhi 440397
Employer: Cedar Grove Properties Ltd
Requested product: Regalia
Declared income: INR 772,809.25 per annum
Consent for bureau check and marketing communication.

",379,d1cb614775c9219f4aae06f58a3fc6d7a51bfcf4dac3fc5f03a27004629d861b,GRP-08-23,easy,train,clean,False,False,False
DOC-0505,proof_of_identity_0505.pdf,pdf,Credit Card Application,"%PDF-1.4
% synthetic text-bearing stand-in
1 0 obj
<< /Title (Credit Card Application) >>
stream
Kotak Mahindra B4nk — CREDIT CARD APPLICATION
Applicant: Sneha Iyer
PAN: SBPNM4981R
DOB: 09- 03-1997
Residence: 51 Industrial Are a, Chennai 456472
Empl 0yer: Nimbus Payments Pv7 L7d
Requested product: Amazon Pay
Declared incom3: INR 1,686,076.06 p3r annum
Consent for bureau check and marketing communication.

endstream
endobj
%%EOF
",434,021727c7e0cc57b357a88f7e59c1d03591957a1b96857201ec30b574a99a18bd,GRP-08-24,medium,train,ocr,False,False,True
DOC-0506,itr_0506.jpg,jpg,Credit Card Application,"SYNTHETIC-JPG-IMAGE
# raster stand-in; OCR text follows
TITLE: Credit Card Application
Axis Bank — CREDIT CARD APPLICATION
Applicant: Fatima Gupta
PAN: ZBQSJ6204V
DOB: 24-06-1980
Residence: 69 Lake View, Kolkata 524193
Employer: Harborlight Logistics Ltd
Requested product: SimplySAVE
Declared income: INR 1,024,907.14 per annum
Consent for bureau check and marketing communication.
Existing savings a/c for relationship pricing listed.

",440,c08846f37bdfb3445fd6aa0d2485b4fe7a3e5287e4951663340fc47e99cb1a51,GRP-08-25,hard,train,clean,False,False,True
DOC-0507,credit_card_application_DOC-0507.jpg,jpg,Credit Card Application,"SYNTHETIC-JPG-IMAGE
# raster stand-in; OCR text follows
TITLE: Credit Card Application
Axis Bank — CREDIT CARD APPLICATION
Applicant: Arjun Menon
PAN: QYRJY7189C 
DOB: 04-07-1995
Residence: 115 MG Road, Hyderabad 422294
Employer: Cedar Gr ove Prop3rties Ltd
Reques73d product: Millennia
De c1ared income: INR 889,977.47 per annum
Consent for bureau check and m4r k eting communication.
Exi57ing savings a/c for relationship pricing listed.

",443,d65205368679780dd16791b9988c1a79bede7211b04858016b9c8c76234b5007,GRP-08-26,hard,train,noisy,False,False,False
DOC-0508,credit_card_application_DOC-0508.pdf,pdf,Credit Card Application,"%PDF-1.4
% synthetic text-bearing stand-in
1 0 obj
<< /Title (Credit Card Application) >>
stream
Kotak Mahindra Bank — CREDIT  CARD APPLICATION
Applica nt: Dev Reddy
PAN: UBUKF7890H
DOB: 05-02-1999
Residence: 230 Resid ency, Pun3 498317
Employer: Helios Manuf acturing Pvt Ltd
R3quested product: Millennia
Decl4red income: INR 1,558,079.22 per annum
Consent for bureau check and marketing communication.

endstream
endobj
%%EOF
",430,e431b333a49709ddefd9705d600175884f51d66cdb57a14ebdea11df2b2f42dc,GRP-08-27,medium,train,ocr,False,False,False
DOC-0509,credit_card_application_DOC-0509.pdf,pdf,Credit Card Application,"%PDF-1.4
% synthetic text-bearing stand-in
1 0 obj
<< /Title (Credit Card Application) >>
stream
State B4nk of India —  CREDIT CARD APPLICATION
Applicant: Vikram Khan
PAN: ILCKF9429F
DOB: 01-02-1980
Residence: 94 Industrial Area, Hyde r4bad 518190
Employer: Nimbus Payments Pvt Ltd
Requested product: SimplySAVE
Declared inco me: INR 1,097,575.13 per annum
Consent for bure4u check and marketing communication.

endstream
endobj
%%EOF
",437,aef4210ab1f5df80cdfcc6fa2321eef73e6c8caa1bef4690bbe873845ac5da61,GRP-08-28,medium,validation,ocr,False,False,False
DOC-0510,credit_card_application_DOC-0510.jpg,jpg,Credit Card Application,"SYNTHETIC-JPG-IMAGE
# raster stand-in; OCR text follows
TITLE: Credit Card Application
Kotak Mahindra Bank — CREDIT CARD APPLICATION
Applicant: Vikram Das
PAN: NXAFF0956R
DOB: 21-04-1998
Residence: 106 MG Road, Chennai 527745
Employer: Nimbus Payments Pvt Ltd
Requested product: Amazon Pay
Declared income: INR 1,036,949.29 per annum
Consent for bureau check and marketing communication.

",391,f613ee9a4f77b9ab21737c0ae7f77ee953444f1663dad6ffff53ebf4c3308233,GRP-08-29,easy,train,clean,False,False,False
DOC-0511,class_12_marksheet_0511.tiff,tiff,Credit Card Application,"SYNTHETIC-TIFF-IMAGE
# raster stand-in; OCR text follows
TITLE: Credit Card Application
HDFC Bank — CREDIT CARD APPLICATION
Applicant: Rahul Sharma
PAN: ZSHSS3835Z

",167,646f771e0767e07432575e7ec4913eb0a3f546e250efd4ad326c2129dbc3ea2d,GRP-08-30,hard,train,sparse,False,False,True
DOC-0512,credit_card_application_DOC-0512.docx,docx,Credit Card Application,"<?xml version='1.0' encoding='UTF-8'?>
<w:document>
<w:title>Credit Card Application</w:title>
<w:body>HDFC Bank — CREDIT CARD APPLICATI ON
Applicant: Vikram Gupta
PAN: WOOGZ3114I
DOB : 04-11-1999
Residence: 221 Lake Vi3w, Hyderabad 448365
Employer: Cedar Gr ove Properties Ltd
Requested product: Regalia
Declared incom e: INR 644,356.66 per annum
Consen7 for bureau check and marketing communication.
</w:body>
</w:document>
",428,70a50eeb78614145099d85d1b3df2af23002ea2edcdf901bb8a909f991e8e938,GRP-08-31,medium,test,ocr,False,False,False
DOC-0513,company_constitution_and_board_resolution_0513.xlsx,xlsx,Credit Card Application,"title,Credit Card Application
r0,Kotak Mahindra Bank — CREDIT CARD APPLICATION
r1,Applicant: Sneha Gupta
r2,PAN: KCHHN1582S
r3,DOB: 06-11-1984
r4,Residence: 102 Industrial Area; Kolkata 410982
r5,Employer: Nimbus Payments Pvt Ltd
r6,Requested product: SimplySAVE
r7,Declared income: INR 885;889.67 per annum
r8,Consent for bureau check and marketing communication.
",367,67c9a283d7cfdd5074a1ae72d8e8ea85f862f5ab59cdb0433a5176028ded4dda,GRP-08-32,easy,train,clean,False,False,True
DOC-0514,credit_card_application_DOC-0514.jpg,jpg,Credit Card Application,"SYNTHETIC-JPG-IMAGE
# raster stand-in; OCR text follows
TITLE: Credit Card Application
HDFC Bank — CREDIT CARD APPLICATION
Applicant: Kabir Khan
PAN: BGARJ0229R
DOB: 05-11-1983
Residence: 81 Industrial Area, Bengaluru 426921
Employer: Helios Manufacturing Pvt Ltd
Requested product: Millennia
Declared income: INR 1,263,612.49 per annum
Consent for bureau check and marketing communication.
Existing savings a/c for relationship pricing listed.

",448,7e58fdc8928dfc915172e5ef6a92132653e712fd445a3c9fa154c829a1aac26d,GRP-08-33,hard,train,clean,False,False,False
DOC-0515,credit_card_application_DOC-0515.pdf,pdf,Credit Card Application,"%PDF-1.4
% synthetic text-bearing stand-in
1 0 obj
<< /Title (Credit Card Application) >>
stream
State Bank of India — CREDIT CARD APPLICATION
Applicant: Meera Nair
PAN: KKPAA2568Q

endstream
endobj
%%EOF
",207,659bccb28d460adf7e09c382d39d89793d353bd0564cd0c5f7f2ac9cf1e39fb4,GRP-08-34,medium,train,sparse,False,False,False
DOC-0516,credit_card_application_DOC-0516.jpg,jpg,Credit Card Application,"SYNTHETIC-JPG-IMAGE
# raster stand-in; OCR text follows
TITLE: Credit Card Application
ICICI Bank — C REDIT CARD APPLICATION
Applicant: Vikram Iyer
PAN: CIUKL8138Z
DOB: 21-07-1 98 3
Residence: 189 R3sidency, Pune 535753
Employer: H arborlight Logist ics Ltd
Requested product: SimplySAVE
Declared income: INR 1,206,113.93 per annum
Cons3nt for bureau check and marketing commu nication.
Exis7ing s a vings a/c  for relationship pricin g lis7ed.

",448,52a40956512389f6ae1a1050666e78531e3227b355e4ef6e69d6e1ba584768a8,GRP-08-35,hard,train,noisy,False,False,False
DOC-0517,credit_card_application_DOC-0517.jpg,jpg,Credit Card Application,"SYNTHETIC-JPG-IMAGE
# raster stand-in; OCR text follows
TITLE: Credit Card Application
ICI CI Bank — CREDIT CARD APPLICATION
Appl ica nt: Rahul Menon
PAN: PWQEV1034L
DOB: 11-07-1982
Residence: 149 Residency, Bengalu ru 470520 
 Emp1oyer: Harborli ght Log istics Ltd
R3ques7ed pr0duct: Amazon Pay
Declared income: INR 866,46 3.26 per 4nnum
C0nsen7 for bureau check and marketing communica tion.

",397,d0c83c03c996b6cb68b467c5a9ad97b8d9306e64cefbdc4097c625e6329fcae3,GRP-08-36,medium,train,noisy,False,False,False
DOC-0518,credit_card_application_DOC-0518.pdf,pdf,Credit Card Application,"%PDF-1.4
% synthetic text-bearing stand-in
1 0 obj
<< /Title (Credit Card Application) >>
stream
ICICI 8ank — CREDIT  CARD APPLICATION
Applicant: Fatima M3non
PAN: HMLVL2171H
DOB: 15-08-1984
 Residence: 34 Lak3 View, Kolkat4 428449
Employer: Harborli ght Logistics Ltd
Requ3sted product: SimplySAVE
Declared income: INR 618,835.73 per annum
C0nsent for burea u check and marketi ng commun ication.
Exis7in9 savings a/c for  rela7ionship pricing listed.

endstream
endobj
%%EOF
",479,975ec343dc3de18f444479de37b8c62a464ebde486743d137f7da2d297cc55bd,GRP-08-37,hard,train,noisy,False,False,False
DOC-0519,credit_card_application_DOC-0519.pdf,pdf,Credit Card Application,"%PDF-1.4
% synthetic text-bearing stand-in
1 0 obj
<< /Title (Credit Card Application) >>
stream
State Bank of India — CREDIT CARD APPLICATION
Applicant: Arjun Joshi
PAN: VHFZY6071U
DOB: 06-07-1985
Residence: 163 MG Road, Bengaluru 455307
Employer: Harborlight Logistics Ltd
Requested product: Amazon Pay
Declared income: INR 343,625.38 per annum
Consent for bureau check and marketing communication.

endstream
endobj
%%EOF
",427,2bbe42a800079ad7cecfea05b939be06cfb2f64e6167523a7359e7d63cb5829f,GRP-08-38,easy,train,clean,False,False,False
DOC-0520,credit_card_application_DOC-0520.msg,msg,Credit Card Application,"From: records-noreply@synthetic.example
To: intake@lender.example
Subject: Credit Card Application
MIME-Version: 1.0
Content-Type: text/plain; charset=UTF-8

Axis Bank — CREDIT CARD APPLICATION
Applicant: Vikram Reddy
PAN: LRWVG6283M

",237,62d43e0722f562fe53202febd58c0851c87abc7a2c3ef9fca31d8c03b4f9af03,GRP-08-39,medium,train,sparse,False,False,False
DOC-0521,credit_card_application_DOC-0521.pdf,pdf,Credit Card Application,"%PDF-1.4
% synthetic text-bearing stand-in
1 0 obj
<< /Title (Credit Card Application) >>
stream
ICICI Bank — CREDIT CARD APPLICATION
Applicant: Kabir Joshi
PAN: RGTHV8113K
DOB: 24-06-1985
Residence: 76 Lake View, Chennai 487558
Employer: Meridian Textiles Pvt Ltd
Requested product: Millennia
Declared income: INR 581,649.03 per annum
Consent for bureau check and marketing communication.

endstream
endobj
%%EOF
",416,6ab9f3760aa1cb151a84a5dfc98b844ecd86b622cea6514bd5b234b0cae37664,GRP-08-40,easy,train,clean,False,False,False
DOC-0522,itr_0522.pdf,pdf,Credit Card Application,"%PDF-1.4
% synthetic text-bearing stand-in
1 0 obj
<< /Title (Credit Card Application) >>
stream
ICICI Bank — CREDIT CARD APPLICATION
Applicant: Sneha Joshi
PAN: WOYVP1165I

endstream
endobj
%%EOF
",199,538faf93ca79ce552832562f956adaf4f50eddae36bdbc9200e1cf7cb2473c39,GRP-08-41,hard,train,sparse,False,False,True
DOC-0523,credit_card_application_DOC-0523.pdf,pdf,Credit Card Application,"%PDF-1.4
% synthetic text-bearing stand-in
1 0 obj
<< /Title (Credit Card Application) >>
stream
Axis Bank — CREDIT CARD APPLICATION
Applicant: Kabir Sharma
PAN: LFVPK4546A
DOB: 01-11-1981
Residence: 97 Lake View, Bengaluru 481718
Employer: Helios Manufacturing Pvt Ltd
Requested product: Millennia
Declared income: INR 1,727,864.77 per annum
Consent for bureau check and marketing communication.

endstream
endobj
%%EOF
",423,2949eda1331db7c163b7a84032b4c59fbd6ec9c9e9e74388dc23488f5ebb7ef0,GRP-08-42,easy,train,clean,False,False,False
DOC-0524,property_and_collateral_documents_0524.pdf,pdf,Credit Card Application,"%PDF-1.4
% synthetic text-bearing stand-in
1 0 obj
<< /Title (Credit Card Application) >>
stream
HDFC Bank — CREDIT CARD APPLICATION
Applicant: Fatima Khan
PAN: TMVZC4027D
DOB: 05-08-1982
Residence: 119 Industrial Area, Mumbai 556495
Employer: Cedar Grove Properties Ltd
Requested product: Millennia
Declared income: INR 1,651,804.42 per annum
Consent for bureau check and marketing communication.

endstream
endobj
%%EOF
",424,27f82bb05c213f35537620b0a18e87f77420f922c586d8a8916b66bfb789c01f,GRP-08-43,easy,validation,clean,False,False,True
DOC-0525,credit_card_application_DOC-0525.pdf,pdf,Credit Card Application,"%PDF-1.4
% synthetic text-bearing stand-in
1 0 obj
<< /Title (Credit Card Application) >>
stream
HDFC Bank — CREDIT CARD APPLICATION
Applic4nt: Rahul Menon
PAN: MKWTQ1936S
DOB: 02-09-19 95
Resid3nce: 163 Indus7rial Area, Hyder4bad 547102
Employer :  Nimbus Payments Pvt Ltd
Requested product: Millennia
Declared in come: INR  399,102.74 per annum
Cons3n7 f0r bureau check and marketin9 communication.

endstream
endobj
%%EOF
",427,b5cc4be6ab745c66a28b06aff78b6526b6e5b59e43a15f8acd1bae34a66a9ff1,GRP-08-00,medium,train,noisy,True,False,False
DOC-0526,credit_card_application_DOC-0526.pdf,pdf,Credit Card Application,"%PDF-1.4
% synthetic text-bearing stand-in
1 0 obj
<< /Title (Credit Card Application) >>
stream
ICICI Bank — CREDIT CARD APPLICATION
Applicant: Ananya Khan
PAN: FIOMF9913J
DOB: 03-05-1991
Residence: 122 MG Road, Mumbai 488548
Employer: Meridian Textiles Pvt Ltd
Requested product: Millennia
Declared income: INR 485,479.25 per annum
Consent for bureau check and marketing communication.
Existing savings a/c for relationship pricing listed.

endstream
endobj
%%EOF
",468,aaa84dccd96f637fc825f6fecaff676c60e003e69eede1bac1e73e50874dbc23,GRP-08-01,hard,test,clean,True,False,False
DOC-0527,credit_card_application_DOC-0527.pdf,pdf,Credit Card Application,"%PDF-1.4
% synthetic text-bearing stand-in
1 0 obj
<< /Title (Credit Card Application) >>
stream
ICICI Bank — CREDIT CARD APPLICATION
Applicant: Sneha Patel
PAN: NFRGM5850W
DOB: 08-05-1988
Residence: 223 Residency, De1hi 422668
Employ3r: Cedar Grove Properties Ltd
Request 3d product: SimplySAVE
Declared income: INR 1,162,110.94 per annum
Con5ent for bureau check and marketing communication.

endstream
endobj
%%EOF
",420,bea2515c7b70db17911e1e27a5b54630bac3811155f860aadc49a45e452a41ad,GRP-08-02,medium,train,ocr,True,False,False
DOC-0528,credit_card_application_DOC-0528.pdf,pdf,Credit Card Application,"%PDF-1.4
% synthetic text-bearing stand-in
1 0 obj
<< /Title (Credit Card Application) >>
stream
State Bank of India — CREDIT CARD APPLICATION
Applicant: Dev Das
PAN: BTTSI4311K
DOB: 13-11-1980
Residence: 79 Lake View, Pune 471864
Employer: Helios Manufacturing Pvt Ltd
Requested product: Amazon Pay
Declared income: INR 1,014,684.19 per annum
Consent for bureau check and marketing communication.

endstream
endobj
%%EOF
",424,1133ae7bd0e5f970ccab1c5d8a5d61cfbd5a1d01e307c4752a10e2a8af432417,GRP-08-03,easy,train,clean,True,False,False
DOC-0529,credit_card_application_DOC-0529.jpg,jpg,Credit Card Application,"SYNTHETIC-JPG-IMAGE
# raster stand-in; OCR text follows
TITLE: Credit Card Application
Kotak Mahindra Bank — CREDIT CARD APPLICATION
A pplicant: Isha Iyer
PAN: AZKAJ6666O
DOB: 22-01-1996
Residence: 154 Industrial Area, Ahmedabad 5036 57
Employer: Harborlight Logi5tics Ltd
Requested product:  Regalia
Dec1ared in come: INR 368,105.00 p3r annum
Consent for bureau check and marketing communication.
Existing savings a/c for relationship pricing listed.

",455,35a553077e802379c723f07a7a76dda6aca82d7f51fa86e99ca0899d0d259805,GRP-08-04,hard,train,ocr,True,False,False
DOC-0530,credit_card_application_DOC-0530.pdf,pdf,Credit Card Application,"%PDF-1.4
% synthetic text-bearing stand-in
1 0 obj
<< /Title (Credit Card Application) >>
stream
State Bank of India — CREDIT CARD APPLICATION
Applicant: Ananya Gupta
PAN: YURJZ0466A

endstream
endobj
%%EOF
",209,3e588d8430e94f180242e843816103f608aa086b669a0d4324adaa67a3e310c0,GRP-08-05,medium,validation,sparse,True,False,False
DOC-0531,credit_card_application_DOC-0531.tiff,tiff,Credit Card Application,"SYNTHETIC-TIFF-IMAGE
# raster stand-in; OCR text follows
TITLE: Credit Card Application
State Bank of India — CREDIT CARD APPLICATION
Applicant: Fatima Menon
PAN: HGUSJ1936Z
DOB: 07-02-1986
Residence: 15 Lake View, Hyderabad 434299
Employer: Helios Manufacturing Pvt Ltd
Requested product: Amazon Pay
Declared income: INR 536,657.60 per annum
Consent for bureau check and marketing communication.

",400,943c929da13e3674d4fceae533278148af23dd92df6436e5537676c408e50e63,GRP-08-06,easy,train,clean,True,False,False
DOC-0532,credit_card_application_DOC-0532.pdf,pdf,Credit Card Application,"%PDF-1.4
% synthetic text-bearing stand-in
1 0 obj
<< /Title (Credit Card Application) >>
stream
Kotak Mahindra Bank — CREDIT CARD APPLICATION
Applicant: Meera Menon
PAN: VTJYO4734D
DOB: 23-12-1980
Residence: 206 Lake View, Ahmedabad 478502
Employer: Helios Manufacturing Pvt Ltd
Requested product: Millennia
Declared income: INR 893,660.72 per annum
Consent for bureau check and marketing communication.

endstream
endobj
%%EOF
",431,4b2c5da75788edf566cbc5d364dec362c79c2bd6913d7f34d46e121a0445c6e4,GRP-08-07,easy,train,clean,True,False,False
DOC-0533,credit_card_application_DOC-0533.tiff,tiff,Credit Card Application,"SYNTHETIC-TIFF-IMAGE
# raster stand-in; OCR text follows
TITLE: Credit Card Application
Kotak Mahindra Bank — CREDIT CARD APPLICATION
Applican7: Kabir Khan
PAN: ECOUC7880Y
DOB: 24-06-2000
Residence: 233 Industrial Area, Delhi 537466
Employer: Meridian Textiles Pvt Ltd
Request3d product: Amazon Pay
Declared income: INR 1,535,756.93 p3r annum
C0nsen7 for bur3au ch eck and marketing communicati0n.

[rescanned copy; low-resolution archive]

",443,258e5658266e740c4e59d8a20106ea455ddc4e111b02e5add838f8804b8f656b,GRP-08-08,medium,train,ocr,False,True,False
DOC-0534,credit_card_application_DOC-0534.jpg,jpg,Credit Card Application,"SYNTHETIC-JPG-IMAGE
# raster stand-in; OCR text follows
TITLE: Credit Card Application
Axis Bank — CREDIT CARD APPLICATION
Applicant: Meer4 Kha n
PAN: QMAHN4190X
DO8: 02-03-1981
Residenc e: 33 Industrial Area, Pun3 452523
Employer: Cedar Grove Prop3rties Ltd
Request3d product: Rega1ia
Declared income: INR 1,146,350.66 per annum
Consent for bureau check and marke7ing communication.
Existing savings a/c for rela7ionship pricing listed.

[rescanned copy; low-resolution archive]

",483,ac106779dd81a2448aee78b5b23fd908ae995443a3839fc8f36f638527293f44,GRP-08-09,hard,test,ocr,False,True,False
DOC-0535,credit_card_application_DOC-0535.txt,txt,Credit Card Application,"Credit Card Application

ICICI Ban k — CREDIT CARD APPLICATION
Applican7: Rahul Sharma
PAN: GCXLW7207M
DOB: 25-10-1978
Residence: 207 MG Road, Delhi 500223
Employer: Harborlig ht Logistics  Ltd
R3quested pr0duct: Regali4
Declared income: INR 1,603,850.14 per annum
C on5ent for bureau check and marketing communication.

[rescanned copy; low-resolution archive]

",365,7c57c43f8f09d3304cd486ab3451a608589e3979f027db502221d9299db45e5f,GRP-08-10,medium,train,ocr,False,True,False
DOC-0536,credit_card_application_DOC-0536.xlsx,xlsx,Credit Card Application,"title,Credit Card Application
r0,S tate Bank of Indi4 — CREDIT CARD APPLICA TION
r1,Applican t: Meera Iyer
r2,PAN: AMWOM1661U
r3,D OB: 27-05-1980
r4,Residence: 93 Indus7rial Area; Ah medabad 411945
r5,Employer: Cedar Grove Properties Ltd
r6,Re q uested product: SimplySAVE
r7,Declared incom3: INR  1;762;511.80 per annum
r8,Consent for bure4u check and m4rke ting comm unicati0n.
r10,[rescanned copy; low-resolution archive]
",427,b23898eea8a407bb590f9caa32b71033eeab2792b1b67c205bb0d6c62542507d,GRP-08-11,medium,validation,ocr,False,True,False
DOC-0537,credit_card_application_DOC-0537.jpg,jpg,Credit Card Application,"SYNTHETIC-JPG-IMAGE
# raster stand-in; OCR text follows
TITLE: Credit Card Application
HDFC Bank —  CREDIT CARD APPLICATION
Applicant: Meera Reddy
PAN: HOEUT3754A
DOB: 06-08-19 99
Residence: 52 MG Road, Chennai 557796
Employer: Helios Manuf ac7uring Pvt Ltd
Requested product: Regalia
Declared income: INR 1,588,219.81 per annum
Consent for bur eau check and marketing communication.

[rescanned copy; low-resolution archive]

",429,6b5b5cdfd44f6869a12e5b6f81b57dca35caf445333f33733fc07ed4f1173d1b,GRP-08-12,medium,train,ocr,False,True,False
DOC-0538,credit_card_application_DOC-0538.pdf,pdf,Credit Card Application,"%PDF-1.4
% synthetic text-bearing stand-in
1 0 obj
<< /Title (Credit Card Application) >>
stream
State Bank of India — CREDIT CARD APPLICATION
Applicant: Kabir Nair
PAN: ODEXY9337W
DOB: 05-10-1992
Residence: 231 MG Road, Ahmedab4d 489579
Employer: Harborlight Logistic5 Ltd
Requested product: SimplySAVE
Declared  income: INR  986,479.74 per annum
Consent for bureau check and marketing communication.

[rescanned copy; low-resolution archive]

endstream
endobj
%%EOF
",470,9ff84f2cbdad09844cc1ac1e65c926a16154f5a417f96e3bcd57d5098a4a4f55,GRP-08-13,medium,train,ocr,False,True,False
DOC-0539,credit_card_application_DOC-0539.msg,msg,Credit Card Application,"From: records-noreply@synthetic.example
To: intake@lender.example
Subject: Credit Card Application
MIME-Version: 1.0
Content-Type: text/plain; charset=UTF-8

Axis Bank — CREDIT CARD APPLICATION
Applicant: Sneh a Reddy
PAN: XZDUO0568W
DOB: 23-08-1989
Residence: 226 Industrial Area, Pune 453216
Employer: Helios Manufacturing Pvt Ltd
Requested product: Millennia
D3clared income: INR 1,137,314.91 per annum
Consent for bure4u check and marke7ing communication.

[rescanned copy; low-resolution archive]

",505,e4c64f17d7548796d3c7f2d6f558d3d752939234b690564b3471345ac1eba17a,GRP-08-14,medium,train,ocr,False,True,False
DOC-0540,credit_card_application_DOC-0540.pdf,pdf,Credit Card Application,"%PDF-1.4
% synthetic text-bearing stand-in
1 0 obj
<< /Title (Credit Card Application) >>
stream
Kotak Mahindra Bank — CREDIT CARD APPLICATION
Appl ic ant: Meera Sharm a
PAN: FUAEV8762B
DOB: 25-07-1979
Residence: 28 Resid3ncy, Bengaluru 434503
Employer: Helios Manufacturing Pvt  Ltd
Requested product: Amazon Pay
Declared income: INR 696,135.99 per annum
Consent for bureau check and marketing communication.

[rescanned copy; low-resolution archive]

endstream
endobj
%%EOF
",478,dd10fbdaf359d402e1124ebc7ba028dadef0d299606499b5cf914b4be461d193,GRP-08-15,medium,validation,ocr,False,True,False
DOC-0541,credit_card_statement_DOC-0541.tiff,tiff,Credit Card statement,"SYNTHETIC-TIFF-IMAGE
# raster stand-in; OCR text follows
TITLE: Credit Card statement
HDFC Bank — Credit Card Statement
Cardholder: Arjun Menon
Card number: XXXX-XXXX-XXXX-6518
Statement date: 27-05-2025
Credit limit: INR 61,388.64
Available credit: INR 111,989.27
Minimum amount due: INR 2,556.83
Total amount due: INR 37,901.47
15-01-2025  INR 16,140.34  POS
10-09-2022  INR 4,788.66  EMI
26-09-2022  INR 4,095.61  EMI
05-04-2024  INR 13,252.38  ECOM
01-12-2022  INR 10,298.57  POS
11-03-2025  INR 14,020.30  EMI
08-02-2023  INR 13,368.00  EMI
17-06-2024  INR 16,241.97  FUEL

Linked bank account (masked): 2805
IFSC of auto-debit account: ICIC0358395
Payment due date applies. This is not a savings account statement.

",724,2164b4e0fccd224bd568a8cdc9c27e13ab7553a836d61d64aa5388a621e96409,GRP-09-00,hard,test,clean,False,False,False
DOC-0542,bank_statement_0542.tiff,tiff,Credit Card statement,"SYNTHETIC-TIFF-IMAGE
# raster stand-in; OCR text follows
TITLE: Credit Card statement
Kotak Mahindra Bank — Credit Card Statement
Cardholder: Meera Joshi
Card number: XXXX-XXXX-XXXX-9475
Statement date: 04-02-2025
Credit limit: INR 253,099.82
Available credit: INR 63,420.38
Minimum amount due: INR 2,575.75
Total amount due: INR 44,844.89
24-07-2022  INR 13,668.62  FUEL
21-03-2025  INR 16,366.95  FUEL
09-07-2023  INR 8,353.12  ECOM
13-01-2023  INR 14,342.80  ECOM
12-12-2022  INR 2,261.14  ECOM
13-10-2023  INR 13,052.29  FUEL
03-04-2024  INR 10,687.35  ECOM
17-04-2023  INR 6,820.82  POS

Linked bank account (masked): 7316
IFSC of auto-debit account: UTIB0808071
Payment due date applies. This is not a savings account statement.

",738,bf139886f9172e04197925c0320524c6f67e8923982a6ad6d7cfc4d37a92664b,GRP-09-01,hard,train,clean,False,False,True
DOC-0543,credit_card_statement_DOC-0543.xlsx,xlsx,Credit Card statement,"title,Credit Card statement
r0,ICICI Bank — Credit Card Statement
r1,Cardholder: Rahul Das
r2,Card number: XXXX-XXXX-XXXX-6227
r3,Statement date: 16-08-2025
r4,Credit limit: INR 384;040.88
r5,Available credit: INR 61;513.04
r6,Minimum amount due: INR 1;771.76
r7,Total amount due: INR 22;210.41
r8,21-06-2022  INR 16;579.73  ECOM
r9,24-07-2024  INR 13;744.70  POS
r10,12-05-2024  INR 14;219.57  EMI
r11,16-05-2023  INR 3;005.46  EMI
r12,08-04-2025  INR 10;170.04  POS
r13,18-09-2023  INR 9;868.39  FUEL
r14,16-11-2024  INR 223.57  ECOM
r15,21-03-2022  INR 15;030.15  FUEL
r17,Linked bank account (masked): 3266
r18,IFSC of auto-debit account: ICIC0275084
r19,Payment due date applies. This is not a savings account statement.
",728,241985a1a9f465df297b8063dcb400b6f203f2141d802c7bdbdf1e658c37141a,GRP-09-02,hard,validation,clean,False,False,False
DOC-0544,credit_card_statement_DOC-0544.pdf,pdf,Credit Card statement,"%PDF-1.4
% synthetic text-bearing stand-in
1 0 obj
<< /Title (Credit Card statement) >>
stream
Axis Bank —  Credit Card Statement
Cardholder: Arjun Nair 
Card number: XXXX-XXXX-XXXX-5622
S tatement date: 08-08-2025
Credit limit: INR 290,405.52
Availab le credit: INR 49,041.07
Minimum amount due: INR 2,119.06
Total am0unt due: INR 12,670.53
28-08-2024  INR 12,476.20  EMI
03-05-2025  INR 5,562.96  POS
15-05-2025  INR 1,674.69  FUEL
10-04-2022  INR 1,55 5.95  ECOM
20-03-2 025  INR 12,876.07  FUEL
01-09-2023  INR 16,221.58  EMI
07- 05-2023  INR 10,219.47  FUEL
01-11-2025  INR 3,497.41  ECOM
Pay men7 du3 date applies. Thi s  is n0t a savings account statement.

endstream
endobj
%%EOF
",690,923697928bcffd30c7297110ffcc7d9fb47ff0797fd97e2119bb46486026239e,GRP-09-03,medium,train,ocr,False,False,False
DOC-0545,bank_statement_0545.pdf,pdf,Credit Card statement,"%PDF-1.4
% synthetic text-bearing stand-in
1 0 obj
<< /Title (Credit Card statement) >>
stream
State Bank of India — Credit Card Statement
Cardholder: Dev Gupta
Card number: XXXX -XXXX-XXXX-8 385
Statement date: 25-08- 2 025
Credit limit: INR 351,730.78
Available credit: INR 42,613.36
Minimum amount due: INR 8,563.09
Total amount due: INR  26,394.37
17-08-2022  INR 4,317.38  EMI
22-02-2025  INR 577.49  FUEL
22-09-2023  INR 10,934.75  POS
20-02-2024  INR 7,92 6. 62  EMI
17-01-2024  INR 4,625.17  FUEL
11-08-2025  INR  16,874.76  EMI
03-02-2024  INR 12,484.35  POS
06-07-2023  INR 4,061.06  ECOM
P4yment due date ap plies . This i5 no t a saving5 a ccoun7 statement.

endstream
endobj
%%EOF
",696,5093ec27b926ebdcf74187568a9a81de8e00d6ca1dbd77d35eceb9253a945c98,GRP-09-04,medium,validation,ocr,False,False,True
DOC-0546,credit_card_statement_DOC-0546.docx,docx,Credit Card statement,"<?xml version='1.0' encoding='UTF-8'?>
<w:document>
<w:title>Credit Card statement</w:title>
<w:body>Kotak Mahindra Bank — Credit Card Statement
Cardholder: Ananya Das
Card number: XXXX-XXXX-XXXX-6851
</w:body>
</w:document>
",227,4eaa1fe687947feb96bc05313c54c23d04fc41aeee15013708aee1474af8678d,GRP-09-05,medium,train,sparse,False,False,False
DOC-0547,credit_card_statement_DOC-0547.pdf,pdf,Credit Card statement,"%PDF-1.4
% synthetic text-bearing stand-in
1 0 obj
<< /Title (Credit Card statement) >>
stream
HDFC Bank — Credit Card Statement
Cardholder: Dev Joshi
Card number: XXXX-XXXX-XXXX-3160
Statement date: 01-04-2025
Credit limit: INR 344,920.77
Available credit: INR 72,857.97
Minimum amount due: INR 3,498.43
Total amount due: INR 19,171.85
19-03-2025  INR 2,783.81  FUEL
15-02-2024  INR 13,034.63  ECOM
04-03-2024  INR 8,318.48  POS
12-02-2022  INR 13,202.38  POS
13-05-2022  INR 4,859.18  EMI
15-12-2025  INR 3,647.92  ECOM
07-05-2022  INR 15,511.55  FUEL
02-04-2023  INR 7,119.25  FUEL

Linked bank account (masked): 3740
IFSC of auto-debit account: SBIN0221021
Payment due date applies. This is not a savings account statement.

endstream
endobj
%%EOF
",754,31a388d98de87754a635e468e5aefff0fca8370090f2f481ace37a87666df2a4,GRP-09-06,hard,train,clean,False,False,False
DOC-0548,credit_card_statement_DOC-0548.jpg,jpg,Credit Card statement,"SYNTHETIC-JPG-IMAGE
# raster stand-in; OCR text follows
TITLE: Credit Card statement
State Bank of India — Credit Card Statement
Cardholder: Ananya Patel
Card number: XXXX-XXXX-XXXX-1754
Statement date: 18-07-2025
Credit limit: INR 249,677.42
Available credit: INR 69,179.88
Minimum amount due: INR 3,348.48
Total amount due: INR 38,234.71
06-04-2022  INR 7,083.44  ECOM
12-02-2024  INR 12,977.74  EMI
03-08-2025  INR 5,955.98  ECOM
27-08-2025  INR 13,612.47  EMI
16-09-2025  INR 8,432.52  EMI
09-09-2025  INR 4,525.01  FUEL
08-05-2025  INR 10,282.53  ECOM
15-09-2025  INR 6,200.53  EMI
Payment due date applies. This is not a savings account statement.

",657,54f73bbd094889361f47c255f8ee77a4ded02d5f566dd36ea2fe1007c0e6c2f0,GRP-09-07,easy,train,clean,False,False,False
DOC-0549,credit_card_statement_DOC-0549.pdf,pdf,Credit Card statement,"%PDF-1.4
% synthetic text-bearing stand-in
1 0 obj
<< /Title (Credit Card statement) >>
stream
Axis Bank — Credit Card Statement
Cardholder: Vikram Gupta
Card number: XXXX-XXXX-XXXX-8864
Statement date: 07-02-2025
Credit limit: INR 257,963.96
Available credit: INR 50,170.02
Minimum amount due: INR 3,509.13
Total amount due: INR 38,908.61
17-04-2023  INR 4,676.45  POS
17-10-2025  INR 5,175.25  EMI
02-07-2024  INR 15,830.68  ECOM
27-03-2024  INR 7,049.06  ECOM
27-07-2025  INR 12,536.41  POS
11-02-2024  INR 11,838.72  EMI
23-04-2023  INR 7,324.86  ECOM
14-04-2022  INR 6,647.72  FUEL

Linked bank account (masked): 1532
IFSC of auto-debit account: HDFC0291623
Payment due date applies. This is not a savings account statement.

endstream
endobj
%%EOF
",756,203cda1318df55cda225f97cdc6f5289e4c4e0f35f637617d80d00d95673e95b,GRP-09-08,hard,train,clean,False,False,False
DOC-0550,credit_card_statement_DOC-0550.pdf,pdf,Credit Card statement,"%PDF-1.4
% synthetic text-bearing stand-in
1 0 obj
<< /Title (Credit Card statement) >>
stream
ICIC I Bank — Credit Card Statement
Cardholde r: Ananya Nair
Card number: XXXX-XXXX-XXXX-7451
Statem ent da te: 03-09-2025
Credit limit: INR 168,903.80
Available cre d it: INR 81,751.61
Minimum amount due: INR 2,978.86
Tot4l amount due: INR 6,505 .11
18-06-2024  INR 6,466.05  ECOM
27-07-2025  INR 14,388.04  EMI
16-04-2023  INR 17, 5 85.93  EMI
06-01-2023   INR 16,452.33  ECOM
07-08-2023  I NR 8,214.93  ECOM
02-08-2024  INR 164.49  POS
24-08-2025  INR 9,031.97  POS
24-08-2024  INR 3,592.83  FUEL

Linked bank account (masked): 5279
IFSC of auto-debit acc0unt: UTIB0547904
Paym3nt due date 4pplie5. This is not a savin gs account statement .

endstream
endobj
%%EOF
",766,4596dc758485aba9333b33b950b695d7c9c3d3925cef55b50dafdf1a7bd8076e,GRP-09-09,hard,train,ocr,False,False,False
DOC-0551,credit_card_statement_DOC-0551.eml,eml,Credit Card statement,"From: records-noreply@synthetic.example
To: intake@lender.example
Subject: Credit Card statement
MIME-Version: 1.0
Content-Type: text/plain; charset=UTF-8

Stat e Bank of India — Cre dit Card Statement
Cardho1d3r: Isha Pat el
Card number: XXXX-XXXX-XXXX-3363
Statement date: 02-10-2025
Credit limi7: INR 345 ,647.14
Ava i1able credit: INR 108,783.38
Minimum amount due: INR 8,654.56
Total am0unt du e: INR 31,108.70
04-11-2022  INR 2,305.44  FUEL
13-06-2024  INR 1,359.08  FUEL
21-09-2025  INR 10,849.00  ECOM
09-01-2024  INR 12,255.46  ECOM
12-05-2023  INR  3,995.11  FUEL
02-06-2024  INR 14,908.07  ECOM 
03-07-2025  INR 9,657.23  POS
25-03-2023  INR 9,348.00  EM I
Payment due date applies. Thi5 is not a savin9s account 57atemen t.

",739,49d448bfdc1f99a881a9d19c432b558cf25eacacec835c169a260d043a94d8c9,GRP-09-10,medium,train,noisy,False,False,False
DOC-0552,credit_card_statement_DOC-0552.jpg,jpg,Credit Card statement,"SYNTHETIC-JPG-IMAGE
# raster stand-in; OCR text follows
TITLE: Credit Card statement
HDFC Bank — Credit Card Statement
C ardholder: Arjun Iyer
Card number: XXXX-XXXX-XXXX-8386
Statement date: 03-04-2025
Credit limit: INR 279,854.99
Available credit: INR 102,758.32
Minimum amount due: INR 6,780.30
Total amount due: INR 44,894.60
24-02-2 023  INR 6,966.50  FUEL
04-04-2025  INR 13,849.36  POS
17-09-2025  INR 16,013.91  POS
10-03-2023  INR 6,385.95  FUEL
25-11- 2022  INR 2,968.07  FUEL
19-02-2022  INR 17,878.06  EMI
03-07- 2025  INR 12,812.97  FUEL
01-05-2022  INR 15,574.58  FUEL
Payment due date applies. This is not a savings account  statement.

",654,0e142d5353ae1ee547095db24ba9464e964b372d6b0ad2372a62d2e3132b880b,GRP-09-11,medium,validation,ocr,False,False,False
DOC-0553,credit_card_statement_DOC-0553.jpg,jpg,Credit Card statement,"SYNTHETIC-JPG-IMAGE
# raster stand-in; OCR text follows
TITLE: Credit Card statement
ICICI B ank —  Credit  Card St atement
Cardholder: Dev Joshi
Card nu mber:  XX XX-XXXX-XXXX-6062
Statement date: 06-10-2025
Credit l imit: INR 161,350.34
Available credit: INR 97,436.79
Minimum amount due: INR 3,328.69
Total amount due: INR 43,990.72
2 2-10-2022  INR 16,120.86  ECOM
01-09-2024  INR 14,869.86  POS
19-08-2025  INR 6,847.38  POS
18-08-2024  INR 3,089.41  POS
01-05-2022  INR 10,130.69  FUEL
23-11-2023  INR 9,363.79  ECOM
12-03-2024  INR 10,769.48  EMI
01-03-2022   INR 9,915.07  EMI

Linked bank accoun7 (mask3d): 1164
IFSC of auto- debit account: HDFC0536528
Payment due date applie5. This is not a savings account 57atement.

",732,dc6a3132b09d35bd9fd6b53fe92ebc4f6aeb52cfde1b72bba5ad32db5df1558f,GRP-09-12,hard,test,ocr,False,False,False
DOC-0554,credit_card_statement_DOC-0554.pdf,pdf,Credit Card statement,"%PDF-1.4
% synthetic text-bearing stand-in
1 0 obj
<< /Title (Credit Card statement) >>
stream
HDFC Bank — Credit Card Statement
Cardholder: Isha Gupta
Card number: XXXX-XXXX-XXXX-2713
Statement date: 02-03-2025
Credit limit: INR 334,791.38
Available credit: INR 13,339.42
Minimum amount due: INR 6,314.87
Total amount due: INR 41,335.77
13-10-2022  INR 1,325.32  FUEL
15-10-2025  INR 5,772.14  FUEL
21-05-2025  INR 12,111.41  POS
18-09-2024  INR 9,489.71  ECOM
05-11-2023  INR 7,972.82  ECOM
06-06-2023  INR 17,040.69  ECOM
23-06-2025  INR 5,099.78  EMI
21-01-2024  INR 10,980.70  EMI
Payment due date applies. This is not a savings account statement.

endstream
endobj
%%EOF
",679,6e7038daaba5f2bb90f52f23101fd0e3c37d38b1f178453e345928a18824c65f,GRP-09-13,easy,train,clean,False,False,False
DOC-0555,bank_statement_0555.xlsx,xlsx,Credit Card statement,"title,Credit Card statement
r0,State  Bank  of India —  Credit C4rd Statement
r1,Cardholder: Fatima Iyer
r2,Card number: XXXX-XXXX-XXXX-3144
r3,S7atement date: 17- 09-2025
r4,Credit limit: INR 99;470.47
r5,Availab le credit: INR 55;496.10
r6,Minimum amount due: INR 4;533.33
r7,Total amount due: INR 27;049.68
r8,17-03-2023  INR 2;991.44  ECOM
r9,20-02-2024  INR 12;257.37  EMI
r10,05-11-2025  INR 13;612.49  POS
r11,11-05-2024  INR 9;929.12  FUEL
r12,21-09-2024  INR 10;641.80  FUEL
r13,06- 07-2024  INR 15;301.02  POS
r14,26-06 -2024  INR 7;454.70  FUEL
r15,24-08-2023  INR 1;120.39  POS
r16,Paymen7 due date applie5. This is no7 4 savings account sta7ement.
",663,79ec9c128c3126d5cb9568ae2893f4c3c7a4d30cbd81ba901e46e2baca2d9e4a,GRP-09-14,medium,validation,noisy,False,False,True
DOC-0556,credit_card_statement_DOC-0556.pdf,pdf,Credit Card statement,"%PDF-1.4
% synthetic text-bearing stand-in
1 0 obj
<< /Title (Credit Card statement) >>
stream
Kotak Mahindra Bank — Credit Card Statement
Cardholder: Meera Joshi
Card number: XXXX-XXXX-XXXX-7999
Statement date: 24-08-2025
Credit limit: INR 379,644.84
Available credit: INR 114,140.32
Minimum amount due: INR 5,079.65
Total amount due: INR 43,857.96
13-08-2025  INR 14,829.47  ECOM
25-04-2023  INR 838.13  FUEL
24-08-2025  INR 11,178.33  FUEL
24-01-2022  INR 5,580.35  EMI
09-12-2025  INR 12,362.43  POS
27-01-2022  INR 17,907.98  ECOM
24-08-2025  INR 5,042.34  POS
19-07-2025  INR 8,216.67  FUEL
Payment due date applies. This is not a savings account statement.

endstream
endobj
%%EOF
",690,7a3b1c4d5b2df747f9678cbe107100c0c4f2546b88cbc4d29af88c3105af75cf,GRP-09-15,easy,test,clean,False,False,False
DOC-0557,bank_statement_0557.docx,docx,Credit Card statement,"<?xml version='1.0' encoding='UTF-8'?>
<w:document>
<w:title>Credit Card statement</w:title>
<w:body>ICICI Bank — Credit Card Statement
Cardholder: Isha Joshi
Card number: XXXX-XXXX-XXXX-2275
Statement date: 08-07-2025
Credit limit: INR 319,645.65
Available credit: INR 52,531.20
Minimum amount due: INR 3,494.44
Total amount due: INR 40,652.41
10-03-2022  INR 7,516.86  EMI
26-08-2023  INR 13,827.50  ECOM
23-02-2022  INR 8,312.43  FUEL
07-12-2023  INR 14,302.78  ECOM
15-07-2025  INR 2,365.55  EMI
21-07-2022  INR 6,232.05  EMI
21-07-2023  INR 12,000.17  FUEL
23-09-2025  INR 7,382.06  ECOM
Payment due date applies. This is not a savings account statement.
</w:body>
</w:document>
",686,aa746b4a6d9f8bc98523996125b93d296ceea4e05dffd6ba680720120d5b2609,GRP-09-16,easy,train,clean,False,False,True
DOC-0558,credit_card_statement_DOC-0558.xlsx,xlsx,Credit Card statement,"title,Credit Card statement
r0,ICICI Bank — Credit Car d Statement
r1,Cardho1der: Kabir Joshi
r2,Card num ber:  XXXX-XXXX-XXXX-2602
r3,Statement date:  04- 10-2025
r4,Credit limit: INR 334;650.11
r5,Available credit: INR 69;464.59
r6,Minimum amount due: INR 5;693.70
r7,To7al am0unt due: INR 27;264.87
r8,23-08-2023  INR 2;836.36  ECOM
r9,15-08-202 2  INR 2;253.88   FUEL
r10,27-09-2024  INR 3;280.07  FUEL
r11,22-03-20 24  INR 11;670.15  ECOM
r12,22 -03-2023  INR 10;243.04  FU EL
r13,18-02-2025  INR 13;867.52  EMI
r14, 02-03-2024  INR 3;626.75  POS
r15,23-03-2022  INR 3;994.84  ECOM
r16,Payment due date applies. This is not a savings a ccount statement.
",661,5185df33e461a29a49fdfff88d3fadd98a5c3f1d9b67f416d343e5afacb36a33,GRP-09-17,medium,train,ocr,False,False,False
DOC-0559,credit_card_statement_DOC-0559.pdf,pdf,Credit Card statement,"%PDF-1.4
% synthetic text-bearing stand-in
1 0 obj
<< /Title (Credit Card statement) >>
stream
State Bank of India — Credit Card Statement
Cardholder: Anany a Gupta
Card number: XXXX-XXXX-XXXX-9698
Statement d4te: 01-06-2025
Credit limit: INR 101,395.67
Availabl3 credit: INR  63,170.04
Minimum amount due: INR 2,671.45
Total amount due: INR 11,852.3 2
04-07-2025  INR 15,839.31  FUEL
12-03-2025  IN R 15,192.29  FUEL
01-05-2022  INR 7,364.59  EMI
01-06-2024  INR 15,886.36  FUEL 
10-12-2023  INR 10,655.99  FUEL
09-11-2025  INR 13,304.30   FUEL
07-02-2023  INR 17 ,892.69  ECOM
16-04-2023  INR 434.94  POS

Linked bank account (mask3d): 0141
IFSC of auto-debit account: ICIC0899846
Payment due date applies. This is not a savin9s 4ccount statement.

endstream
endobj
%%EOF
",776,aa292089e2afab4c4a60ee680604ba301906830f7c759f959db9f39d2a556e02,GRP-09-18,hard,train,ocr,False,False,False
DOC-0560,credit_card_statement_DOC-0560.rtf,rtf,Credit Card statement,"{\rtf1\ansi
ICICI Bank — Credit Card Statement\par
Cardholder: Kabir Sharma\par
Card number: XXXX-XXXX-XXXX-5197\par
Statement date: 17-03-2025\par
Credit limit: INR 314,521.04\par
Available credit: INR 98,639.79\par
Minimum amount due: INR 859.82\par
Total amount due: INR 2,565.60\par
25-06-2022  INR 10,430.92  ECOM\par
20-06-2023  INR 4,814.00  FUEL\par
15-06-2022  INR 13,922.06  FUEL\par
04-02-2025  INR 8,485.36  POS\par
28-10-2023  INR 1,170.99  POS\par
23-10-2023  INR 2,934.30  ECOM\par
16-06-2023  INR 5,881.32  POS\par
19-12-2023  INR 2,880.24  FUEL\par
Payment due date applies. This is not a savings account statement.\par

}
",642,c7b25570699c3ce9e90e74195beb95dd7d7a49afbd883c197a40a6c771018ce8,GRP-09-19,easy,train,clean,False,False,False
DOC-0561,credit_card_statement_DOC-0561.xlsx,xlsx,Credit Card statement,"title,Credit Card statement
r0,ICICI Bank — Credit Ca rd S7at3ment
r1,Cardholder: Arjun Joshi
r2,Card numb3r: XXXX-XXXX-XXXX-2385
r3,Statement date: 26-07-2025
r4,Credit limit: INR 234;936.19
r5,Avai1able credit: INR 14;555.39
r6,Minimum amount due: INR  5;834.51
r7,Tot al amoun7 due: INR 17;077.48
r8,24-08-2024  INR 1;245.48  FUEL
r9,22-12-2022  INR  1;748.66  EMI
r10,11-09-2023  INR 10;4 5 5.40  EMI
r11,05 -06-2023  INR 17;9 04.14  EMI
r12,08-04-2022  INR 5;509.45  ECOM
r13,19-09-2022  INR 8;534.67  ECOM
r14,09-01-2 022  INR 1;431.68  FUEL
r15,21-05-2025  INR 11;179.23  E COM
r16,Pa yment due date applies. This is n0t 4 savin9s account statem3n7.
",659,4bc7e1f978955da3809cd6d5ec05d9e5ac941eedb88d0f989bdcd9318283adeb,GRP-09-20,medium,test,noisy,False,False,False
DOC-0562,credit_card_statement_DOC-0562.docx,docx,Credit Card statement,"<?xml version='1.0' encoding='UTF-8'?>
<w:document>
<w:title>Credit Card statement</w:title>
<w:body>ICICI Bank — Credit Card Statement
Cardholder: Rahul Patel
Card number: XXXX-XXXX-XXXX-3724
</w:body>
</w:document>
",219,5cb4a26b218f669b19f9fcccbe5aadcc2f5f27fc5ceeed16850a79b6770cc3eb,GRP-09-21,hard,train,sparse,False,False,False
DOC-0563,credit_card_statement_DOC-0563.tiff,tiff,Credit Card statement,"SYNTHETIC-TIFF-IMAGE
# raster stand-in; OCR text follows
TITLE: Credit Card statement
Axis 8ank — Credit Card Statement
Cardholder: Dev G upta
Card numb3r: XXXX-XXXX-XXXX-6397
Stateme nt date: 02-10-2025
Cr3dit limit: INR  388,029.56
Av4ilable credit: INR 54 ,357.62
Minimum amount due: INR 5,930.33
Total amo unt due: INR 34,495.75
01-08-2023  INR 16,402.06  EMI
09-07-2025  INR 11,217.21  ECOM
28-06-2023  INR 10,526.65  ECOM
01-06-2025  INR 3,503.5 9   FUEL
28-10-2023   INR 9,373.70  FUEL
20-10-2024  INR 17,2 60.61  EMI
07-12-2022  INR 11,000.85  FUEL
01-05-2022  INR 1,782.12  POS
Pa yment due date applies. This is n0t a savi n95 account statement.

",659,928b7abbd2318bde5053b32dc2f6961b0f1957f0c699094e747e33a30099b007,GRP-09-22,medium,train,noisy,False,False,False
DOC-0564,credit_card_statement_DOC-0564.png,png,Credit Card statement,"SYNTHETIC-PNG-IMAGE
# raster stand-in; OCR text follows
TITLE: Credit Card statement
State Bank of India — Credit Card Statement
Cardholder: Rahul Joshi
Card number: XXXX-XXXX-XXXX-2163

",189,6936ac4a3554aab1eadb059cc43964c6f694603c5d4e4d28333b04d2cacd943b,GRP-09-23,medium,train,sparse,False,False,False
DOC-0565,credit_card_statement_DOC-0565.pdf,pdf,Credit Card statement,"%PDF-1.4
% synthetic text-bearing stand-in
1 0 obj
<< /Title (Credit Card statement) >>
stream
ICICI Bank — Credit Card Statement
Cardholder: Vikram Khan
Card number: XXXX-XXXX-XXXX-3599

endstream
endobj
%%EOF
",213,bb872fe1f035093ad9963c90a60a34e006a2a96767154dbde39d1b8901ea379b,GRP-09-24,medium,train,sparse,False,False,False
DOC-0566,credit_card_statement_DOC-0566.pdf,pdf,Credit Card statement,"%PDF-1.4
% synthetic text-bearing stand-in
1 0 obj
<< /Title (Credit Card statement) >>
stream
Kotak Mahindra Bank — Credit Card Statement
Cardholder: Rahul Iyer
Card number: XXXX-XXXX-XXXX-4425

endstream
endobj
%%EOF
",221,9941a84d37e8f008e52262c3641e184754981242540f66cad226d144573de3bf,GRP-09-25,medium,train,sparse,False,False,False
DOC-0567,credit_card_statement_DOC-0567.pdf,pdf,Credit Card statement,"%PDF-1.4
% synthetic text-bearing stand-in
1 0 obj
<< /Title (Credit Card statement) >>
stream
Kotak Mahindra Bank — Credit Card Statement
Cardholder: Rahul Menon
Card number: XXXX-XXXX-XXXX-4876
Statement date: 14-06-2025
Credit limit: INR 305,581.84
Available credit: INR 14,988.05
Minimum amount due: INR 5,572.00
Total amount due: INR 3,553.39
01-12-2025  INR 7,650.73  ECOM
16-05-2023  INR 15,655.61  FUEL
11-12-2025  INR 16,948.97  POS
03-08-2025  INR 9,808.06  POS
07-10-2022  INR 3,409.33  EMI
22-06-2025  INR 15,717.74  EMI
11-06-2023  INR 12,144.13  POS
23-07-2023  INR 614.59  EMI
Payment due date applies. This is not a savings account statement.

endstream
endobj
%%EOF
",685,2f58a9f7d0166afb5c61de578826b37d142801bd5d7c3c0490d443a8bb3c201b,GRP-09-26,easy,train,clean,False,False,False
DOC-0568,bank_statement_0568.pdf,pdf,Credit Card statement,"%PDF-1.4
% synthetic text-bearing stand-in
1 0 obj
<< /Title (Credit Card statement) >>
stream
Axis Bank — Credit Card Statement
Cardholder: Fatima Sharma
Card number: XXXX-XXXX-XXXX-7409
Statement date: 03-12-2025
Credit limit: INR 100,060.88
Available credit: INR 92,691.56
Minimum amount due: INR 5,281.96
Total amount due: INR 22,299.13
09-02-2022  INR 9,630.58  EMI
13-05-2023  INR 9,751.05  POS
26-12-2025  INR 11,066.64  POS
05-01-2023  INR 16,757.29  EMI
03-01-2023  INR 7,686.33  ECOM
25-09-2022  INR 6,797.10  EMI
17-03-2024  INR 6,348.01  EMI
20-02-2025  INR 5,111.52  POS
Payment due date applies. This is not a savings account statement.

endstream
endobj
%%EOF
",677,b3f3f2db94836a9d905c5bcdca4dcaa44394b2f0098d7dc0fe4e4647ab71bf2c,GRP-09-27,easy,train,clean,False,False,True
DOC-0569,bank_statement_0569.pdf,pdf,Credit Card statement,"%PDF-1.4
% synthetic text-bearing stand-in
1 0 obj
<< /Title (Credit Card statement) >>
stream
Axis Bank — Credit Card Statement
Cardholder: Isha Patel
Card number: XXXX-XXXX-XXXX-2671
Statement date: 20-05-2025
Credit limit: INR 305,960.87
Available credit: INR 101,532.69
Minimum amount due: INR 8,844.34
Total amount due: INR 42,996.56
28-04-2025  INR 11,249.98  ECOM
20-08-2025  INR 13,485.52  EMI
08-10-2022  INR 3,965.10  EMI
03-10-2025  INR 2,981.08  ECOM
26-05-2022  INR 12,059.32  EMI
26-05-2023  INR 7,823.80  EMI
20-02-2024  INR 3,211.05  POS
03-08-2022  INR 9,972.26  ECOM
Payment due date applies. This is not a savings account statement.

endstream
endobj
%%EOF
",678,a3e90888e2a27eb2607259db474c04604febc0b1e0b62ad1bd8922164eb3e2d0,GRP-09-28,easy,train,clean,False,False,True
DOC-0570,credit_card_statement_DOC-0570.jpg,jpg,Credit Card statement,"SYNTHETIC-JPG-IMAGE
# raster stand-in; OCR text follows
TITLE: Credit Card statement
ICICI Bank — Credit Card Statement
Cardholder: Vikram Reddy
Card number: XXXX-XXXX-XXXX-7809
Statement date: 21-06-2025
Credit limit: INR 385,757.08
Available credit: INR 33,017.69
Minimum amount due: INR 2,759.56
Total amount due: INR 2,329.17
11-02-2022  INR 17,473.95  EMI
03-09-2024  INR 7,774.74  ECOM
01-12-2023  INR 7,183.96  EMI
24-01-2023  INR 9,517.87  ECOM
01-07-2025  INR 3,453.65  FUEL
14-08-2025  INR 7,779.87  POS
13-09-2024  INR 8,111.15  POS
16-08-2022  INR 10,972.29  ECOM
Payment due date applies. This is not a savings account statement.

",646,12803bcd15fea0612346c1780e2afe919b95732ce0ec6b37316cf67f4cb88e8f,GRP-09-29,easy,train,clean,False,False,False
DOC-0571,credit_card_statement_DOC-0571.tiff,tiff,Credit Card statement,"SYNTHETIC-TIFF-IMAGE
# raster stand-in; OCR text follows
TITLE: Credit Card statement
State Bank of India — Credit Card Statement
Cardholder: Dev Sharma
Card number: XXXX-XXXX-XXXX-3432
Statement date: 21-03-2025
Credit limit: INR 393,991.99
Available credit: INR 102,011.80
Minimum amount due: INR 8,348.61
Total amount due: INR 11,310.59
26-02-2025  INR 10,256.80  FUEL
20-02-2022  INR 17,273.47  EMI
04-02-2022  INR 6,764.59  FUEL
15-07-2024  INR 11,564.72  POS
06-12-2023  INR 12,034.29  EMI
10-02-2023  INR 17,326.21  POS
04-12-2024  INR 4,034.05  ECOM
23-11-2024  INR 12,698.50  POS
Payment due date applies. This is not a savings account statement.

",659,8d0fc25df77bb6fbffce162bb3ecf9d4455cda950d95e379ebbdb4ba441def4c,GRP-09-30,easy,train,clean,False,False,False
DOC-0572,credit_card_statement_DOC-0572.pdf,pdf,Credit Card statement,"%PDF-1.4
% synthetic text-bearing stand-in
1 0 obj
<< /Title (Credit Card statement) >>
stream
ICICI Bank — Credit Card Statement
Cardholder: Meera Das
Card number: XXXX-XXXX-XXXX-6362
Statement date: 11-11-2025
Credit limit: INR 181,028.65
Available credit: INR 27,479.34
Minimum amount due: INR 6,654.14
Total amount due: INR 14,795.85
17-05-2023  INR 3,627.07  EMI
01-11-2022  INR 15,210.29  ECOM
11-12-2024  INR 8,636.34  ECOM
26-01-2023  INR 11,351.89  EMI
20-06-2022  INR 8,590.81  ECOM
03-06-2023  INR 12,842.82  POS
13-10-2023  INR 5,105.34  ECOM
11-12-2022  INR 11,855.13  EMI

Linked bank account (masked): 2469
IFSC of auto-debit account: SBIN0441453
Payment due date applies. This is not a savings account statement.

endstream
endobj
%%EOF
",755,63fb919c17cfb1d8c6cdb50432688f82ab15902c2deec4af79cb7f1f963eb7cc,GRP-09-31,hard,train,clean,False,False,False
DOC-0573,credit_card_statement_DOC-0573.pdf,pdf,Credit Card statement,"%PDF-1.4
% synthetic text-bearing stand-in
1 0 obj
<< /Title (Credit Card statement) >>
stream
K0tak Mahindra Bank — Credit Card Sta7ement
Cardholder: Fatima Menon
C4rd numb3r: XXXX-XXXX-XXXX-2433
Stat3ment date: 22-09-2025
Credi t limit:  INR 208,994.28
Available  credit: I NR 86,657.90
Min imum am0unt due : INR 6,042.88
Total amount due: INR 17,636.79
09-10-2022  INR 13,646.61  ECOM
20-12- 2025  INR 4 ,265.02  POS
03-02-2024  IN R 7 ,185.92  FUEL
24-01-2024  INR 16,992.88  POS
22-09-2022  INR 2,333.30  EMI
22-07-2023  INR 12,174.32  POS
10-05-2025   INR 702.35  FUEL
26-05-2023  INR 2,053.29  ECOM 
P4yment due date applies. This is not a savings account s7atement.

endstream
endobj
%%EOF
",700,1dcfd36c900af3ab1ca3e9b86e88f3dadcf14efaace3374f64169d583d3f37d0,GRP-09-32,medium,train,noisy,False,False,False
DOC-0574,credit_card_statement_DOC-0574.pdf,pdf,Credit Card statement,"%PDF-1.4
% synthetic text-bearing stand-in
1 0 obj
<< /Title (Credit Card statement) >>
stream
State Bank of India — Credit Card Statement
Cardholder: Dev Menon
Card number: XXXX-XXXX-XXXX-9515
Statement date: 01-02-2025
Credit limit: INR 176,269.71
Available credit: INR 26,472.55
Minimum amount due: INR 7,490.95
Total amount due: INR 41,046.50
02-07-2024  INR 11,344.11  POS
08-04-2023  INR 15,972.67  POS
20-11-2025  INR 2,338.28  POS
20-01-2022  INR 13,351.82  POS
21-02-2023  INR 8,240.83  EMI
14-06-2022  INR 5,282.28  EMI
22-08-2025  INR 4,435.27  EMI
04-03-2025  INR 12,122.19  FUEL
Payment due date applies. This is not a savings account statement.

endstream
endobj
%%EOF
",685,a60effe55fea7c55818f14513b51ac9d5e557c6b796edde753e02e7ee0c099b3,GRP-09-33,easy,train,clean,False,False,False
DOC-0575,credit_card_statement_DOC-0575.pdf,pdf,Credit Card statement,"%PDF-1.4
% synthetic text-bearing stand-in
1 0 obj
<< /Title (Credit Card statement) >>
stream
State Bank of India — Credit Card Statement
Cardholder: Sneha Menon
Card number: XXXX-XXXX-XXXX-9013
Statement date: 28-11-2025
Credit limit: INR 183,166.43
Available credit: INR 100,708.00
Minimum amount due: INR 8,947.11
Total amount due: INR 27,956.02
21-06-2022  INR 11,967.14  FUEL
12-12-2022  INR 16,217.33  EMI
03-11-2024  INR 11,343.05  POS
23-02-2025  INR 4,629.43  ECOM
15-08-2025  INR 5,083.38  EMI
27-08-2025  INR 16,288.35  ECOM
07-07-2025  INR 13,571.73  POS
22-05-2023  INR 10,652.85  EMI
Payment due date applies. This is not a savings account statement.

endstream
endobj
%%EOF
",692,702aade8ba3999484eb2b1111cd99a79615e8fe66f33f5cdafc49ff4f9d8aa77,GRP-09-34,easy,test,clean,False,False,False
DOC-0576,credit_card_statement_DOC-0576.png,png,Credit Card statement,"SYNTHETIC-PNG-IMAGE
# raster stand-in; OCR text follows
TITLE: Credit Card statement
ICICI Bank — Credit Card Statement
Cardholder: Arjun Das
Card number: XXXX-XXXX-XXXX-4936
Statement date: 21-12-2025
Credit limit: INR 159,077.37
Available credit: INR 27,227.52
Minimum amount due: INR 8,984.93
Total amount due: INR 28,309.40
10-02-2024  INR 9,861.80  POS
16-08-2025  INR 7,192.94  EMI
28-11-2022  INR 12,233.56  POS
10-09-2025  INR 12,007.70  FUEL
08-01-2023  INR 11,207.83  ECOM
24-09-2023  INR 4,657.95  ECOM
27-05-2022  INR 8,716.61  ECOM
08-09-2022  INR 14,264.96  POS
Payment due date applies. This is not a savings account statement.

",646,76dfe66038e097bc3de83fc24b2ef2efdc2e97c6415cb1b2dea37e3d1b15c13a,GRP-09-35,easy,train,clean,False,False,False
DOC-0577,credit_card_statement_DOC-0577.pdf,pdf,Credit Card statement,"%PDF-1.4
% synthetic text-bearing stand-in
1 0 obj
<< /Title (Credit Card statement) >>
stream
ICICI Bank — Credit Card Statement
Cardholder: Vikram Sharma
Card number: XXXX-XXXX-XXXX-2282

endstream
endobj
%%EOF
",215,6ef3a04ea97e6c64fb3edb82b93ad095e44e7930574887defb692464271a8567,GRP-09-36,medium,train,sparse,False,False,False
DOC-0578,bank_statement_0578.jpg,jpg,Credit Card statement,"SYNTHETIC-JPG-IMAGE
# raster stand-in; OCR text follows
TITLE: Credit Card statement
HDFC Bank — Credit Card Statement
Cardholder: Isha Das
Card number: XXXX-XXXX-XXXX-6326
Statement date: 23-05-2025
Credit limit: INR 342,698.98
Available credit: INR 36,709.40
Minimum amount due: INR 1,700.68
Total amount due: INR 3,020.73
16-08-2024  INR 8,427.26  FUEL
02-06-2024  INR 234.80  FUEL
05-02-2025  INR 2,361.91  POS
19-07-2022  INR 15,528.38  FUEL
26-02-2023  INR 17,806.82  FUEL
19-11-2025  INR 2,284.45  FUEL
27-07-2024  INR 14,225.36  EMI
10-10-2023  INR 15,660.38  POS
Payment due date applies. This is not a savings account statement.

",642,50c52510ade145d134f0777c4127004ed1cc397888c9c51e2150fc2012298439,GRP-09-37,easy,validation,clean,False,False,True
DOC-0579,credit_card_statement_DOC-0579.docx,docx,Credit Card statement,"<?xml version='1.0' encoding='UTF-8'?>
<w:document>
<w:title>Credit Card statement</w:title>
<w:body>ICICI Bank — Credit Card Statement
Cardholder: Isha Iyer
Card number: XXXX-XXXX-XXXX-7971
Statement date: 14-06-2025
Credit limit: INR 223,262.93
Available credit: INR 34,747.79
Minimum amount due: INR 7,510.45
Total amount due: INR 37,512.16
07-08-2025  INR 11,373.76  ECOM
06-06-2023  INR 13,636.78  FUEL
04-10-2024  INR 11,812.35  ECOM
16-05-2022  INR 1,754.11  POS
28-05-2025  INR 9,840.51  FUEL
13-11-2024  INR 17,500.89  ECOM
05-11-2023  INR 4,148.20  EMI
04-08-2022  INR 5,656.97  FUEL

Linked bank account (masked): 9485
IFSC of auto-debit account: HDFC0775593
Payment due date applies. This is not a savings account statement.
</w:body>
</w:document>
",763,45b0c10333e0dcf2202ec35c6b42066dcf9641aaa864e6ae26ae13385bd4f3c5,GRP-09-38,hard,train,clean,False,False,False
DOC-0580,credit_card_statement_DOC-0580.pdf,pdf,Credit Card statement,"%PDF-1.4
% synthetic text-bearing stand-in
1 0 obj
<< /Title (Credit Card statement) >>
stream
ICICI Bank — Credit Card Sta7ement
Cardho1d3r: Rahul Nair
Card  number: XXXX-XXXX-XXXX-6502
Statement date: 01-09-2025 
Credit limit: INR 102,561.58
Available credit: INR 50,209.39
Minimum amount due:  INR 6,877.63
Total amount due: INR 28,0 17.69
07-01-2023  INR 3,204.33  EMI
10-03-2023  INR 17,48 9.42  EMI
23-08-2022  INR 6,732.35  POS
14-06-202 5  INR 17,567.85  FUEL
05-06-2025   INR 11,58 1.02  EMI
23-03-2024  INR 17,718.77  POS
08-11-2023  INR 16,467.66  FUEL
24-12-2022  INR 7,099.89  EMI
Payment due date applies. This is  n0t 4 sa vin gs account stat3ment.

endstream
endobj
%%EOF
",690,a09531f8d376360b9a4524760546f7cad51ed8671afbadea37504f36477fc293,GRP-09-39,medium,train,noisy,False,False,False
DOC-0581,credit_card_statement_DOC-0581.pdf,pdf,Credit Card statement,"%PDF-1.4
% synthetic text-bearing stand-in
1 0 obj
<< /Title (Credit Card statement) >>
stream
Kotak Mahindra Bank — Credit Card Statem ent
Cardholder: Me3ra Patel
Card number: XXXX-XXXX -XXXX-8270
Statement date: 21-05-2025
Credit limit: INR 368,208.63
Available credit: INR 45,868.10
Minimum amount due: INR 3,265.01
To tal 4mount due: INR 29,014.97
09-03-2023  INR 13,165.54  FUEL
24-05-2025  INR 9,839.03  FUEL
17-07-2024  INR 4,121.60  POS
18-07-2022  INR 8,887.26  POS
01-10-2023  INR 14,322.77  POS
22-02-2024  INR 9,164.46  POS
22-01-2024  INR 14,642.26  FUEL
05-01-2024  INR 15,176.27  FUEL
Payment due date applies. This is not a savings account statement.

endstream
endobj
%%EOF
",693,237817e11eda0c047995c4cbb521c2113ba4bffa229b298b3a717832f89ce2a9,GRP-09-40,medium,train,ocr,False,False,False
DOC-0582,bank_statement_0582.jpg,jpg,Credit Card statement,"SYNTHETIC-JPG-IMAGE
# raster stand-in; OCR text follows
TITLE: Credit Card statement
Kotak Mahindra Bank — Credit Card Statement
Cardholder: Arjun Nair
Card number: XXXX-XXXX-XXXX-9571
Statement date: 02-10-2025
Credit limit: INR 318,030.22
Available credit: INR 18,661.76
Minimum amount due: INR 3,966.18
Total amount due: INR 17,484.82
11-09-2023  INR 7,486.54  POS
03-04-2022  INR 9,813.56  EMI
10-06-2023  INR 3,609.21  ECOM
01-03-2023  INR 14,496.76  ECOM
22-05-2025  INR 10,511.73  ECOM
26-10-2023  INR 544.58  POS
11-05-2022  INR 12,096.87  FUEL
13-03-2022  INR 6,904.49  POS

Linked bank account (masked): 8317
IFSC of auto-debit account: HDFC0174615
Payment due date applies. This is not a savings account statement.

",729,edf4e2caad074dc2fc8c480dc1c678933479c4dc95c4acfde53b4f05092a52d6,GRP-09-41,hard,test,clean,False,False,True
DOC-0583,credit_card_statement_DOC-0583.pdf,pdf,Credit Card statement,"%PDF-1.4
% synthetic text-bearing stand-in
1 0 obj
<< /Title (Credit Card statement) >>
stream
Axis Bank — Credit Card Statement
Cardholder: Rahul Iyer
Card number: XXXX-XXXX-XXXX-1095
Statement date: 09-04-2025
Credit limit: INR 192,216.71
Available credit: INR 18,863.83
Minimum amount due: INR 3,027.85
Total amount due: INR 28,002.75
27-12-2023  INR 11,046.23  POS
23-09-2025  INR 15,687.19  FUEL
01-10-2024  INR 6,344.97  FUEL
20-06-2025  INR 8,821.53  ECOM
26-10-2022  INR 16,968.81  POS
13-01-2024  INR 5,702.76  ECOM
02-06-2022  INR 14,665.22  EMI
15-08-2023  INR 6,586.04  POS
Payment due date applies. This is not a savings account statement.

endstream
endobj
%%EOF
",679,585eb57b1b80e6d979cbacc35bc7deb970914a68d3c03c3805280a31bb217cc9,GRP-09-42,easy,train,clean,False,False,False
DOC-0584,credit_card_statement_DOC-0584.pptx,pptx,Credit Card statement,"# Slide 1: Credit Card statement

# Slide 2
Axis Bank — Credit Card Statement
Cardholder: Dev Khan
Card number: XXXX-XXXX-XXXX-2957
Statement date: 19-10-2025

# Slide 3
Credit limit: INR 300,043.22
Available credit: INR 88,287.47
Minimum amount due: INR 4,264.65
Total amount due: INR 8,891.20

# Slide 4
09-10-2024  INR 15,263.34  EMI
05-06-2025  INR 2,861.86  POS
17-01-2024  INR 17,070.66  FUEL
28-12-2023  INR 3,362.34  FUEL
",432,de115ba9fa6eaff30141659424ed48bae75432f4e47fa9ca634ff724d0c8e765,GRP-09-43,easy,train,clean,False,False,False
DOC-0585,credit_card_statement_DOC-0585.tiff,tiff,Credit Card statement,"SYNTHETIC-TIFF-IMAGE
# raster stand-in; OCR text follows
TITLE: Credit Card statement
HDFC Bank — Credit Card Statement
Cardholder: Arjun Menon
Card number: XXXX-XXXX-XXXX-6518
Statement date: 27-05-2025
Credit limit: INR 61,388.64
Available credit: INR 111,989.27
Minimum amount due: INR 2,556.83
Total amount due: INR 37,901.47
15-01-2025  INR 16,140.34  POS
10-09-2022  INR 4,788.66  EMI
26-09-2022  INR 4,095.61  EMI
05-04-2024  INR 13,252.38  ECOM
01-12-2022  INR 10,298.57  POS
11-03-2025  INR 14,020.30  EMI
08-02-2023  INR 13,368.00  EMI
17-06-2024  INR 16,241.97  FUEL

Linked bank account (masked): 2805
IFSC of auto-debit account: ICIC0358395
Payment due date applies. This is not a savings account statement.

",724,2164b4e0fccd224bd568a8cdc9c27e13ab7553a836d61d64aa5388a621e96409,GRP-09-00,hard,test,clean,True,False,False
DOC-0586,credit_card_statement_DOC-0586.tiff,tiff,Credit Card statement,"SYNTHETIC-TIFF-IMAGE
# raster stand-in; OCR text follows
TITLE: Credit Card statement
Kotak Mahindra Bank — Credit Card Statement
Cardholder: Meera Joshi
Card number: XXXX-XXXX-XXXX-9475
Statement date: 04-02-2025
Credit limit: INR 253,099.82
Available credit: INR 63,420.38
Minimum amount due: INR 2,575.75
Total amount due: INR 44,844.89
24-07-2022  INR 13,668.62  FUEL
21-03-2025  INR 16,366.95  FUEL
09-07-2023  INR 8,353.12  ECOM
13-01-2023  INR 14,342.80  ECOM
12-12-2022  INR 2,261.14  ECOM
13-10-2023  INR 13,052.29  FUEL
03-04-2024  INR 10,687.35  ECOM
17-04-2023  INR 6,820.82  POS

Linked bank account (masked): 7316
IFSC of auto-debit account: UTIB0808071
Payment due date applies. This is not a savings account statement.

",738,bf139886f9172e04197925c0320524c6f67e8923982a6ad6d7cfc4d37a92664b,GRP-09-01,hard,train,clean,True,False,False
DOC-0587,credit_card_statement_DOC-0587.xlsx,xlsx,Credit Card statement,"title,Credit Card statement
r0,ICICI Bank — Credit Card Statement
r1,Cardholder: Rahul Das
r2,Card number: XXXX-XXXX-XXXX-6227
r3,Statement date: 16-08-2025
r4,Credit limit: INR 384;040.88
r5,Available credit: INR 61;513.04
r6,Minimum amount due: INR 1;771.76
r7,Total amount due: INR 22;210.41
r8,21-06-2022  INR 16;579.73  ECOM
r9,24-07-2024  INR 13;744.70  POS
r10,12-05-2024  INR 14;219.57  EMI
r11,16-05-2023  INR 3;005.46  EMI
r12,08-04-2025  INR 10;170.04  POS
r13,18-09-2023  INR 9;868.39  FUEL
r14,16-11-2024  INR 223.57  ECOM
r15,21-03-2022  INR 15;030.15  FUEL
r17,Linked bank account (masked): 3266
r18,IFSC of auto-debit account: ICIC0275084
r19,Payment due date applies. This is not a savings account statement.
",728,241985a1a9f465df297b8063dcb400b6f203f2141d802c7bdbdf1e658c37141a,GRP-09-02,hard,validation,clean,True,False,False
DOC-0588,credit_card_statement_DOC-0588.pdf,pdf,Credit Card statement,"%PDF-1.4
% synthetic text-bearing stand-in
1 0 obj
<< /Title (Credit Card statement) >>
stream
Axis Bank —  Credit Card Statement
Cardholder: Arjun Nair 
Card number: XXXX-XXXX-XXXX-5622
S tatement date: 08-08-2025
Credit limit: INR 290,405.52
Availab le credit: INR 49,041.07
Minimum amount due: INR 2,119.06
Total am0unt due: INR 12,670.53
28-08-2024  INR 12,476.20  EMI
03-05-2025  INR 5,562.96  POS
15-05-2025  INR 1,674.69  FUEL
10-04-2022  INR 1,55 5.95  ECOM
20-03-2 025  INR 12,876.07  FUEL
01-09-2023  INR 16,221.58  EMI
07- 05-2023  INR 10,219.47  FUEL
01-11-2025  INR 3,497.41  ECOM
Pay men7 du3 date applies. Thi s  is n0t a savings account statement.

endstream
endobj
%%EOF
",690,923697928bcffd30c7297110ffcc7d9fb47ff0797fd97e2119bb46486026239e,GRP-09-03,medium,train,ocr,True,False,False
DOC-0589,credit_card_statement_DOC-0589.pdf,pdf,Credit Card statement,"%PDF-1.4
% synthetic text-bearing stand-in
1 0 obj
<< /Title (Credit Card statement) >>
stream
State Bank of India — Credit Card Statement
Cardholder: Dev Gupta
Card number: XXXX -XXXX-XXXX-8 385
Statement date: 25-08- 2 025
Credit limit: INR 351,730.78
Available credit: INR 42,613.36
Minimum amount due: INR 8,563.09
Total amount due: INR  26,394.37
17-08-2022  INR 4,317.38  EMI
22-02-2025  INR 577.49  FUEL
22-09-2023  INR 10,934.75  POS
20-02-2024  INR 7,92 6. 62  EMI
17-01-2024  INR 4,625.17  FUEL
11-08-2025  INR  16,874.76  EMI
03-02-2024  INR 12,484.35  POS
06-07-2023  INR 4,061.06  ECOM
P4yment due date ap plies . This i5 no t a saving5 a ccoun7 statement.

endstream
endobj
%%EOF
",696,5093ec27b926ebdcf74187568a9a81de8e00d6ca1dbd77d35eceb9253a945c98,GRP-09-04,medium,validation,ocr,True,False,False
DOC-0590,credit_card_statement_DOC-0590.docx,docx,Credit Card statement,"<?xml version='1.0' encoding='UTF-8'?>
<w:document>
<w:title>Credit Card statement</w:title>
<w:body>Kotak Mahindra Bank — Credit Card Statement
Cardholder: Ananya Das
Card number: XXXX-XXXX-XXXX-6851
</w:body>
</w:document>
",227,4eaa1fe687947feb96bc05313c54c23d04fc41aeee15013708aee1474af8678d,GRP-09-05,medium,train,sparse,True,False,False
DOC-0591,credit_card_statement_DOC-0591.pdf,pdf,Credit Card statement,"%PDF-1.4
% synthetic text-bearing stand-in
1 0 obj
<< /Title (Credit Card statement) >>
stream
HDFC Bank — Credit Card Statement
Cardholder: Dev Joshi
Card number: XXXX-XXXX-XXXX-3160
Statement date: 01-04-2025
Credit limit: INR 344,920.77
Available credit: INR 72,857.97
Minimum amount due: INR 3,498.43
Total amount due: INR 19,171.85
19-03-2025  INR 2,783.81  FUEL
15-02-2024  INR 13,034.63  ECOM
04-03-2024  INR 8,318.48  POS
12-02-2022  INR 13,202.38  POS
13-05-2022  INR 4,859.18  EMI
15-12-2025  INR 3,647.92  ECOM
07-05-2022  INR 15,511.55  FUEL
02-04-2023  INR 7,119.25  FUEL

Linked bank account (masked): 3740
IFSC of auto-debit account: SBIN0221021
Payment due date applies. This is not a savings account statement.

endstream
endobj
%%EOF
",754,31a388d98de87754a635e468e5aefff0fca8370090f2f481ace37a87666df2a4,GRP-09-06,hard,train,clean,True,False,False
DOC-0592,credit_card_statement_DOC-0592.jpg,jpg,Credit Card statement,"SYNTHETIC-JPG-IMAGE
# raster stand-in; OCR text follows
TITLE: Credit Card statement
State Bank of India — Credit Card Statement
Cardholder: Ananya Patel
Card number: XXXX-XXXX-XXXX-1754
Statement date: 18-07-2025
Credit limit: INR 249,677.42
Available credit: INR 69,179.88
Minimum amount due: INR 3,348.48
Total amount due: INR 38,234.71
06-04-2022  INR 7,083.44  ECOM
12-02-2024  INR 12,977.74  EMI
03-08-2025  INR 5,955.98  ECOM
27-08-2025  INR 13,612.47  EMI
16-09-2025  INR 8,432.52  EMI
09-09-2025  INR 4,525.01  FUEL
08-05-2025  INR 10,282.53  ECOM
15-09-2025  INR 6,200.53  EMI
Payment due date applies. This is not a savings account statement.

",657,54f73bbd094889361f47c255f8ee77a4ded02d5f566dd36ea2fe1007c0e6c2f0,GRP-09-07,easy,train,clean,True,False,False
DOC-0593,credit_card_statement_DOC-0593.pdf,pdf,Credit Card statement,"%PDF-1.4
% synthetic text-bearing stand-in
1 0 obj
<< /Title (Credit Card statement) >>
stream
Axis Bank — Credit Card Statement
Cardholder: Vikram Gupta
Card number: XXXX-XXXX-XXXX-8864
Statement date: 07-02-2025
Credit limit: INR 257,963.96
Available credit: INR 50,170.02
Minimum amount due: INR 3,509.13
To7al amount due: INR 38,908.61
17-04-2023  INR 4,676.45  POS
17-10-2025  INR 5,175.25  EMI
02-07-2024  INR 15,830.68  ECOM
27-03-2024  INR 7,049.06  ECOM
27-07-2025  INR 12,536.41  POS
11-02-2024  INR 11,838.72  EMI
23-04-2023  INR 7,324.86  ECOM
14-04-2022  INR 6,647.72  FUEL

Linked bank account (masked): 1532
IFSC of auto-debit account: HDFC0291623
Pa ymen t due date applies. This is not a savings accoun t statement.

[rescanned copy; low-resolution archive]

endstream
endobj
%%EOF
",801,41944735f9c7932da85077554c8be1552195760ef3b4c203e250cfe19e152da7,GRP-09-08,hard,train,ocr,False,True,False
DOC-0594,credit_card_statement_DOC-0594.pdf,pdf,Credit Card statement,"%PDF-1.4
% synthetic text-bearing stand-in
1 0 obj
<< /Title (Credit Card statement) >>
stream
ICIC I Bank — Credit Card Statement
Cardholde r: Anany4 Nair
Ca rd number: XXXX-XXXX-XXXX-7451
Statem ent da te: 03-09-2025
Cr3dit limit: INR 168,903.80
Available cre d it: INR 81,751.61
Minimum amount due: INR 2,978.86
Tot4l amount due: INR 6,505 .11
18-06-2024  INR 6,466.05  ECOM
27-07-2025  INR 14,388.04  EMI
16-04-2023  INR 17 , 5 85.93  EMI
06-01-2023   INR 16,452.33  ECOM
07-08-2023  I NR 8,214.93  ECOM
02-08-2024  INR 164.49  POS
24-08-2025  INR 9,031.97  POS
24-08-2024  INR 3,592.83  FUEL

Linked bank account (masked): 5279
IFSC of auto-debit acc0unt: UTIB0547904
Paym3nt due date 4pplie5. This is not a savin gs account statement .

[rescanned copy; low-resolution archive]

endstream
endobj
%%EOF
",810,a15df37fe0086208805802223b46a8accd7e08404610732c715ae097d592ea9c,GRP-09-09,hard,train,ocr,False,True,False
DOC-0595,credit_card_statement_DOC-0595.eml,eml,Credit Card statement,"From: records-noreply@synthetic.example
To: intake@lender.example
Subject: Credit Card statement
MIME-Version: 1.0
Content-Type: text/plain; charset=UTF-8

Stat e Bank of India  — Cre dit Card Statement
Cardho1d3r: Isha Pat el
Card number: XXXX-XXXX-XXXX-3363
Statement date: 02-10-2025
Credit limi7: INR 345 ,647.14
Ava i1able credit: INR 108,783.38
 Minimum amount due: INR 8,654.56
Tota1 am0unt du e: INR 31,108.70
04-11-2022  INR 2,305.44  FUEL
13-06-2024  INR 1,359.08  FUEL
21-09-2025  INR 10,849.00  ECOM
09-01-2024  INR 12, 255.46  ECOM
12-05-2023  INR  3,995.11  FUEL
02-06-2024  INR 14,908.07  ECOM 
03-07-2025  INR 9,657.23  POS
25-03-2023  INR 9,348.00   EM I
Payment due date applies. Thi5 is no7 a savin9s account 57atemen t.

[rescanned copy; low-resolution archive]

",785,3f8b6cbd27c53ce0268dd0467fce7cde290afa5710953bc1a908476c6178c1d1,GRP-09-10,medium,train,ocr,False,True,False
DOC-0596,credit_card_statement_DOC-0596.jpg,jpg,Credit Card statement,"SYNTHETIC-JPG-IMAGE
# raster stand-in; OCR text follows
TITLE: Credit Card statement
HDFC Bank — Credit Card Sta7ement
C ardholder: Arjun Iyer
Card number: XXXX-XXXX-XXXX-8386
Statement date: 03-04-2025
Credit limit: INR 279,854.99
Available credit: INR 1 02,758.32
Minimum amount due: INR 6,780.30
Total amount due: INR 44,894.60
24-02-2 023  INR 6,966.50   FUEL
04-04-2025  INR 13, 849.36  POS
17-09-2025  INR 16,013.91  POS
10-03-2023  INR 6,385.95  FUEL
25-11- 2022  INR 2,968.07  FUEL
19-02-2022  INR 17,878.06  EMI
03-07- 2025  INR 12,812.97  FUEL
01-05-2022  INR 15,574.58  FUEL
Payment due date applies. This is not a savings account  statement.

[rescanned copy; low-resolution archive]

",699,670838aa610333a9d2efc3ddf5c34601d03a1c50a4ac465281779d7a9ce3d971,GRP-09-11,medium,validation,ocr,False,True,False
DOC-0597,credit_card_statement_DOC-0597.jpg,jpg,Credit Card statement,"SYNTHETIC-JPG-IMAGE
# raster stand-in; OCR text follows
TITLE: Credit Card statement
ICICI B 4nk —  Credit  Card St atement
Cardholder:  Dev Joshi
Card nu mber:  XX XX-XXXX-XXXX-6062
Statemen t date: 06-10-2025
Credit l imit: INR 161,350.34
Available credit: INR 97,436.79
Minimum amount due: INR 3,328.69
Total amount due: INR 43,990.72
2 2-10-2022  INR 16,120.86  ECOM
01-09-2024  INR 14,869.86  POS
19-08-2025  INR 6,847.38  POS
18-08-2024  INR 3,089.41  POS
01 -05-2022  INR  10,130.69  FUEL
23-11-2023  INR 9,363.79  ECOM
12-03-2024  INR 10,769.48  EMI
01-03-2022   INR 9,915.07  EMI

 Linked bank accoun7 ( mask3d): 1164
IFSC of auto - debit account: HD FC0536528
Payment due  date applie5. This is not a savings account 57atement.

[rescanned copy; low-resolution archive]

",783,e84e9c442bc4a71a14f8ec6c603f665e0d81d79b004f94c560d9294ba90672fa,GRP-09-12,hard,test,ocr,False,True,False
DOC-0598,credit_card_statement_DOC-0598.pdf,pdf,Credit Card statement,"%PDF-1.4
% synthetic text-bearing stand-in
1 0 obj
<< /Title (Credit Card statement) >>
stream
HDFC Bank — Credit Card Statement
Cardholder: Isha Gupta
Card number: XXXX-XXXX-XXXX-2713
Stat3men7 date: 02-03-2025
Credit limit: INR 334,791.38
Available  credit: INR 13,339.42
Minimum amount due: INR 6,314.87
Total amount due: INR 41,335.77
13-10-2022  INR 1,325.32  FUEL
15-10-2025  INR 5 ,772.14  FUEL
21-05-2025  INR 12,111.41  POS
18-09-2024  IN R 9,489.71  ECOM
05-11-2023  INR 7,972.82  ECOM
0 6-06-2023  INR 17,040.69  ECOM
23-06-2025  INR 5,099.78  EMI
21-01-2024  INR 10,980.70  E MI
Payment due date applies. This is not a savings account statement.

[rescanned copy; low-resolution archive]

endstream
endobj
%%EOF
",726,361566ad87ff2e8a0e4c1bf1db5be22365f46221ace87ec887aa729732e8d5b3,GRP-09-13,medium,train,ocr,False,True,False
DOC-0599,credit_card_statement_DOC-0599.xlsx,xlsx,Credit Card statement,"title,Credit Card statement
r0,State  Bank  of India —  Credit C4rd Statement
r1,Cardholder: Fatima Iyer
r2,Card number: XXXX-XXXX-XXXX-3144
r3,S7atement date: 17- 09-2025
r4,Credit limit: INR 99;470.47
r5,Availab le credit: IN R 55;496.10
r6,Minimum amount due: INR 4;533.33
r7,Total amount due: INR 27;049.68
r8,17-03-2023  INR 2;991.44  ECOM
r9,20-02-2024  INR 12;257.37  EM I
r10,05-11-2025  INR 13;612.49  POS
r11,11-05-2024  INR 9;929.12  FUEL
r12,21-09-2024  INR 10;641.80  FUEL
r13,06- 07- 2024  INR 15;301.02  POS
r14,26-06 -2024  INR 7;454.70  FUEL
r15,24-08-2023  INR 1;120.39  POS
r16,Paymen7 due date app1ie5. This is no7 4 savings account sta7ement.
r18,[rescanned copy; low-resolution archive]
",711,bedd030abd63806826b87513dd1da78310243d0fde41f1b7a35362b95990a6df,GRP-09-14,medium,validation,ocr,False,True,False
DOC-0600,credit_card_statement_DOC-0600.pdf,pdf,Credit Card statement,"%PDF-1.4
% synthetic text-bearing stand-in
1 0 obj
<< /Title (Credit Card statement) >>
stream
Kotak Mahindra Ba nk — Credit Card Statement
Cardh0lder: Meera Joshi
Ca rd number: XXXX-XXXX-XXXX-7999
Sta7ement date: 24-08-2025
Credit limit: INR 379,644.84
Available credit: INR 114,140.32
Minimum amount due: INR 5,079.65
Tota1 amount due: INR  43,857.96
13-08-2025  INR 14, 829.47  ECOM
25-04-2023  INR 838.13  FUEL
24-08-2025  INR 11,178.33  FUEL
24-01-2022  INR 5,580.35  EMI
09-12-2025  INR 12,362.43  POS
27-01-2022  INR 17,907.98  ECOM
24- 08-2025  INR 5,042.34  POS
19-07-2025  INR 8,216.67  FUEL
Payment due date applies. This is not a savings account statement.

[rescanned copy; low-resolution archive]

endstream
endobj
%%EOF
",737,2ea44b86f5ee9e45a091fcc55fac71a32830b0803c7e6c0d2054fb0b86df9a3e,GRP-09-15,medium,test,ocr,False,True,False
DOC-0601,class_10_marksheet_DOC-0601.pdf,pdf,Class 10 Marksheet,"%PDF-1.4
% synthetic text-bearing stand-in
1 0 obj
<< /Title (Class 10 Marksheet) >>
stream
SECONDARY SCHOOL EXAMINATION (CLASS 1 0) MARKSHEET — CISCE (SYNTHETIC)
Student: Sn3ha N4ir
School: St. Martin's High School, Delhi
Roll no: 8 528015
Year of passing:  2018
English: 78/100
Mathematics: 84/100
Science: 81/100
Socia1 Science: 76/100
Hindi: 72/100
Result: PASS  Division: II
This certifies Class 10 performance  only .

endstream
endobj
%%EOF
",450,56c6cb19338cb7fb73094569f470e073b9a81cda13a044041d29d79d694a798f,GRP-10-00,medium,train,noisy,False,False,False
DOC-0602,class_10_marksheet_DOC-0602.pdf,pdf,Class 10 Marksheet,"%PDF-1.4
% synthetic text-bearing stand-in
1 0 obj
<< /Title (Class 10 Marksheet) >>
stream
SECONDARY SCHOOL EXAMINATION (CLASS 10)  MARKSHEET — CBSE (SYNTHETIC)
Studen t: Dev Gupta
School: S7. Martin's High Scho ol, Ahmedabad
Roll no: 7341625
Year of passing: 2018
English: 78/100
Mathema7ics: 84/100
Science: 81/100
Social Sc ience: 76/100
Hindi: 72/100
Result: PASS  Divi sion: II
This certifies Class 10 performance only.

endstream
endobj
%%EOF
",452,092daf8da8dea7086e3eecc725dd6d30af15c99da983dcdfe6a8d9e46f19b2ba,GRP-10-01,medium,test,ocr,False,False,False
DOC-0603,class_10_marksheet_DOC-0603.jpg,jpg,Class 10 Marksheet,"SYNTHETIC-JPG-IMAGE
# raster stand-in; OCR text follows
TITLE: Class 10 Marksheet
SECONDARY SCHOOL EXAMINATION (CLASS 10) MARKSHEET — State Board (SYNTHETIC)
Student: Vikram Gupta
School: Greenfield Public School, Delhi
Roll no: 8089578
Year of passing: 2018
English: 78/100
Mathematics: 84/100
Science: 81/100
Social Science: 76/100
Hindi: 72/100
Result: PASS  Division: I

School also offers Class 12. Candidate name appears on both rolls.
Subjects overlap: English, Mathematics, Science-related papers.
This certifies Class 10 performance only.

",551,7546c8b42d47ceb8dd03deb86e415a922860dbbbe221e92636bef1aacb022503,GRP-10-02,hard,train,clean,False,False,False
DOC-0604,class_10_marksheet_DOC-0604.jpg,jpg,Class 10 Marksheet,"SYNTHETIC-JPG-IMAGE
# raster stand-in; OCR text follows
TITLE: Class 10 Marksheet
SECONDARY SCHOOL EXAMINATION (CLASS 10) MA RKSHEET — CISCE (SYNTHETIC)
 Student: Sneh4 J oshi
School: Greenfield Public School, Delhi
Roll  no: 9905831
Year of passing: 2016
English: 78/100
Mathem atics:  84/100
Science: 81/100
Social Science: 76/100
Hindi: 72/100
Result: PASS  Division: I
This certifies Class 10 performance only.

",418,f831ebe3423966e355b4ab402cb7f6436d17c97448644d779e6d6070aeae18f6,GRP-10-03,medium,train,ocr,False,False,False
DOC-0605,class_10_marksheet_DOC-0605.pdf,pdf,Class 10 Marksheet,"%PDF-1.4
% synthetic text-bearing stand-in
1 0 obj
<< /Title (Class 10 Marksheet) >>
stream
SECONDARY SCHOOL EXAMINATION (CLASS 10) MARKSHEET — State Board (SYNTHETIC)
Student: Vikram Patel
School: Greenfield Public School, Ahmedabad
Roll no: 8728417
Year of passing: 2019
English: 78/100
Mathematics: 84/100
Science: 81/100
Social Science: 76/100
Hindi: 72/100
Result: PASS  Division: II
This certifies Class 10 performance only.

endstream
endobj
%%EOF
",457,0773012ad7db75b4b5b24f0f77072620694e8365469dd874feac1ce512f505ed,GRP-10-04,easy,test,clean,False,False,False
DOC-0606,class_10_marksheet_DOC-0606.eml,eml,Class 10 Marksheet,"From: records-noreply@synthetic.example
To: intake@lender.example
Subject: Class 10 Marksheet
MIME-Version: 1.0
Content-Type: text/plain; charset=UTF-8

SECONDARY SCHOOL EXAMINATION (CLASS 10) MARKSHEET — CISCE (SYNTHETIC)
Student: Rahul Nair
School: St. Martin's High School, Delhi

",286,f8859d9ef971641e876fe7a2779930c905478a4d0b62e974acc42bf1cf33c3f6,GRP-10-05,medium,validation,sparse,False,False,False
DOC-0607,class_10_marksheet_DOC-0607.tiff,tiff,Class 10 Marksheet,"SYNTHETIC-TIFF-IMAGE
# raster stand-in; OCR text follows
TITLE: Class 10 Marksheet
SECONDARY SCHOOL EXAMINATION (CLASS 10) MARKSHEET — Stat e Board (SYNTHETIC)
Student: Dev Menon
School: Lakeside Senior Secondary Schoo1, Hyderabad
Roll n0: 4914705
Ye4r of passing: 2016
English: 78/100
Mathematics: 84/100
Science: 81/100
So cial  Science: 76/100
Hindi: 72/100
Result: PASS  Divisio n: II
This certifies Class 10 performance  o nly.

",436,e93ada21111eaf9adc1def88ae2007e2b17d7a67a03187b300a2f53ff73f18c1,GRP-10-06,medium,test,ocr,False,False,False
DOC-0608,class_10_marksheet_DOC-0608.xlsx,xlsx,Class 10 Marksheet,"title,Class 10 Marksheet
r0,SECONDARY SCHOOL EXAMINATION (CLASS 10) MARKSHEET — State Board (SYNTHETIC)
r1,Student: Rahul Joshi
r2,School: Greenfield Public School; Delhi
r3,Roll no: 6129630
r4,Year of passing: 2021
r5,English: 78/100
r6,Mathematics: 84/100
r7,Science: 81/100
r8,Social Science: 76/100
r9,Hindi: 72/100
r10,Result: PASS  Division: II
r11,This certifies Class 10 performance only.
",399,6ad63fb1a665a901c4597bdcf870f6802146e97750978c384f8d4804b646b034,GRP-10-07,easy,train,clean,False,False,False
DOC-0609,class_10_marksheet_DOC-0609.pdf,pdf,Class 10 Marksheet,"%PDF-1.4
% synthetic text-bearing stand-in
1 0 obj
<< /Title (Class 10 Marksheet) >>
stream
SECONDARY SCHOOL EXAMINATION (CLASS 10) MARKSHEET — CISCE (SYNTHETIC)
Student: Dev Joshi
School: St. Martin's High School, Delhi

endstream
endobj
%%EOF
",247,b87f51a6fdbeaff886d3c5148f8d0e5b0d66a4ca9907e601fb47c74f7bbde8ee,GRP-10-08,medium,train,sparse,False,False,False
DOC-0610,class_10_marksheet_DOC-0610.pdf,pdf,Class 10 Marksheet,"%PDF-1.4
% synthetic text-bearing stand-in
1 0 obj
<< /Title (Class 10 Marksheet) >>
stream
SECONDARY SCHOOL EXAMI NATION (CLASS 10) MARKSHEET — State Board (SYNTHETIC)
Student: Kabir Nair
School: Vidya Niketan, Ahmedabad
Roll no: 8688761
Year of p assi ng: 20 20
English: 78/100
M4thematics: 84/100
Science: 81/100
Social Scienc3: 76/ 100
Hindi: 72/100
Result:  PASS  Division: I
This certifies Class 10 performance only.

endstream
endobj
%%EOF
",449,f07d4148e8811997f8276a31677098d752b7403c3ba8febb3f0cb30ac2e89ff0,GRP-10-09,medium,test,ocr,False,False,False
DOC-0611,class_10_marksheet_DOC-0611.pdf,pdf,Class 10 Marksheet,"%PDF-1.4
% synthetic text-bearing stand-in
1 0 obj
<< /Title (Class 10 Marksheet) >>
stream
SECONDARY SCHOOL EXAMINATION (CLASS 10) MARKSHEET — CISCE (SYNTHETIC)
Student: Rahul Das
School: St. Martin's High School, Mumbai
Roll no: 4764697
Year of passing: 2019
English: 78/100
Mathematics: 84/100
Science: 81/100
Social Science: 76/100
Hindi: 72/100
Result: PASS  Division: II

School also offers Class 12. Candidate name appears on both rolls.
Subjects overlap: English, Mathematics, Science-related papers.
This certifies Class 10 performance only.

endstream
endobj
%%EOF
",577,18f0f41b698a865852dcb784ae9df26d69fc6a2bc0c1eece56d49272e433d829,GRP-10-10,hard,train,clean,False,False,False
DOC-0612,class_10_marksheet_DOC-0612.jpg,jpg,Class 10 Marksheet,"SYNTHETIC-JPG-IMAGE
# raster stand-in; OCR text follows
TITLE: Class 10 Marksheet
SECONDARY SCHOOL EXAMINATION (CLASS 10) MARKSHEET — NIOS (SYNTHETIC)
Student: Sneha Sharma
School: St. Martin's High School, Delhi
Roll no: 8592206
Year of passing: 2016
English: 78/100
Mathematics: 84/100
Science: 81/100
Social Science: 76/100
Hindi: 72/100
Result: PASS  Division: I

School also offers Class 12. Candidate name appears on both rolls.
Subjects overlap: English, Mathematics, Science-related papers.
This certifies Class 10 performance only.

",544,ccccf3fab904f6001a0d6ec03abb8d1a0ee7e47757f48d9d47833883ff78a53b,GRP-10-11,hard,train,clean,False,False,False
DOC-0613,class_12_marksheet_0613.txt,txt,Class 10 Marksheet,"Class 10 Marksheet

SECONDARY SCHOOL EXAMINATION (CLASS 10) MARKSHEET — CISCE (SYNTHETIC)
Student: Sneha Joshi
School: St. Martin's High School, Kolkata

",156,b43356930b8f647132e0e4ea320feb1f155d24547f6ad56b3e106d91690bb08f,GRP-10-12,medium,train,sparse,False,False,True
DOC-0614,class_10_marksheet_DOC-0614.pdf,pdf,Class 10 Marksheet,"%PDF-1.4
% synthetic text-bearing stand-in
1 0 obj
<< /Title (Class 10 Marksheet) >>
stream
SECONDARY SCHOOL EXAMINATION (CLASS 10) MARKSHEET — CISCE (SYNTHETIC)
Student: Vikram Khan
School: Greenfield Public School, Delhi
Roll no: 9821680
Year of passing: 2020
English: 78/100
Mathematics: 84/100
Science: 81/100
Social Science: 76/100
Hindi: 72/100
Result: PASS  Division: I
This certifies Class 10 performance only.

endstream
endobj
%%EOF
",445,99803552d4d2b639ecedfa0e110f599046b78dca94f3f6147f0b046f22bd0b93,GRP-10-13,easy,train,clean,False,False,False
DOC-0615,class_10_marksheet_DOC-0615.pdf,pdf,Class 10 Marksheet,"%PDF-1.4
% synthetic text-bearing stand-in
1 0 obj
<< /Title (Class 10 Marksheet) >>
stream
SECONDARY SCHOOL EXAMINATION (CLASS 10) MARKSHEE T — State Board (SYNTHETIC)
Student:  Rahul Reddy
Sch0ol: Greenfield Public School, Bengaluru
Roll no: 4363163
Year of passing: 2019
English: 78/100
Ma7hematics: 84/100
Science: 81/100
 Social Science: 76/100
Hindi: 72/100
Result: PASS  Divis ion: II

School also offers Class 12. C4ndidate n ame appears on both rolls.
Subject5 ov3rlap: English, Mathematics, Science-related papers.
This c3rtifies Class 10 performance only.

endstream
endobj
%%EOF
",593,462f62548c8c1fd64eed907bfbc1dcf63c4e95bb6a201f1a339f1eea6a58fce5,GRP-10-14,hard,validation,ocr,False,False,False
DOC-0616,class_12_marksheet_0616.msg,msg,Class 10 Marksheet,"From: records-noreply@synthetic.example
To: intake@lender.example
Subject: Class 10 Marksheet
MIME-Version: 1.0
Content-Type: text/plain; charset=UTF-8

SECONDARY SCHOOL EXAMINATION (CLASS 10) MARKSHEET — CBSE (SYNTHETIC)
Student: Ananya Patel
School: St. Martin's High School, Ahmedabad
Roll no: 6770118
Year of passing: 2016
English: 78/100
Mathematics: 84/100
Science: 81/100
Social Science: 76/100
Hindi: 72/100
Result: PASS  Division: II
This certifies Class 10 performance only.

",488,05ecf2078403ea3d169a144fabd2acdbe81de0ab2ff79f95249b4ec856a0e968,GRP-10-15,easy,train,clean,False,False,True
DOC-0617,class_12_marksheet_0617.jpg,jpg,Class 10 Marksheet,"SYNTHETIC-JPG-IMAGE
# raster stand-in; OCR text follows
TITLE: Class 10 Marksheet
SECONDARY SCHOOL EXAMINATION (CLASS 10) MARKSHEET — NIOS (SYNTHETIC)
Student: Arjun Menon
School: Lakeside Senior Secondary School, Chennai
Roll no: 4148265
Year of passing: 2019
English: 78/100
Mathematics: 84/100
Science: 81/100
Social Science: 76/100
Hindi: 72/100
Result: PASS  Division: II
This certifies Class 10 performance only.

",422,297e1833057ca5f19edf8ea97666d7b6e90be4f54ee72331aba8be1119b70566,GRP-10-16,easy,train,clean,False,False,True
DOC-0618,class_10_marksheet_DOC-0618.pdf,pdf,Class 10 Marksheet,"%PDF-1.4
% synthetic text-bearing stand-in
1 0 obj
<< /Title (Class 10 Marksheet) >>
stream
SECONDA RY SCHOOL EXAMI NATION  (CLASS 10) MARKSHEET — Stat3 Bo4rd (SYNTHETIC)
Student: R4hul Reddy
Sch o ol: S7. M4rtin's High School, Mumbai
Roll no: 6954550
Year of passing: 2020
English: 78/100
Mathematics: 84/100
Scie nce: 81/100
Social Science: 76/100
Hindi: 72/100
Result: PASS  Division: I
This certifies Cla 5s 10 performance only.

endstream
endobj
%%EOF
",459,626ac49a00aad5c73d88b78904d60d8a1262576b071f0f80f27188567213adf7,GRP-10-17,medium,train,noisy,False,False,False
DOC-0619,class_10_marksheet_DOC-0619.jpg,jpg,Class 10 Marksheet,"SYNTHETIC-JPG-IMAGE
# raster stand-in; OCR text follows
TITLE: Class 10 Marksheet
SECONDARY SCHOOL EXAMINATION (CLASS 10) MARKSHEET — CBSE (SYNTHETIC)
Student: Arjun Reddy
School: Vidya Niketan, Delhi
Roll no: 2776799
Year of passing: 2017
English: 78/100
Mathematics: 84/100
Science: 81/100
Social Science: 76/100
Hindi: 72/100
Result: PASS  Division: II
This certifies Class 10 performance only.

",401,01e6600cde27baa74580e2f0a53894c312a61e367b6ac953dbd44b187fe9d29f,GRP-10-18,easy,train,clean,False,False,False
DOC-0620,class_10_marksheet_DOC-0620.pdf,pdf,Class 10 Marksheet,"%PDF-1.4
% synthetic text-bearing stand-in
1 0 obj
<< /Title (Class 10 Marksheet) >>
stream
SECONDARY SCHOOL EXAMINATION (CLASS 10) MARKSHEET — CBSE (SYNTHETIC)
Student: Fatima Patel
School: Vidya Niketan, Pune
Roll no: 4998396
Year of passing: 2020
English: 78/100
Mathematics: 84/100
Science: 81/100
Social Science: 76/100
Hindi: 72/100
Result: PASS  Division: II
This certifies Class 10 performance only.

endstream
endobj
%%EOF
",434,c04a2eb057f0922cbf2457461bbfccec73535d92b5a4b96ba6099b5d97d8dc17,GRP-10-19,easy,train,clean,False,False,False
DOC-0621,class_10_marksheet_DOC-0621.eml,eml,Class 10 Marksheet,"From: records-noreply@synthetic.example
To: intake@lender.example
Subject: Class 10 Marksheet
MIME-Version: 1.0
Content-Type: text/plain; charset=UTF-8

SECONDARY SCHOOL EXAMINATION (CLASS 10) MARKSHEET — NIOS (SYNTHETIC)
Student: Arjun Joshi
School: Lakeside Senior Secondary School, Pune
Roll no: 4283443
Year of passing: 2017
English: 78/100
Mathematics: 84/100
Science: 81/100
Social Science: 76/100
Hindi: 72/100
Result: PASS  Division: II
This certifies Class 10 performance only.

",490,becda109e0e6574beec5b3a50ae7b79203d0f838b775b1acb10c49725b38a652,GRP-10-20,easy,train,clean,False,False,False
DOC-0622,class_10_marksheet_DOC-0622.pptx,pptx,Class 10 Marksheet,"# Slide 1: Class 10 Marksheet

# Slide 2
SECONDARY SCHOOL EXAMINATION  (CLASS 10)  MARKSHEET — NIOS (SYNTHETIC)
S tudent: Fatima Khan
School: Lakesid3 Senior Secondary Sc hool, Bengaluru
Roll no: 1490109

# Slide 3
Year of p assing: 2018
English: 7 8/100
Mathematics: 84/100
Science: 81/100

# Slide 4
Social Scie nce: 76/100
Hindi: 72/100
Result: PASS  Division: II
Thi5 certifies C1ass 10 performance only.
",411,1996987f0938a7d774183eb1e36f3aefea96a23482fd7754ec2ec3ef10715bfa,GRP-10-21,medium,train,ocr,False,False,False
DOC-0623,class_10_marksheet_DOC-0623.docx,docx,Class 10 Marksheet,"<?xml version='1.0' encoding='UTF-8'?>
<w:document>
<w:title>Class 10 Marksheet</w:title>
<w:body>SECONDARY SCHOOL EXAMINATION (CLASS 10) MARKSHEET — CBSE (SYNTHETIC)
Student: Dev Nair
School: Vidya Niketan, Delhi
Roll no: 3690156
Year of passing: 2020
English: 78/100
Mathematics: 84/100
Science: 81/100
Social Science: 76/100
Hindi: 72/100
Result: PASS  Division: II

School also offers Class 12. Candidate name appears on both rolls.
Subjects overlap: English, Mathematics, Science-related papers.
This certifies Class 10 performance only.
</w:body>
</w:document>
",569,ddba629eb92f6c1f1260ca70f351c22f52ac4beef5faec1689e4597165c7c769,GRP-10-22,hard,validation,clean,False,False,False
DOC-0624,class_10_marksheet_DOC-0624.pdf,pdf,Class 10 Marksheet,"%PDF-1.4
% synthetic text-bearing stand-in
1 0 obj
<< /Title (Class 10 Marksheet) >>
stream
SECONDARY SCHOOL EXAMINATION  (CLASS 10) MARKSHEET — State Board (SYNTHETIC)
Student: Arjun Iyer
School: Lakeside  Senior Secondary School, Delhi
Roll no: 2602402
Year of pa ssing: 2017
English: 78/100
Mathematics: 84/100
Science: 81/100
Social Science: 76/100
Hindi: 72/100
Result: PASS  Division: II
This certifies Class 10 perform4nce only. 

endstream
endobj
%%EOF
",463,e6d9a213f6cf7bcbefcd7be98756b3dc608374da7fc54e65ca7de86146ecc820,GRP-10-23,medium,train,ocr,False,False,False
DOC-0625,class_10_marksheet_DOC-0625.xlsx,xlsx,Class 10 Marksheet,"title,Class 10 Marksheet
r0,SECONDARY SCHOOL EXAMINATION (CLASS 10) MARKSHEET — CBSE (SYNTHETIC)
r1,Student: Meera Gupta
r2,School: St. Martin's High School; Pune
r3,Roll no: 5113575
r4,Year of passing: 2021
r5,English: 78/100
r6,Mathematics: 84/100
r7,Science: 81/100
r8,Social Science: 76/100
r9,Hindi: 72/100
r10,Result: PASS  Division: II
r12,School also offers Class 12. Candidate name appears on both rolls.
r13,Subjects overlap: English; Mathematics; Science-related papers.
r14,This certifies Class 10 performance only.
",530,9877fa974cac9982e9f6253a7d1e0b53869c2f0a8d1568b21776ccb054ba99d1,GRP-10-24,hard,validation,clean,False,False,False
DOC-0626,class_10_marksheet_DOC-0626.pdf,pdf,Class 10 Marksheet,"%PDF-1.4
% synthetic text-bearing stand-in
1 0 obj
<< /Title (Class 10 Marksheet) >>
stream
SECONDARY SCHOOL EXAMINATION (CLASS 10) MARKSHEET — NIOS (SYNTHETIC)
Studen 7: Rahul Reddy 
Scho0l: Lakeside  Senio r Sec0ndary School, Delhi
Roll no: 7961510
Year of passing: 2017
English: 78/100
Math3matics: 84/100
Science: 81/100
Social Science: 76/100
Hindi: 72/100
Resul7: PASS  Division: I
This certifies C lass 10 performance only .

endstream
endobj
%%EOF
",458,bc804119f08ef4ce21b2e10485c6cbd6afc08b62cd35fdba0fc77086ab38f873,GRP-10-25,medium,train,noisy,False,False,False
DOC-0627,class_12_marksheet_0627.pdf,pdf,Class 10 Marksheet,"%PDF-1.4
% synthetic text-bearing stand-in
1 0 obj
<< /Title (Class 10 Marksheet) >>
stream
SECONDARY SCHOOL EXAMINATION (CLASS 10) MARKSHEET — State Board (SYNTHETIC)
Student: Isha Das
School: St. Martin's High School, Chennai

endstream
endobj
%%EOF
",254,096ab39d198e71d04bc4e346d48dde6ae7bbfac777a9374ff559e644de620f87,GRP-10-26,hard,train,sparse,False,False,True
DOC-0628,class_10_marksheet_DOC-0628.jpg,jpg,Class 10 Marksheet,"SYNTHETIC-JPG-IMAGE
# raster stand-in; OCR text follows
TITLE: Class 10 Marksheet
SECONDARY SCHOOL EXAMINATION (CLASS 10) MARKSHEET — NIOS (SYNTHETIC)
Student: Dev Reddy
School: Greenfield Public School, Bengaluru
Roll no: 6550700
Year of passing: 2018
English: 78/100
Mathematics: 84/100
Science: 81/100
Social Science: 76/100
Hindi: 72/100
Result: PASS  Division: II

School also offers Class 12. Candidate name appears on both rolls.
Subjects overlap: English, Mathematics, Science-related papers.
This certifies Class 10 performance only.

",546,f1afc4448ef429e06c6d4deaa8e59968f49315fe378b85283054e2b1cec89d06,GRP-10-27,hard,train,clean,False,False,False
DOC-0629,class_12_marksheet_0629.pdf,pdf,Class 10 Marksheet,"%PDF-1.4
% synthetic text-bearing stand-in
1 0 obj
<< /Title (Class 10 Marksheet) >>
stream
SECONDARY SCHOOL EXAMINATION (CLASS 10) MARKSHEET — CISCE (SYNTHETIC)
Student: Fatima Gupta
School: Vidya Niketan, Hyderaba d
Rol1 no: 8048191
Year of passing: 2020
English: 78/100
Ma thematics: 84/100
Sci3nce: 81/100
Social Science: 76/100
Hindi: 72/100
R3sult: PASS  Divi5ion: II
This certifies Cl4ss 10 performance only.

endstream
endobj
%%EOF
",442,86e47784a7475e9d3a7ca68be3713fd081fab491672e2ab4cf207aa34764eb16,GRP-10-28,medium,train,noisy,False,False,True
DOC-0630,class_12_marksheet_0630.jpg,jpg,Class 10 Marksheet,"SYNTHETIC-JPG-IMAGE
# raster stand-in; OCR text follows
TITLE: Class 10 Marksheet
SECONDARY SCHOOL EXAMINATION (CLASS 10) MARKSHEET — CISCE (SYNTHETIC)
Student: Fatima Patel
School: Greenfield Public School, Ahmedabad
Roll no: 4117869
Year of passing: 2020
English: 78/100
Mathematics: 84/100
Science: 81/100
Social Science: 76/100
Hindi: 72/100
Result: PASS  Division: I
This certifies Class 10 performance only.

",417,f053e3592731ecde7f423ec41dc3c88f56d3c152cf6732a2fc78d21b4ee90e5c,GRP-10-29,easy,validation,clean,False,False,True
DOC-0631,class_10_marksheet_DOC-0631.pdf,pdf,Class 10 Marksheet,"%PDF-1.4
% synthetic text-bearing stand-in
1 0 obj
<< /Title (Class 10 Marksheet) >>
stream
SECONDARY SCHOOL EXAMINATION (CLASS 10) MARKSHEET — CBSE (SYNTHETIC)
Student: Isha Nair
School: Greenfield Public School, Hyderabad
Roll no: 3177611
Year of passing: 2019
English: 78/100
Mathematics: 84/100
Science: 81/100
Social Science: 76/100
Hindi: 72/100
Result: PASS  Division: II
This certifies Class 10 performance only.

endstream
endobj
%%EOF
",447,1f951729ebb9b8e17f3753c6a4a850194f7ae4123dae193661397e7bf3e30a27,GRP-10-30,easy,train,clean,False,False,False
DOC-0632,class_10_marksheet_DOC-0632.pdf,pdf,Class 10 Marksheet,"%PDF-1.4
% synthetic text-bearing stand-in
1 0 obj
<< /Title (Class 10 Marksheet) >>
stream
SECONDARY  SCHOOL EXA MINATION (CLASS 10) MARKSHEET  — CBSE  (SYNTHETIC)
Studen7:  Vikram Das
School: Vidya Niketan, Delhi
R0l1 n0: 2 655556
Ye4r of passing: 2017
English: 78/100
Mathematics: 84/100
S ci3nce: 81/100
Social Science: 76/100
Hi ndi: 72/100
Resul7: PASS  Division: I

School 4lso offers Cla ss 12 . Candidate  name appears on both rolls.
Subjects overlap: English, Mathematics,  Science-related pape rs.
This certifies Clas s 10 perf0rm ance  only.

endstream
endobj
%%EOF
",580,fa3126b867463cca6c1b222cc3913351d3c903c4a44d1d75650142465c41935a,GRP-10-31,hard,validation,noisy,False,False,False
DOC-0633,class_10_marksheet_DOC-0633.pdf,pdf,Class 10 Marksheet,"%PDF-1.4
% synthetic text-bearing stand-in
1 0 obj
<< /Title (Class 10 Marksheet) >>
stream
SECONDARY SCHOOL EXAMINATION (CLASS 10) MARKSHEET — NIOS (SYNTHETIC)
Student: Kabir Khan
School: Vidya Niketan, Hyderabad
Roll no: 6712799
Year of passing: 2018
English: 78/100
Mathematics: 84/100
Science: 81/100
Social Science: 76/100
Hindi: 72/100
Result: PASS  Division: II
This certifies Class 10 performance only.

endstream
endobj
%%EOF
",437,50ffddd38f23295f55d61bb80321226c6765e7eff749255853f3e5fc865b1900,GRP-10-32,easy,train,clean,False,False,False
DOC-0634,class_10_marksheet_DOC-0634.pptx,pptx,Class 10 Marksheet,"# Slide 1: Class 10 Marksheet

# Slide 2
SECONDARY SCHOOL EXAMINATION (CLASS 10) MARKSHEET — NIOS (SYNTHETIC)
Student: Dev Reddy
School: St. Martin's High School, Bengaluru
Roll no: 7020954

# Slide 3
Year of passing: 2020
English: 78/100
Mathematics: 84/100
Science: 81/100

# Slide 4
Social Science: 76/100
Hindi: 72/100
Result: PASS  Division: II
This certifies Class 10 performance only.
",394,04369464fce6c62f5b8d7fbc84688f6ce224ab7230495f8636d174f1fd7ea353,GRP-10-33,easy,train,clean,False,False,False
DOC-0635,class_12_marksheet_0635.msg,msg,Class 10 Marksheet,"From: records-noreply@synthetic.example
To: intake@lender.example
Subject: Class 10 Marksheet
MIME-Version: 1.0
Content-Type: text/plain; charset=UTF-8

SECONDARY SCHOOL EXAMINATION (CLASS 10) MARKSHEET — CBSE (SYNTHETIC)
Student: Vikram Patel
School: Vidya Niketan, Kolkata
Roll no: 7624550
Year of passing: 2018
English: 78/100
Mathematics: 84/100
Science: 81/100
Social Science: 76/100
Hindi: 72/100
Result: PASS  Division: I
This certifies Class 10 performance only.

",474,7d676dcdef11cf800ad9cf9317540ae381436b8b258e3da60735ffb1c09f166c,GRP-10-34,easy,train,clean,False,False,True
DOC-0636,class_10_marksheet_DOC-0636.docx,docx,Class 10 Marksheet,"<?xml version='1.0' encoding='UTF-8'?>
<w:document>
<w:title>Class 10 Marksheet</w:title>
<w:body>SECONDARY SCHOOL EXAMINATION (CLASS 10) MARKSHEET — State Board (SYNTHETIC)
Student: Arjun Joshi
School: Greenfield Public School, Hyderabad
Roll no: 5971408
Year of passing: 2016
English: 78/100
Mathematics: 84/100
Science: 81/100
Social Science: 76/100
Hindi: 72/100
Result: PASS  Division: II
This certifies Class 10 performance only.
</w:body>
</w:document>
",462,ffa58866b7882fa294188c10357aa71338500284c8e12151077e2537c3c0c1a8,GRP-10-35,easy,validation,clean,False,False,False
DOC-0637,class_10_marksheet_DOC-0637.docx,docx,Class 10 Marksheet,"<?xml version='1.0' encoding='UTF-8'?>
<w:document>
<w:title>Class 10 Marksheet</w:title>
<w:body>SECONDARY SCHOOL EXAMINATION (CLASS 10) MARKSHEET — CBSE (SYNTHETIC)
Student: Rahul Reddy
School: Lakeside Senior Secondary School, Mumbai
</w:body>
</w:document>
",263,5ee42fbe3380f9492e90d4a8dcbad02761ca0100e8f36214fb121d07b7791130,GRP-10-36,medium,train,sparse,False,False,False
DOC-0638,class_10_marksheet_DOC-0638.docx,docx,Class 10 Marksheet,"<?xml version='1.0' encoding='UTF-8'?>
<w:document>
<w:title>Class 10 Marksheet</w:title>
<w:body>SECONDARY SCHOOL EXAMINATION (CLASS 10) MARKSHEET — CISCE (SYNTHETIC)
Student: Vikram Nair
School: Greenfield Public School, Ahmedabad
Roll no: 9310607
Year of passing: 2019
English: 78/100
Mathematics: 84/100
Science: 81/100
Social Science: 76/100
Hindi: 72/100
Result: PASS  Division: II
This certifies Class 10 performance only.
</w:body>
</w:document>
",456,83177daf5a8e61a1e1147baefbb83f29f5e5daa8239ac8a972c1a2238d34c96a,GRP-10-37,easy,train,clean,False,False,False
DOC-0639,class_10_marksheet_DOC-0639.pdf,pdf,Class 10 Marksheet,"%PDF-1.4
% synthetic text-bearing stand-in
1 0 obj
<< /Title (Class 10 Marksheet) >>
stream
SECONDARY SCHOOL EXAMINATION (CLASS 10) MARKSHEET — CBSE (SYNTHETIC)
Student: Meera Iyer
School: Vidya Niketan, Delhi
Roll no: 4891868
Year of passing: 2018
English: 78/100
Mathematics: 84/100
Science: 81/100
Social Science: 76/100
Hindi: 72/100
Result: PASS  Division: II
This certifies Class 10 performance only.

endstream
endobj
%%EOF
",433,6674003df8b66a3e373ba9224a4aab1a34f31cd72dce1e40f67f1b83ec38b2ba,GRP-10-38,easy,train,clean,False,False,False
DOC-0640,class_10_marksheet_DOC-0640.docx,docx,Class 10 Marksheet,"<?xml version='1.0' encoding='UTF-8'?>
<w:document>
<w:title>Class 10 Marksheet</w:title>
<w:body>SECONDARY SCHOOL EXAMINATION (CLASS 10) MARKSHEET — State Board (SYNTHETIC)
Student: Dev Das
School: St. Martin's High School, Ahmedabad
</w:body>
</w:document>
",261,dfc41796a1da9a64b3afc877d3d8359e211b6b6d2260d6c3adc36b63061b4121,GRP-10-39,hard,train,sparse,False,False,False
DOC-0641,class_12_marksheet_0641.pdf,pdf,Class 10 Marksheet,"%PDF-1.4
% synthetic text-bearing stand-in
1 0 obj
<< /Title (Class 10 Marksheet) >>
stream
SECONDARY SCHOOL EXAMINATION (CLASS 10) MARKSHEET — NIOS (SYNTHET IC)
Student: Sneha Iyer
School: St. Martin's High School, Hyderabad
Roll no: 2407107
Year of passing: 2020
En glish: 78/100
Mathematics: 84/100
Sci3nce: 81/100
Social Science: 76/100
Hind i: 72/100
Result: PASS  Division: II
This certifies Class 10 performance only.

endstream
endobj
%%EOF
",451,bf7f3678a6f610430ba6ea15dc6b2270bd6757962294d22e84a693eabd9aea2a,GRP-10-40,medium,train,ocr,False,False,True
DOC-0642,class_10_marksheet_DOC-0642.pdf,pdf,Class 10 Marksheet,"%PDF-1.4
% synthetic text-bearing stand-in
1 0 obj
<< /Title (Class 10 Marksheet) >>
stream
SECONDARY SCHOOL EXAMINATION (CLASS 10) MARKSHEET — NIOS (SYNTHETIC)
Student: Dev Menon
School: Lakeside Senior Secondary School, Mumbai
Roll no: 1172931
Year of passing: 2021
English: 78/100
Mathematics: 84/100
Science: 81/100
Social Science: 76/100
Hindi: 72/100
Result: PASS  Division: II

School also offers Class 12. Candidate name appears on both rolls.
Subjects overlap: English, Mathematics, Science-related papers.
This certifies Class 10 performance only.

endstream
endobj
%%EOF
",584,8cf584ec35c9e7114d50a5433f20efe403cd7a5e12c8b1c431fd0abd2da02ffb,GRP-10-41,hard,train,clean,False,False,False
DOC-0643,class_10_marksheet_DOC-0643.pdf,pdf,Class 10 Marksheet,"%PDF-1.4
% synthetic text-bearing stand-in
1 0 obj
<< /Title (Class 10 Marksheet) >>
stream
SECONDARY SCHOOL EXAMINATION (CLASS 10) MARKSHEET — Sta7e B o4rd (SYNTHETIC)
Student: Meera Iy er
School: Gre enfie1d Pu b1ic Schoo1, Ahmedabad
Roll no: 4934768
Year of passing: 2019
En9lish: 78/100
Mathematics: 84/100
Science: 81/100
Social Scienc e:  7 6/100
Hindi: 72/100
Res ult: PASS  Division: I
This certifies Clas5 10 p3rformance only.

endstream
endobj
%%EOF
",462,a1eacdee48868da941abfd42b83deed8fe1cf42eea090f9d3a424ee1a514c46f,GRP-10-42,medium,test,noisy,False,False,False
DOC-0644,class_10_marksheet_DOC-0644.pdf,pdf,Class 10 Marksheet,"%PDF-1.4
% synthetic text-bearing stand-in
1 0 obj
<< /Title (Class 10 Marksheet) >>
stream
SECONDARY SCHOOL EXAMINATION (CLASS 10) MARKSHEET — State Board (SYNTHETIC)
Student: Meera Gupta
School: St. Martin's High School, Hyderabad
Roll no: 8214565
Year of passing: 2016
English: 78/100
Mathematics: 84/100
Science: 81/100
Social Science: 76/100
Hindi: 72/100
Result: PASS  Division: II

School also offers Class 12. Candidate name appears on both rolls.
Subjects overlap: English, Mathematics, Science-related papers.
This certifies Class 10 performance only.

endstream
endobj
%%EOF
",588,d15749f72a8072721a4b55aa02f39c8cb537e2b3f3a33756578c915b20928a5b,GRP-10-43,hard,train,clean,False,False,False
DOC-0645,class_10_marksheet_DOC-0645.pdf,pdf,Class 10 Marksheet,"%PDF-1.4
% synthetic text-bearing stand-in
1 0 obj
<< /Title (Class 10 Marksheet) >>
stream
SECONDARY SCHOOL EXAMINATION (CLASS 1 0) MARKSHEET — CISCE (SYNTHETIC)
Student: Sn3ha N4ir
School: St. Martin's High School, Delhi
Roll no: 8 528015
Year of passing:  2018
English: 78/100
Mathematics: 84/100
Science: 81/100
Socia1 Science: 76/100
Hindi: 72/100
Result: PASS  Division: II
This certifies Class 10 performance  only .

endstream
endobj
%%EOF
",450,56c6cb19338cb7fb73094569f470e073b9a81cda13a044041d29d79d694a798f,GRP-10-00,medium,train,noisy,True,False,False
DOC-0646,class_10_marksheet_DOC-0646.pdf,pdf,Class 10 Marksheet,"%PDF-1.4
% synthetic text-bearing stand-in
1 0 obj
<< /Title (Class 10 Marksheet) >>
stream
SECONDARY SCHOOL EXAMINATION (CLASS 10)  MARKSHEET — CBSE (SYNTHETIC)
Studen t: Dev Gupta
School: S7. Martin's High Scho ol, Ahmedabad
Roll no: 7341625
Year of passing: 2018
English: 78/100
Mathema7ics: 84/100
Science: 81/100
Social Sc ience: 76/100
Hindi: 72/100
Result: PASS  Divi sion: II
This certifies Class 10 performance only.

endstream
endobj
%%EOF
",452,092daf8da8dea7086e3eecc725dd6d30af15c99da983dcdfe6a8d9e46f19b2ba,GRP-10-01,medium,test,ocr,True,False,False
DOC-0647,class_10_marksheet_DOC-0647.jpg,jpg,Class 10 Marksheet,"SYNTHETIC-JPG-IMAGE
# raster stand-in; OCR text follows
TITLE: Class 10 Marksheet
SECONDARY SCHOOL EXAMINATION (CLASS 10) MARKSHEET — State Board (SYNTHETIC)
Student: Vikram Gupta
School: Greenfield Public School, Delhi
Roll no: 8089578
Year of passing: 2018
English: 78/100
Mathematics: 84/100
Science: 81/100
Social Science: 76/100
Hindi: 72/100
Result: PASS  Division: I

School also offers Class 12. Candidate name appears on both rolls.
Subjects overlap: English, Mathematics, Science-related papers.
This certifies Class 10 performance only.

",551,7546c8b42d47ceb8dd03deb86e415a922860dbbbe221e92636bef1aacb022503,GRP-10-02,hard,train,clean,True,False,False
DOC-0648,class_10_marksheet_DOC-0648.jpg,jpg,Class 10 Marksheet,"SYNTHETIC-JPG-IMAGE
# raster stand-in; OCR text follows
TITLE: Class 10 Marksheet
SECONDARY SCHOOL EXAMINATION (CLASS 10) MA RKSHEET — CISCE (SYNTHETIC)
 Student: Sneh4 J oshi
School: Greenfield Public School, Delhi
Roll  no: 9905831
Year of passing: 2016
English: 78/100
Mathem atics:  84/100
Science: 81/100
Social Science: 76/100
Hindi: 72/100
Result: PASS  Division: I
This certifies Class 10 performance only.

",418,f831ebe3423966e355b4ab402cb7f6436d17c97448644d779e6d6070aeae18f6,GRP-10-03,medium,train,ocr,True,False,False
DOC-0649,class_10_marksheet_DOC-0649.pdf,pdf,Class 10 Marksheet,"%PDF-1.4
% synthetic text-bearing stand-in
1 0 obj
<< /Title (Class 10 Marksheet) >>
stream
SECONDARY SCHOOL EXAMINATION (CLASS 10) MARKSHEET — State Board (SYNTHETIC)
Student: Vikram Patel
School: Greenfield Public School, Ahmedabad
Roll no: 8728417
Year of passing: 2019
English: 78/100
Mathematics: 84/100
Science: 81/100
Social Science: 76/100
Hindi: 72/100
Result: PASS  Division: II
This certifies Class 10 performance only.

endstream
endobj
%%EOF
",457,0773012ad7db75b4b5b24f0f77072620694e8365469dd874feac1ce512f505ed,GRP-10-04,easy,test,clean,True,False,False
DOC-0650,class_10_marksheet_DOC-0650.eml,eml,Class 10 Marksheet,"From: records-noreply@synthetic.example
To: intake@lender.example
Subject: Class 10 Marksheet
MIME-Version: 1.0
Content-Type: text/plain; charset=UTF-8

SECONDARY SCHOOL EXAMINATION (CLASS 10) MARKSHEET — CISCE (SYNTHETIC)
Student: Rahul Nair
School: St. Martin's High School, Delhi

",286,f8859d9ef971641e876fe7a2779930c905478a4d0b62e974acc42bf1cf33c3f6,GRP-10-05,medium,validation,sparse,True,False,False
DOC-0651,class_10_marksheet_DOC-0651.tiff,tiff,Class 10 Marksheet,"SYNTHETIC-TIFF-IMAGE
# raster stand-in; OCR text follows
TITLE: Class 10 Marksheet
SECONDARY SCHOOL EXAMINATION (CLASS 10) MARKSHEET — Stat e Board (SYNTHETIC)
Student: Dev Menon
School: Lakeside Senior Secondary Schoo1, Hyderabad
Roll n0: 4914705
Ye4r of passing: 2016
English: 78/100
Mathematics: 84/100
Science: 81/100
So cial  Science: 76/100
Hindi: 72/100
Result: PASS  Divisio n: II
This certifies Class 10 performance  o nly.

",436,e93ada21111eaf9adc1def88ae2007e2b17d7a67a03187b300a2f53ff73f18c1,GRP-10-06,medium,test,ocr,True,False,False
DOC-0652,class_10_marksheet_DOC-0652.xlsx,xlsx,Class 10 Marksheet,"title,Class 10 Marksheet
r0,SECONDARY SCHOOL EXAMINATION (CLASS 10) MARKSHEET — State Board (SYNTHETIC)
r1,Student: Rahul Joshi
r2,School: Greenfield Public School; Delhi
r3,Roll no: 6129630
r4,Year of passing: 2021
r5,English: 78/100
r6,Mathematics: 84/100
r7,Science: 81/100
r8,Social Science: 76/100
r9,Hindi: 72/100
r10,Result: PASS  Division: II
r11,This certifies Class 10 performance only.
",399,6ad63fb1a665a901c4597bdcf870f6802146e97750978c384f8d4804b646b034,GRP-10-07,easy,train,clean,True,False,False
DOC-0653,class_10_marksheet_DOC-0653.pdf,pdf,Class 10 Marksheet,"%PDF-1.4
% synthetic text-bearing stand-in
1 0 obj
<< /Title (Class 10 Marksheet) >>
stream
SECONDARY SCHOOL EXAMINATION (CLASS 10) MARKSHEET — CISCE (SYNTHETIC)
Student: Dev Joshi
School: S t. Martin's High School, Delhi

[rescanned copy; low-resolution archive]

endstream
endobj
%%EOF
",290,a8cc05d62916242dd13f50b2487d2dfcd3b130f512080e3c3506932d5ff16ee6,GRP-10-08,medium,train,ocr,False,True,False
DOC-0654,class_10_marksheet_DOC-0654.pdf,pdf,Class 10 Marksheet,"%PDF-1.4
% synthetic text-bearing stand-in
1 0 obj
<< /Title (Class 10 Marksheet) >>
stream
SECONDARY SCHOOL EXAMI NATION (CLASS 10) MARKSHEET — State Board (SYNTHETIC)
Student: Kabir Nair
School: Vidy4 Niketan, Ahmedab4d
Roll no: 8688761
Year of p a55i n g: 20 20
English: 78/100
M4thematics: 84/100
Science: 81/100
Social Scienc3: 76/ 100
Hindi: 72/100
Re5ult:  PASS  Division: I
This certifies Clas s 10 performanc3 on1y.

[rescanned copy; low-resolution archive]

endstream
endobj
%%EOF
",493,af7030724dae235ff1f56b20d9a2f09f50ef49ab22865a923ca2d766931b2858,GRP-10-09,medium,test,ocr,False,True,False
DOC-0655,class_10_marksheet_DOC-0655.pdf,pdf,Class 10 Marksheet,"%PDF-1.4
% synthetic text-bearing stand-in
1 0 obj
<< /Title (Class 10 Marksheet) >>
stream
SECONDARY SCHOOL EXAMINATION (CLASS 10) MARKSHEET — CISCE (SYNTHETIC)
Studen7: Rahul Das
School: St. Martin's High School, Mumbai
Roll no: 4764697
Year of passing: 2019 
English: 78/100
Mathematics: 84/100
Science: 81/100
Social  Science: 76/100
Hindi: 72/100
Result: PASS  Division: II

School also offers Cla5s 12. Candidate name appears on both rolls.
Subjects overlap: English, Mathematics, Science-related papers.
This c3rtifies Class 10 performance only.

[rescanned copy; low-resolution archive]

endstream
endobj
%%EOF
",621,02b15a03fda7954ec61552742d12bde8a066979d8f5e5f1f8aff73fe636643e5,GRP-10-10,hard,train,ocr,False,True,False
DOC-0656,class_10_marksheet_DOC-0656.jpg,jpg,Class 10 Marksheet,"SYNTHETIC-JPG-IMAGE
# raster stand-in; OCR text follows
TITLE: Class 10 Marksheet
SECONDARY SCHOOL EXAMINATION (CLASS 10) MARKSHEET — NIOS (SYNTHETIC)
Student: Sneha Shar ma
Scho0l: St . Martin's High School, Delhi
Roll no: 8592206
Year of passing: 2016
English: 78/100
Mathematics: 84/100
Scienc3: 81/100
Social Science: 76/100
Hindi: 72/100
Result: PASS  Division: I

School also offers Class 12. Candidate name appears on both rolls.
Subjects overlap: English, Math ematics, Sci3nce-related papers.
Thi5 certifies Class 10 perform4nce 0nly.

[rescanned copy; low-resolution archive]

",589,cf06f3fb8039855e3e0b859f97ba11068b1b8b9a0d5eeba44ed85565200443cd,GRP-10-11,hard,train,ocr,False,True,False
DOC-0657,class_10_marksheet_DOC-0657.txt,txt,Class 10 Marksheet,"Class 10 Marksheet

SECONDARY SCHOOL EXAMINATION (CLASS 10) MARKSHEET — CISCE (SYNTHETIC)
Student: Sneha Joshi
School: St. Martin's High School, Kolkata

[rescanned copy; low-resolution archive]

",198,265d6b6b179f28b1c14d289fcebdac8486230fc844d7876dba27c9c67aa9171a,GRP-10-12,medium,train,ocr,False,True,False
DOC-0658,class_10_marksheet_DOC-0658.pdf,pdf,Class 10 Marksheet,"%PDF-1.4
% synthetic text-bearing stand-in
1 0 obj
<< /Title (Class 10 Marksheet) >>
stream
SECONDARY SCHOOL EXAMINATION  (CLASS 10) MARKSHEET — CISCE (SYNTHETIC)
Student: Vikram Khan
Scho0l: Greenfield Public Scho0l, Delhi
Roll no: 9821680
Year of passing: 2020
English: 78/100
Mathemat ics: 84/100
Science: 81/100
Social Science: 76/100
Hi ndi: 72/100
Result: PASS  Division: I
This certifie5 Class 10 performance only.

[rescanned copy; low-resolution archive]

endstream
endobj
%%EOF
",490,519a7bbb1689457fb2901797a78337e0cf504dfd900e8e201d4fddc0ad2ec93b,GRP-10-13,medium,train,ocr,False,True,False
DOC-0659,class_10_marksheet_DOC-0659.pdf,pdf,Class 10 Marksheet,"%PDF-1.4
% synthetic text-bearing stand-in
1 0 obj
<< /Title (Class 10 Marksheet) >>
stream
SECONDARY SCHOOL EXAMINATION (CLASS 10) MARKSHEE T — State Board (SYNTHETIC)
Student:  Rahul Reddy
Sch0ol: Greenfield Public Schoo1, Bengaluru
Roll no: 4363163
Year of passing: 2019
English: 78/100
Ma7hematics: 84/100
Science: 81/100
 S0cial Science: 76/100
Hindi: 72/100
Result: PASS  Divis ion: II

School also offers Class 12. C4ndidate n ame appears on both rolls.
Subject5 ov3rlap: English, Mathematics, Science-relat ed papers.
This c3r7ifies Cla5s 10 performance o nly.

[rescanned copy; low-resolution archive]

endstream
endobj
%%EOF
",637,7fdc6d414003c57181aa7b876b208e9e56ee0789eb552880bc02e9751d58506b,GRP-10-14,hard,validation,ocr,False,True,False
DOC-0660,class_10_marksheet_DOC-0660.msg,msg,Class 10 Marksheet,"From: records-noreply@synthetic.example
To: intake@lender.example
Subject: Class 10 Marksheet
MIME-Version: 1.0
Content-Type: text/plain; charset=UTF-8

SECONDARY SCHOOL EXAMINATION (CLASS 10) MARKSHEET — CBSE (SYNTHETIC)
Student: Ananya Patel
School: St. Martin's High School, Ahmedabad
Roll no: 6770118
Year of pas5ing: 2016
Eng1i5h: 78/100
Mathematics: 84/100
Science: 81/100
Social Science: 76/100
Hindi: 72/100
Result: PASS  Division: II
This certifies Class 10 performance only.

[rescanned copy; low-resolution archive]

",530,7accb01bb3de6397a1dafbde3b548be3598580bfc8fee3fec2076bc1dcc6906c,GRP-10-15,medium,train,ocr,False,True,False
DOC-0661,class_12_marksheet_DOC-0661.pdf,pdf,Class 12 Marksheet,"%PDF-1.4
% synthetic text-bearing stand-in
1 0 obj
<< /Title (Class 12 Marksheet) >>
stream
SENIOR SCHOOL CERTIFICATE (CLASS 12) MARKSHEET — NIOS (SYNTHETIC)
Student: Kabir Nair
School: Greenfield Public School, Hyderabad

endstream
endobj
%%EOF
",248,17a7528ca37f3ff460e0b2c1e05d8bcb5c757e68f09c359fd3ceb334a578268a,GRP-11-00,medium,train,sparse,False,False,False
DOC-0662,class_10_marksheet_0662.pdf,pdf,Class 12 Marksheet,"%PDF-1.4
% synthetic text-bearing stand-in
1 0 obj
<< /Title (Class 12 Marksheet) >>
stream
SE NIOR SCHOOL CERTIFICATE (CLASS 12) MARKSHEET — CISCE (SYNTHETIC)
Student: An4nya Joshi
School: Vidya Niketan, Pune
Roll no: 8109476
Ye4r of p4ssing: 2019
English: 80/100
Mathematic5: 88/100
Physics: 79/100
Chemistry: 74/100
Computer Science: 91/100
Result: PASS  Division: I
This cer tifies Clas s 12 performance 0nly.

endstream
endobj
%%EOF
",440,c1b79331a26a5cd0162d3e689bca9192c36ffe97bb3c1ff89829c51567e002ce,GRP-11-01,medium,validation,ocr,False,False,True
DOC-0663,class_12_marksheet_DOC-0663.pdf,pdf,Class 12 Marksheet,"%PDF-1.4
% synthetic text-bearing stand-in
1 0 obj
<< /Title (Class 12 Marksheet) >>
stream
SENIOR SCHOOL CERTIFICATE (CLASS 12) MARKSHEET — State Board (SYNTHETIC)
Student: Meera Menon
School: St. Martin's High School, Kolkata
Roll no: 9395219
Year of passing: 2019
English: 80/100
Mathematics: 88/100
Physics: 79/100
Chemistry: 74/100
Computer Science: 91/100
Result: PASS  Division: I
This certifies Class 12 performance only.

endstream
endobj
%%EOF
",456,28188d7987d3eed7133238f2a4f18433401bfa29015de6fd70b8123ddcf1dd15,GRP-11-02,easy,train,clean,False,False,False
DOC-0664,class_12_marksheet_DOC-0664.xlsx,xlsx,Class 12 Marksheet,"title,Class 12 Marksheet
r0,SENIOR SCHOOL CERTIFICATE (CLASS 12) MARKSHEET — State Board (SYNTHETIC)
r1,Student: Kabir Iyer
r2,School: St. Martin'5 High School; Chennai
r3,Roll no: 3241657
r4,Year of passin9: 2023
r5,English: 80/100
r6,Mathematics: 88/100
r7,Physics: 79/100
r8,Chemistry: 74/100
r9,Compu ter Science: 91/100
r10,Result: PASS  Division: II
r12,Sch0ol also offers Class 10. Candidate name appears on both rolls.
r13,Subjects overlap: English; Mathematics; Science-related papers.
r14,This certifies Class 12 p3rformance only.
",543,3da137f4048c183c77ece1b0fa434773f22d935c6ff397595104dccd4f875f36,GRP-11-03,hard,test,ocr,False,False,False
DOC-0665,class_10_marksheet_0665.pdf,pdf,Class 12 Marksheet,"%PDF-1.4
% synthetic text-bearing stand-in
1 0 obj
<< /Title (Class 12 Marksheet) >>
stream
SENIOR SCHOOL CERTIFICATE (CLASS 12) MARKSHEET — NIOS (SYNTHETIC)
Student: Sneha Reddy
School: St. Martin's High School, Ahmedabad
Roll no: 6965131
Year of passing: 2018
English: 80/100
Mathematics: 88/100
Physics: 79/100
Chemistry: 74/100
Computer Science: 91/100
Result: PASS  Division: II
This certifies Class 12 performance only.

endstream
endobj
%%EOF
",452,4cc265614dfeebdc34e80926e3627a2775e56c9a4ab76f872965c0fd31f716cf,GRP-11-04,easy,train,clean,False,False,True
DOC-0666,class_12_marksheet_DOC-0666.pdf,pdf,Class 12 Marksheet,"%PDF-1.4
% synthetic text-bearing stand-in
1 0 obj
<< /Title (Class 12 Marksheet) >>
stream
SENIOR SCHOOL CERTIFICATE (CLASS 12) MARKSHEET — CBSE (SYNTHETIC)
Student: Isha Sharma
School: Lakeside Senior Secondary School, Ahmedabad
Roll no: 7127220
Year of passing: 2020
English: 80/100
Mathematics: 88/100
Physics: 79/100
Chemistry: 74/100
Computer Science: 91/100
Result: PASS  Division: II
This certifies Class 12 performance only.

endstream
endobj
%%EOF
",460,0009dcd99ae4ab1e63a540505eab965974fe4e9db7aa2c8cd29cef9e90d16808,GRP-11-05,easy,train,clean,False,False,False
DOC-0667,class_10_marksheet_0667.pdf,pdf,Class 12 Marksheet,"%PDF-1.4
% synthetic text-bearing stand-in
1 0 obj
<< /Title (Class 12 Marksheet) >>
stream
SENIOR SCHOOL CERTIFICATE (CLASS 12) MARKSHEET — CISCE (SYNTHETIC)
Student: Ananya Nair
School : Vidya Niketan, Ahmedabad
Roll no: 1968734
Year of passin9: 2018
English: 80/100
Mathematics: 88/100
Physics: 79/100
Chemistry:  74/100
Computer Science: 91/100
Result: PASS  Di vi5ion: I

School al s0 offers C1ass 10. Candidate name appears  on both rolls.
Subjects overlap: En glish, Mathematics, Science-related papers.
This certifies Class 12 performance 0nly.

endstream
endobj
%%EOF
",579,7e5d979aa187c0103105360c0352b2ddeeb849ad90a79ec752f3409a4f2e5960,GRP-11-06,hard,train,ocr,False,False,True
DOC-0668,class_10_marksheet_0668.pdf,pdf,Class 12 Marksheet,"%PDF-1.4
% synthetic text-bearing stand-in
1 0 obj
<< /Title (Class 12 Marksheet) >>
stream
SENIOR SCHOOL CERTIFICATE (CLASS 12) MARKSHEET — CISCE (SYNTHETIC)
Student: Ananya Menon
School: Lakeside Senior Secondary School, Mumbai
Roll no: 4085230
Year of passing: 2019
English: 80/100
Mathematics: 88/100
Physics: 79/100
Chemistry: 74/100
Computer Science: 91/100
Result: PASS  Division: II
This certifies Class 12 performance only.

endstream
endobj
%%EOF
",459,9f1a80e19509e044cff562f3f867d3441a07afdcce54469b7268ef27558fa9c7,GRP-11-07,easy,train,clean,False,False,True
DOC-0669,class_12_marksheet_DOC-0669.pdf,pdf,Class 12 Marksheet,"%PDF-1.4
% synthetic text-bearing stand-in
1 0 obj
<< /Title (Class 12 Marksheet) >>
stream
SENIOR SCHOOL CERTIFICATE (CLASS 12) MARKSHEET — NIOS (SYNTHETIC)
Student: Meera Reddy
School: St. Martin's High School, Hyderabad
Roll no: 3602815
Year of passing: 2023
English: 80/100
Mathematics: 88/100
Physics: 79/100
Chemistry: 74/100
Computer Science: 91/100
Result: PASS  Division: I
This certifies Class 12 performance only.

endstream
endobj
%%EOF
",451,bcab13f94de017ce4bd8e16c7fee27bf234d331cbe6be74245e7e49ad45813fe,GRP-11-08,easy,test,clean,False,False,False
DOC-0670,class_12_marksheet_DOC-0670.jpg,jpg,Class 12 Marksheet,"SYNTHETIC-JPG-IMAGE
# raster stand-in; OCR text follows
TITLE: Class 12 Marksheet
SENIOR SCHOOL CERTIFICATE (CLASS 12) MARKSHEET — CISCE (SYNTHETIC)
Student: Isha Gupta
School: Vidya Niketan, Chennai
Roll no: 5895921
Year of passing: 2018
English: 80/100
Mathematics: 88/100
Physics: 79/100
Chemistry: 74/100
Computer Science: 91/100
Result: PASS  Division: I
This certifies Class 12 performance only.

",405,0b0cd477184da06fc73d4157b93d32725490d67c75f04138d5ce12959b498072,GRP-11-09,easy,test,clean,False,False,False
DOC-0671,class_12_marksheet_DOC-0671.pdf,pdf,Class 12 Marksheet,"%PDF-1.4
% synthetic text-bearing stand-in
1 0 obj
<< /Title (Class 12 Marksheet) >>
stream
SENIOR SCHOOL CERTIFICATE (CLASS 12) MARKSHEET — State Board (SYNTHETIC)
Student: Kabir Iyer
School: Lakeside Senior Secondary School, Pune
Roll no: 7537430
Year of passing: 2023
English: 80/100
Mathematics: 88/100
Physics: 79/100
Chemistry: 74/100
Computer Science: 91/100
Result: PASS  Division: II

School also offers Class 10. Candidate name appears on both rolls.
Subjects overlap: English, Mathematics, Science-related papers.
This certifies Class 12 performance only.

endstream
endobj
%%EOF
",593,6915d3f31530f48908b5140ee6728b59099a1d542dce385a9eb067748f7e122a,GRP-11-10,hard,test,clean,False,False,False
DOC-0672,class_12_marksheet_DOC-0672.jpg,jpg,Class 12 Marksheet,"SYNTHETIC-JPG-IMAGE
# raster stand-in; OCR text follows
TITLE: Class 12 Marksheet
SENIOR SCHOOL CE RTIFICATE (CLASS 12) MARKSHEET — CISCE (SYNTHETIC)
Student: Rahul Na ir
Sch ool: Vidya Niketan, K o1k4ta
Roll no: 6293503
Year of p4ssing: 2020
En9li5h: 80/100
Mathematics: 88/100
Phy5ics: 79/1 00
Chemistry: 74/100
Compu7er Science: 91/100
Result: PASS   Division: II

School a1so offer5 Clas5 10. Candid 4te name appears on both rolls.
Subjects over1ap: En9lish , Mathe matics, Science-r3lated p4pers.
This cer7ifie5 Class  12 performance only.

",548,59d26ce754c20e62bd19c145284da3c1b0d4df83c6f78424f304ddce8450c713,GRP-11-11,hard,train,noisy,False,False,False
DOC-0673,class_12_marksheet_DOC-0673.pdf,pdf,Class 12 Marksheet,"%PDF-1.4
% synthetic text-bearing stand-in
1 0 obj
<< /Title (Class 12 Marksheet) >>
stream
SENIOR SCHOOL CERTIFICATE (CLASS 12) MARKSHEET — CBSE (SYNTHETIC)
Student: Isha Reddy
School: Greenfield Public School, Bengaluru

endstream
endobj
%%EOF
",248,a9c39d965732c485ba7e7f0aceca0fba6520ab6dbc5ea9daa681536730d69ace,GRP-11-12,medium,validation,sparse,False,False,False
DOC-0674,class_12_marksheet_DOC-0674.png,png,Class 12 Marksheet,"SYNTHETIC-PNG-IMAGE
# raster stand-in; OCR text follows
TITLE: Class 12 Marksheet
SENIOR SCHOOL CERTIFICATE (CLASS 12) MARKSHEET — State Board (SYNTHETIC)
Student: Meera Patel
School: Greenfield Public School, Mumbai
Roll no: 8101197
Year of passing: 2018
English: 80/100
Mathematics: 88/100
Physics: 79/100
Chemistry: 74/100
Computer Science: 91/100
Result: PASS  Division: II

School also offers Class 10. Candidate name appears on both rolls.
Subjects overlap: English, Mathematics, Science-related papers.
This certifies Class 12 performance only.

",555,8259c38519da6babd05152c8eafbb6fa0352766e2613d195891d40f74b5d5db6,GRP-11-13,hard,train,clean,False,False,False
DOC-0675,class_12_marksheet_DOC-0675.docx,docx,Class 12 Marksheet,"<?xml version='1.0' encoding='UTF-8'?>
<w:document>
<w:title>Class 12 Marksheet</w:title>
<w:body>SENIOR SCHOOL CERTIFICATE (CLASS 12) MARKSHEET — NIOS (SYNTHETIC)
Student: Ananya Reddy
School: Lakeside Senior Secondary School, Kolkata
Roll no: 5750242
Year of passing: 2019
English: 80/100
Mathematics: 88/100
Physics: 79/100
Chemistry: 74/100
Computer Science: 91/100
Result: PASS  Division: I

School also offers Class 10. Candidate name appears on both rolls.
Subjects overlap: English, Mathematics, Science-related papers.
This certifies Class 12 performance only.
</w:body>
</w:document>
",596,54efb858e72593203a9f3fdaeb4bc0cc29d5c3696cf57e9ea076e4e657bb1d0f,GRP-11-14,hard,train,clean,False,False,False
DOC-0676,class_12_marksheet_DOC-0676.png,png,Class 12 Marksheet,"SYNTHETIC-PNG-IMAGE
# raster stand-in; OCR text follows
TITLE: Class 12 Marksheet
SENIOR SCHOOL CERTIFICATE (CLASS 12) MARKSHE ET — NIOS (SYNTHETIC)
Student: Dev Reddy
School: Vidya Nike7an, Bengaluru
Roll no: 9027140
 Year of passing: 2020
English: 80/100
Mathematics: 88/100
Physic5: 79/100
Chemistry: 74/100
Computer Sci3nce: 91/100
Result: PA SS  Division: II

School  also offers Class 10. Candidate name appears on bo th rolls.
Subjects overlap: Eng1ish, M47hem atics, Scie nce-related papers.
This certifies Class 12 performance on1y.

",545,89abe20debdcae9bf2358c39146e6904708e666ce4d956a50d7480f97e376f73,GRP-11-15,hard,train,noisy,False,False,False
DOC-0677,class_12_marksheet_DOC-0677.pdf,pdf,Class 12 Marksheet,"%PDF-1.4
% synthetic text-bearing stand-in
1 0 obj
<< /Title (Class 12 Marksheet) >>
stream
SENIOR SCHOOL CERTIFICATE (CLASS 12) MARKSHEET — NIOS (SYNTHETIC)
Student: Dev Khan
School: St. Martin's High School, Mumbai
Roll no: 6672334
Year of passing: 2022
English: 80/100
Mathematics: 88/100
Physics: 79/100
Chemistry: 74/100
Computer Science: 91/100
Result: PASS  Division: II
This certifies Class 12 performance only.

endstream
endobj
%%EOF
",446,7c9447d8868fbdf984f1394e4a9e450fb1058870594083d639f17539998baba1,GRP-11-16,easy,train,clean,False,False,False
DOC-0678,class_12_marksheet_DOC-0678.jpg,jpg,Class 12 Marksheet,"SYNTHETIC-JPG-IMAGE
# raster stand-in; OCR text follows
TITLE: Class 12 Marksheet
SENIOR SCHOOL CERTIFICATE (CLASS 12) MARKSHEET — CISCE (SYNTHETIC)
Student: Isha Menon
School: St. Martin's High School, Delhi
Roll no: 2400603
Year of passing: 2021
English: 80/100
Mathematics: 88/100
Physics: 79/100
Chemistry: 74/100
Computer Science: 91/100
Result: PASS  Division: II
This certifies Class 12 performance only.

",415,4f7de0e9ceb99c2cc4e0b0ddabeb39a39c39ebbe4a0bb127a96db7f24cecca88,GRP-11-17,easy,train,clean,False,False,False
DOC-0679,class_12_marksheet_DOC-0679.tiff,tiff,Class 12 Marksheet,"SYNTHETIC-TIFF-IMAGE
# raster stand-in; OCR text follows
TITLE: Class 12 Marksheet
SENIOR SCHOO L CE RTIFICATE ( CLASS 12) MARKSHEET — State Board (SYNTHETIC)
Stu dent: Rahul Menon
School: St. Martin'5 High School , Hyde rabad
Roll no: 1227279
Year of passing: 2022
English:  80/100
Mathematics: 88/100
Physics: 79/100
Chemistry: 74/100
Compu7er Science: 91/100
Result: PASS  Division: I
This certi fie5 C1as s 12 performance on1y.

",435,5239827214e75b8fa80223b691339b78b8fa72984632f6820271cc4e0ab94aa5,GRP-11-18,medium,train,noisy,False,False,False
DOC-0680,class_12_marksheet_DOC-0680.jpg,jpg,Class 12 Marksheet,"SYNTHETIC-JPG-IMAGE
# raster stand-in; OCR text follows
TITLE: Class 12 Marksheet
SENIOR SCHOOL CERTIFICATE (CLASS 12) MARKSHEET — State Board (SYNTHETIC)
Student: Sneha Gupta
School: St. Martin's High School, Bengaluru
Roll no: 8318283
Year of passing: 2023
English: 80/100
Mathematics: 88/100
Physics: 79/100
Chemistry: 74/100
Computer Science: 91/100
Result: PASS  Division: II
This certifies Class 12 performance only.

",426,206b28a998322631002f5bd707db7e937970db7bad29fa64cb610e2219579492,GRP-11-19,easy,validation,clean,False,False,False
DOC-0681,class_12_marksheet_DOC-0681.pdf,pdf,Class 12 Marksheet,"%PDF-1.4
% synthetic text-bearing stand-in
1 0 obj
<< /Title (Class 12 Marksheet) >>
stream
SENIOR SCHOOL CERTIFICATE (CLASS 12) MARKSHEET — State Board (SYNTHETIC)
Student: Isha Iyer
School: St. Martin's High School, Bengaluru
Roll no: 2114460
Year of passing: 2023
English: 80/100
Mathematics: 88/100
Physics: 79/100
Chemistry: 74/100
Computer Science: 91/100
Result: PASS  Division: I
This certifies Class 12 performance only.

endstream
endobj
%%EOF
",456,098cf94029ea23b43519e89ceed024b7adc8c8b7a43fac6c423ea43ee0fed3e6,GRP-11-20,easy,train,clean,False,False,False
DOC-0682,class_10_marksheet_0682.pdf,pdf,Class 12 Marksheet,"%PDF-1.4
% synthetic text-bearing stand-in
1 0 obj
<< /Title (Class 12 Marksheet) >>
stream
SENIOR SCHOOL CERTIFICATE (CLASS 12) MARKSHEET — NIOS (SYNTHETIC)
Student: Vikram Iyer
School: La k eside Senior Second ary School,  Ahmedabad
Ro11 no: 4879497
Year of passing: 2019
Eng1ish: 80/100
Mathematics: 88/100
Phy5i cs: 79/100
Chemistry: 74/100
Compu ter Science: 91/100
Result: PASS  Di vision: II
This certifies Class 12 performanc3 only.

endstream
endobj
%%EOF
",467,79166f4ed5cc538aabb3ad007fa3a345bca862a2d2c28a85a920aa6e938cfe8b,GRP-11-21,medium,train,ocr,False,False,True
DOC-0683,class_12_marksheet_DOC-0683.pdf,pdf,Class 12 Marksheet,"%PDF-1.4
% synthetic text-bearing stand-in
1 0 obj
<< /Title (Class 12 Marksheet) >>
stream
SENIOR SCHOOL CERTIFICATE (CLASS 12) MARKSHEET — NIOS (SYNTHETIC)
Student: Ananya Joshi
School: Vidya Niketan, Pune
Roll no: 7888371
Year of passing: 2023
English: 80/100
Mathematics: 88/100
Physics: 79/100
Chemistry: 74/100
Computer Science: 91/100
Result: PASS  Division: II
This certifies Class 12 performance only.

endstream
endobj
%%EOF
",437,fb7882671092e9be31f33f0a8f122b445a10fc00dc8b7fc7667085d808d53e02,GRP-11-22,easy,validation,clean,False,False,False
DOC-0684,class_12_marksheet_DOC-0684.pdf,pdf,Class 12 Marksheet,"%PDF-1.4
% synthetic text-bearing stand-in
1 0 obj
<< /Title (Class 12 Marksheet) >>
stream
SENIOR SCHOOL CERT IFICATE (CLASS 12) MARKSHEET — NIOS (SYNTHETIC)
Studen7: Fatima Patel
S chool: Vidy a Niketan, Kolkata
Roll no: 9105237
Year of passing: 2023
English: 80/100
M4thematics: 88/100
Physics: 79/100
Chemistry: 74/100
Computer Science: 91/100
Result: PASS  Division : II
This certifi3s C1ass 12 performance only.

endstream
endobj
%%EOF
",444,bd25a3dc001e70f23e313f095238fcb6b8da8dd0a637185395ee234e96e84bd6,GRP-11-23,medium,train,ocr,False,False,False
DOC-0685,class_10_marksheet_0685.pdf,pdf,Class 12 Marksheet,"%PDF-1.4
% synthetic text-bearing stand-in
1 0 obj
<< /Title (Class 12 Marksheet) >>
stream
SENIOR SCHOOL CERTIFICATE (CLASS 12) MARKSHEET — CISCE (SYNTHETIC)
Student: Isha Das
School: Greenfield Public School, Chennai
Roll no: 5575258
Year of passing: 2023
English: 80/100
Mathematics: 88/100
Physics: 79/100
Chemistry: 74/100
Computer Science: 91/100
Result: PASS  Division: I

School also offers Class 10. Candidate name appears on both rolls.
Subjects overlap: English, Mathematics, Science-related papers.
This certifies Class 12 performance only.

endstream
endobj
%%EOF
",579,43a2730a9a4dcd6ebfdb20c5cc0f17a31d46674f0d3df256811ffa29211ff345,GRP-11-24,hard,validation,clean,False,False,True
DOC-0686,class_12_marksheet_DOC-0686.jpg,jpg,Class 12 Marksheet,"SYNTHETIC-JPG-IMAGE
# raster stand-in; OCR text follows
TITLE: Class 12 Marksheet
SENIOR SCHOOL CERTIFICATE (CLASS 12) MARKSHEET — CBSE (SYNTHETIC)
Student: Arjun Patel
School: Lakeside Senior Secondary School, Delhi
Roll no: 1298084
Year of passing: 2021
English: 80/100
Mathematics: 88/100
Physics: 79/100
Chemistry: 74/100
Computer Science: 91/100
Result: PASS  Division: II

School also offers Class 10. Candidate name appears on both rolls.
Subjects overlap: English, Mathematics, Science-related papers.
This certifies Class 12 performance only.

",555,82abc0cfd66017297d65695930b03e855700e99d593b506cfffb8f8b02aa0f89,GRP-11-25,hard,train,clean,False,False,False
DOC-0687,class_12_marksheet_DOC-0687.pdf,pdf,Class 12 Marksheet,"%PDF-1.4
% synthetic text-bearing stand-in
1 0 obj
<< /Title (Class 12 Marksheet) >>
stream
SENIOR SCHOOL CERTIFICATE (CLASS 12) MARKSHEET — NIOS (SYNTHETIC)
Student: Meera Nair
School: Lakeside Senior Secondary School, Chennai
Roll no: 4688683
Year of passing: 2022
English: 80/100
Mathematics: 88/100
Physics: 79/100
Chemistry: 74/100
Computer Science: 91/100
Result: PASS  Division: II

School also offers Class 10. Candidate name appears on both rolls.
Subjects overlap: English, Mathematics, Science-related papers.
This certifies Class 12 performance only.

endstream
endobj
%%EOF
",589,f4d96a42b5e5025610c2e3e92aa1da884f1922beccb10c3f2a8979e3bc2b4131,GRP-11-26,hard,train,clean,False,False,False
DOC-0688,class_12_marksheet_DOC-0688.pdf,pdf,Class 12 Marksheet,"%PDF-1.4
% synthetic text-bearing stand-in
1 0 obj
<< /Title (Class 12 Marksheet) >>
stream
SENIOR SCHOOL CERTIFICATE (CLASS 12) MARKSHEET — CISCE (SYNTHETIC)
Student: Meera Patel
School: Lakeside Senior Secondary School, Mumbai
Roll no: 2146293
Year of passing: 2020
English: 80/100
Mathematics: 88/100
Physics: 79/100
Chemistry: 74/100
Computer Science: 91/100
Result: PASS  Division: I

School also offers Class 10. Candidate name appears on both rolls.
Subjects overlap: English, Mathematics, Science-related papers.
This certifies Class 12 performance only.

endstream
endobj
%%EOF
",589,238a52983216f7faccc6e18cea1c357191654b8b80388f822506680a9b715708,GRP-11-27,hard,validation,clean,False,False,False
DOC-0689,class_10_marksheet_0689.jpg,jpg,Class 12 Marksheet,"SYNTHETIC-JPG-IMAGE
# raster stand-in; OCR text follows
TITLE: Class 12 Marksheet
SENIOR SCHOOL CERTIFICATE (CLASS 12) MARKSHEET — NIOS (SYNTHETIC)
Student: Arjun Patel
School: St. Martin's High School, Chennai

",214,fd016410adbf9363ec1fbcd0553c18d6e6e8028bdf13795a4f982f61cba786cb,GRP-11-28,medium,train,sparse,False,False,True
DOC-0690,class_12_marksheet_DOC-0690.jpg,jpg,Class 12 Marksheet,"SYNTHETIC-JPG-IMAGE
# raster stand-in; OCR text follows
TITLE: Class 12 Marksheet
SENIOR SCHOOL CERTIFICATE (CLASS 12) MARK SHEET — NIOS (SYNTHETIC)
Student: Fatima Gupta
Schoo l: St. Martin's High School, Pune
Ro ll n0: 7965849
Y3ar of passing: 2019
English: 80/100 
Ma7hema tics: 88/100
Physics: 79/100
Chemistry: 74/100
Computer Science: 91/100
Resu1t: PASS  Division: II
This certifies Class 12 performance only.

",420,f076308f9a9d3b612c03af274b203da65a4b563fa8f8423d8d4d0ac947b894a3,GRP-11-29,medium,train,noisy,False,False,False
DOC-0691,class_12_marksheet_DOC-0691.pdf,pdf,Class 12 Marksheet,"%PDF-1.4
% synthetic text-bearing stand-in
1 0 obj
<< /Title (Class 12 Marksheet) >>
stream
SENIOR SCHOOL CERTIFICATE (CLASS 12) MARKSHEET — State Board (SYNTHETIC)
Student: Arjun Menon
School: Lakeside Senior Secondary School, Delhi
Roll no: 6878942
Year of passing: 2020
English: 80/100
Mathematics: 88/100
Physics: 79/100
Chemistry: 74/100
Computer Science: 91/100
Result: PASS  Division: I
This certifies Class 12 performance only.

endstream
endobj
%%EOF
",462,aade4af6227619f49b54f4b617cf6ef6fb09dac9193cd4664072530817efa20d,GRP-11-30,easy,train,clean,False,False,False
DOC-0692,class_12_marksheet_DOC-0692.jpg,jpg,Class 12 Marksheet,"SYNTHETIC-JPG-IMAGE
# raster stand-in; OCR text follows
TITLE: Class 12 Marksheet
SENIOR SCHOOL CERTIFICATE (CLASS 12) MARKSHEET — State Board (SYNTHETIC)
Student: Arjun Iyer
School: Lakeside Senior Secondary School, Mumbai
Roll no: 7292219
Year of passing: 2021
English: 80/100
Mathematics: 88/100
Physics: 79/100
Chemistry: 74/100
Computer Science: 91/100
Result: PASS  Division: I
This certifies Class 12 performance only.

",429,502c9adac577977c2b02431287ce3c228e0e4a4417b7124e87b38aa5118ebc69,GRP-11-31,easy,train,clean,False,False,False
DOC-0693,class_12_marksheet_DOC-0693.png,png,Class 12 Marksheet,"SYNTHETIC-PNG-IMAGE
# raster stand-in; OCR text follows
TITLE: Class 12 Marksheet
SENIOR SCHOOL CERTIFICATE (CLASS 12) MARKSHEET — NIOS (SYNTHETIC)
Student: Sneha Gupta
School: Greenfield Public School, Hyderabad
Rol1 no: 4342880
Y 3ar of passing: 2023
English:  80/100
Mathematics: 88/100
Physics: 79/100
Chemistry: 74/100
Computer Science: 91/100
Result: PASS  Divi sion: II
This certifies Class 12 performance only.

",422,555e543f17327ce63f0d51893c4a98356cf5b8ef27651a422f4d43c66fbabf0d,GRP-11-32,medium,validation,ocr,False,False,False
DOC-0694,class_12_marksheet_DOC-0694.tiff,tiff,Class 12 Marksheet,"SYNTHETIC-TIFF-IMAGE
# raster stand-in; OCR text follows
TITLE: Class 12 Marksheet
SENIOR SCHOOL CERTIFICATE (CLASS 12) MARKSHEET — CBSE (SYNTHETIC)
Student: Rahul Reddy
School: Vidya Niketan, Ahmedabad
Roll no: 4683242
Year of passing: 2021
English: 80/100
Mathematics: 88/100
Physics: 79/100
Chemistry: 74/100
Computer Science: 91/100
Result: PASS  Division: I
This certifies Class 12 performance only.

",408,21d55ea480daa4283712bbb62c6a0c11dac976fb573c1e54ebc40552ed624739,GRP-11-33,easy,train,clean,False,False,False
DOC-0695,class_12_marksheet_DOC-0695.xlsx,xlsx,Class 12 Marksheet,"title,Class 12 Marksheet
r0,SENIOR SCHOOL CERTIFI CATE (CLASS 12) MARKSHEET — Sta7e Board (SYN THETIC)
r1,S7udent: Fatima Joshi
r2,Sc hool: Vidya Niketa n;  Mumbai
r3,Roll no: 8383004
r4,Year of pa5sing: 2023
r5,Eng1ish: 8 0/100
r6,Mathematics: 88/100
r7,Physics: 79/100
r8,Chemistry: 74/100
r9,Computer Sc ienc3: 91/100
r10,Result: PASS  Division: I
r11,This certifies Clas5 12 perform4nce o nly.
",400,8fbe36b72229cfcc5420ed4032f90f15f1d6bf50985e82f4167e7df255b812e5,GRP-11-34,medium,train,noisy,False,False,False
DOC-0696,class_12_marksheet_DOC-0696.pdf,pdf,Class 12 Marksheet,"%PDF-1.4
% synthetic text-bearing stand-in
1 0 obj
<< /Title (Class 12 Marksheet) >>
stream
SENIOR SCHOOL CERTIFICATE (CLASS 12) MARKSHEET — NIOS (SYNTHETIC)
Student: Fatima Das
School: Lakeside Senior Secondary School, Ahmedabad

endstream
endobj
%%EOF
",256,6448624f714571cd4c8fe9b77eab9b0ad8597086c3dde152b38c9071af7553df,GRP-11-35,medium,train,sparse,False,False,False
DOC-0697,class_12_marksheet_DOC-0697.pdf,pdf,Class 12 Marksheet,"%PDF-1.4
% synthetic text-bearing stand-in
1 0 obj
<< /Title (Class 12 Marksheet) >>
stream
SENIOR SCHOOL CERTIFICATE (CLASS 12) MARKSHEET — NIOS (SYNTHETIC)
Student: Fatima Joshi
School: Lakeside Senior Secondary School, Hyderabad

endstream
endobj
%%EOF
",258,e99875e6e8618788f6a3fa69c3976a98910f86c4485fc04d9655079de58ca789,GRP-11-36,medium,train,sparse,False,False,False
DOC-0698,class_12_marksheet_DOC-0698.png,png,Class 12 Marksheet,"SYNTHETIC-PNG-IMAGE
# raster stand-in; OCR text follows
TITLE: Class 12 Marksheet
SENI OR SCHOOL CERTIFICATE (CLASS 12) MARKSHEET — CISCE (SYNTHETIC)
Student: Rahul Khan
School: Vidya Niketan, Hyder4bad
Roll no: 2968344
Year of passing: 2018
English: 80/100
Mathematics: 88/100
Physics: 79/100
Chemistry: 74/100
Computer Scienc3: 91/100
Resul7: PASS  Divi5io n: I
This certifies Class 12 performance o nly.

",410,4c5fd188a0a4417b55c655253c1ca43fc7d330fb15375c784bb006fb85ec706f,GRP-11-37,medium,train,ocr,False,False,False
DOC-0699,class_10_marksheet_0699.pptx,pptx,Class 12 Marksheet,"# Slide 1: Class 12 Marksheet

# Slide 2
SENIOR SCHOOL CERT IFICATE (CLASS 12) MARKSHEET — NIOS (SYNTHETIC)
S7udent: Kabir Joshi
School: St. Martin 's High School, Pune
Roll no: 55950 06

# Slide 3
Year  of p4s sing: 2023
English: 80/100
Math3m atics: 88/100
 Physics: 7 9/100

# Slide 4
Ch3mistry: 74/100
Computer Science: 91/100
Result: PASS  Divi5ion: II
This certifies Cla5s 12 performa nce only.
",403,77382a1d8594fbca7c117b3ed9133a6e1140cfb71bb3714b21a0785dc32bca5e,GRP-11-38,medium,test,noisy,False,False,True
DOC-0700,class_12_marksheet_DOC-0700.rtf,rtf,Class 12 Marksheet,"{\rtf1\ansi
SENIOR SCHOOL CERTIFICATE (CLASS 12) MARKSHEET — NIOS (SYNTHETIC)\par
Student: Dev Gupta\par
School: Vidya Niketan, Ahmedabad\par
Roll no: 9070205\par
Year of passing: 2018\par
English: 80/100\par
Mathematics: 88/100\par
Physics: 79/100\par
Chemistry: 74/100\par
Computer Science: 91/100\par
Result: PASS  Division: II\par
This certifies Class 12 performance only.\par

}
",386,de0897ed2d3699db5a3340f71dd723aff42ecffa7484439d28dc89148abda44e,GRP-11-39,easy,train,clean,False,False,False
DOC-0701,class_12_marksheet_DOC-0701.jpg,jpg,Class 12 Marksheet,"SYNTHETIC-JPG-IMAGE
# raster stand-in; OCR text follows
TITLE: Class 12 Marksheet
SENIOR SCHOOL CERTIFICATE (CLASS 12) MARKSHEET — CISCE (SYNTHETIC)
Student: Kabir Sharma
School: Vidya Niketan, Mumbai
Roll no: 8333610
Year of passing: 2022
English: 80/100
Mathematics: 88/100
Physics: 79/100
Chemistry: 74/100
Computer Science: 91/100
Result: PASS  Division: II

School also offers Class 10. Candidate name appears on both rolls.
Subjects overlap: English, Mathematics, Science-related papers.
This certifies Class 12 performance only.

",539,bd008559fb7ba64fe0587bb4b3a38e07e644d2d958cf66bb2a8d404dc874c602,GRP-11-40,hard,train,clean,False,False,False
DOC-0702,class_12_marksheet_DOC-0702.jpg,jpg,Class 12 Marksheet,"SYNTHETIC-JPG-IMAGE
# raster stand-in; OCR text follows
TITLE: Class 12 Marksheet
SENIOR SCHOOL CERTIFICATE (CLASS 12) MARKSHEET — NIOS (SYNTHETIC)
Student: Dev Das
School: Vidya Niketan, Delhi

",197,88df018be11cc98f765d151a9130f968afe33fc4583730f878aad2fe5f748412,GRP-11-41,medium,train,sparse,False,False,False
DOC-0703,class_12_marksheet_DOC-0703.png,png,Class 12 Marksheet,"SYNTHETIC-PNG-IMAGE
# raster stand-in; OCR text follows
TITLE: Class 12 Marksheet
SENIOR SCHOOL CERTIFICATE (CLASS 12) MARKSHEET — CISCE (SYNTHETIC)
Student: Dev Sharma
School: Vidya Niketan, Hyderabad
Roll no: 1646767
Year of passing: 2022
English: 80/100
Mathematics: 88/100
Physics: 79/100
Chemistry: 74/100
Computer Science: 91/100
Result: PASS  Division: II
This certifies Class 12 performance only.

",408,4808cbf7672d2747e99eca78bcfc621fe853ab5c3804ec81f0c51978456b8a72,GRP-11-42,easy,train,clean,False,False,False
DOC-0704,class_12_marksheet_DOC-0704.pdf,pdf,Class 12 Marksheet,"%PDF-1.4
% synthetic text-bearing stand-in
1 0 obj
<< /Title (Class 12 Marksheet) >>
stream
SENIOR  SCHO OL CERTIFICATE (CLASS 12) MARKSHEET — NIOS (SYNTHETIC)
Student: Arjun Das
School: St. Martin's High School, Hyd erab4d
 Roll no: 5319049
Year of pass ing: 2020
Eng1is h: 80/100
Mathematics: 88/100
Physics: 79/100
Chemistry: 74/100
Comput3r Science: 91/100
Result: PASS  Divi5ion: I
This certifies  Class 12 performance only.

endstream
endobj
%%EOF
",456,9fedb7207a8769f03df25748b76ec8031ff501c82645435b514da45a3eeec8ff,GRP-11-43,medium,train,ocr,False,False,False
DOC-0705,class_12_marksheet_DOC-0705.pdf,pdf,Class 12 Marksheet,"%PDF-1.4
% synthetic text-bearing stand-in
1 0 obj
<< /Title (Class 12 Marksheet) >>
stream
SENIOR SCHOOL CERTIFICATE (CLASS 12) MARKSHEET — NIOS (SYNTHETIC)
Student: Kabir Nair
School: Greenfield Public School, Hyderabad

endstream
endobj
%%EOF
",248,17a7528ca37f3ff460e0b2c1e05d8bcb5c757e68f09c359fd3ceb334a578268a,GRP-11-00,medium,train,sparse,True,False,False
DOC-0706,class_12_marksheet_DOC-0706.pdf,pdf,Class 12 Marksheet,"%PDF-1.4
% synthetic text-bearing stand-in
1 0 obj
<< /Title (Class 12 Marksheet) >>
stream
SE NIOR SCHOOL CERTIFICATE (CLASS 12) MARKSHEET — CISCE (SYNTHETIC)
Student: An4nya Joshi
School: Vidya Niketan, Pune
Roll no: 8109476
Ye4r of p4ssing: 2019
English: 80/100
Mathematic5: 88/100
Physics: 79/100
Chemistry: 74/100
Computer Science: 91/100
Result: PASS  Division: I
This cer tifies Clas s 12 performance 0nly.

endstream
endobj
%%EOF
",440,c1b79331a26a5cd0162d3e689bca9192c36ffe97bb3c1ff89829c51567e002ce,GRP-11-01,medium,validation,ocr,True,False,False
DOC-0707,class_12_marksheet_DOC-0707.pdf,pdf,Class 12 Marksheet,"%PDF-1.4
% synthetic text-bearing stand-in
1 0 obj
<< /Title (Class 12 Marksheet) >>
stream
SENIOR SCHOOL CERTIFICATE (CLASS 12) MARKSHEET — State Board (SYNTHETIC)
Student: Meera Menon
School: St. Martin's High School, Kolkata
Roll no: 9395219
Year of passing: 2019
English: 80/100
Mathematics: 88/100
Physics: 79/100
Chemistry: 74/100
Computer Science: 91/100
Result: PASS  Division: I
This certifies Class 12 performance only.

endstream
endobj
%%EOF
",456,28188d7987d3eed7133238f2a4f18433401bfa29015de6fd70b8123ddcf1dd15,GRP-11-02,easy,train,clean,True,False,False
DOC-0708,class_12_marksheet_DOC-0708.xlsx,xlsx,Class 12 Marksheet,"title,Class 12 Marksheet
r0,SENIOR SCHOOL CERTIFICATE (CLASS 12) MARKSHEET — State Board (SYNTHETIC)
r1,Student: Kabir Iyer
r2,School: St. Martin'5 High School; Chennai
r3,Roll no: 3241657
r4,Year of passin9: 2023
r5,English: 80/100
r6,Mathematics: 88/100
r7,Physics: 79/100
r8,Chemistry: 74/100
r9,Compu ter Science: 91/100
r10,Result: PASS  Division: II
r12,Sch0ol also offers Class 10. Candidate name appears on both rolls.
r13,Subjects overlap: English; Mathematics; Science-related papers.
r14,This certifies Class 12 p3rformance only.
",543,3da137f4048c183c77ece1b0fa434773f22d935c6ff397595104dccd4f875f36,GRP-11-03,hard,test,ocr,True,False,False
DOC-0709,class_12_marksheet_DOC-0709.pdf,pdf,Class 12 Marksheet,"%PDF-1.4
% synthetic text-bearing stand-in
1 0 obj
<< /Title (Class 12 Marksheet) >>
stream
SENIOR SCHOOL CERTIFICATE (CLASS 12) MARKSHEET — NIOS (SYNTHETIC)
Student: Sneha Reddy
School: St. Martin's High School, Ahmedabad
Roll no: 6965131
Year of passing: 2018
English: 80/100
Mathematics: 88/100
Physics: 79/100
Chemistry: 74/100
Computer Science: 91/100
Result: PASS  Division: II
This certifies Class 12 performance only.

endstream
endobj
%%EOF
",452,4cc265614dfeebdc34e80926e3627a2775e56c9a4ab76f872965c0fd31f716cf,GRP-11-04,easy,train,clean,True,False,False
DOC-0710,class_12_marksheet_DOC-0710.pdf,pdf,Class 12 Marksheet,"%PDF-1.4
% synthetic text-bearing stand-in
1 0 obj
<< /Title (Class 12 Marksheet) >>
stream
SENIOR SCHOOL CERTIFICATE (CLASS 12) MARKSHEET — CBSE (SYNTHETIC)
Student: Isha Sharma
School: Lakeside Senior Secondary School, Ahmedabad
Roll no: 7127220
Year of passing: 2020
English: 80/100
Mathematics: 88/100
Physics: 79/100
Chemistry: 74/100
Computer Science: 91/100
Result: PASS  Division: II
This certifies Class 12 performance only.

endstream
endobj
%%EOF
",460,0009dcd99ae4ab1e63a540505eab965974fe4e9db7aa2c8cd29cef9e90d16808,GRP-11-05,easy,train,clean,True,False,False
DOC-0711,class_12_marksheet_DOC-0711.pdf,pdf,Class 12 Marksheet,"%PDF-1.4
% synthetic text-bearing stand-in
1 0 obj
<< /Title (Class 12 Marksheet) >>
stream
SENIOR SCHOOL CERTIFICATE (CLASS 12) MARKSHEET — CISCE (SYNTHETIC)
Student: Ananya Nair
School : Vidya Niketan, Ahmedabad
Roll no: 1968734
Year of passin9: 2018
English: 80/100
Mathematics: 88/100
Physics: 79/100
Chemistry:  74/100
Computer Science: 91/100
Result: PASS  Di vi5ion: I

School al s0 offers C1ass 10. Candidate name appears  on both rolls.
Subjects overlap: En glish, Mathematics, Science-related papers.
This certifies Class 12 performance 0nly.

endstream
endobj
%%EOF
",579,7e5d979aa187c0103105360c0352b2ddeeb849ad90a79ec752f3409a4f2e5960,GRP-11-06,hard,train,ocr,True,False,False
DOC-0712,class_12_marksheet_DOC-0712.pdf,pdf,Class 12 Marksheet,"%PDF-1.4
% synthetic text-bearing stand-in
1 0 obj
<< /Title (Class 12 Marksheet) >>
stream
SENIOR SCHOOL CERTIFICATE (CLASS 12) MARKSHEET — CISCE (SYNTHETIC)
Student: Ananya Menon
School: Lakeside Senior Secondary School, Mumbai
Roll no: 4085230
Year of passing: 2019
English: 80/100
Mathematics: 88/100
Physics: 79/100
Chemistry: 74/100
Computer Science: 91/100
Result: PASS  Division: II
This certifies Class 12 performance only.

endstream
endobj
%%EOF
",459,9f1a80e19509e044cff562f3f867d3441a07afdcce54469b7268ef27558fa9c7,GRP-11-07,easy,train,clean,True,False,False
DOC-0713,class_12_marksheet_DOC-0713.pdf,pdf,Class 12 Marksheet,"%PDF-1.4
% synthetic text-bearing stand-in
1 0 obj
<< /Title (Class 12 Marksheet) >>
stream
SENIOR SCHOOL CERTIFICATE  (CLASS 12) MARKSHEET — NIOS (SYNTHETIC)
Studen7: Meera Reddy
School: St. Martin's High School,  Hyderabad
Roll n0: 3602815
Year of pa5sing:  2023
English: 80/100
Mathematics: 88/100
Physics: 79/100
Chemis7ry: 74/100
Computer Science: 91/100
Result: PASS  Division: I
This certifies Class 12 performance only.

[rescanned copy; low-resolution archive]

endstream
endobj
%%EOF
",496,f1c6420c02897d0e5d1535ec34e6d0da7e9dc73eb599d92994659286e0da3e40,GRP-11-08,medium,test,ocr,False,True,False
DOC-0714,class_12_marksheet_DOC-0714.jpg,jpg,Class 12 Marksheet,"SYNTHETIC-JPG-IMAGE
# raster stand-in; OCR text follows
TITLE: Class 12 Marksheet
SENIOR SCHOOL CERTIFICATE (CLASS 12) MARKSHEET — CISCE (SYNTHETIC)
Student: Isha Gupta
School: Vidya Niketan, Chennai
Roll no: 5895921
Year of pas sing: 2018
English: 80/100
Mathematics: 88/100
Physics: 79/ 100
Chemistry: 74/100
Computer Science: 91/100
Result: PASS  Divi sion: I
This certifies Class 12 performance 0nly.

[rescanned copy; low-resolution archive]

",450,214c3af301d598c8c68e8b0e0421374768b9355d7025e2f5afdfad1df2f8ee8f,GRP-11-09,medium,test,ocr,False,True,False
DOC-0715,class_12_marksheet_DOC-0715.pdf,pdf,Class 12 Marksheet,"%PDF-1.4
% synthetic text-bearing stand-in
1 0 obj
<< /Title (Class 12 Marksheet) >>
stream
SENIO R SCHOOL CERTIFICATE (CLASS 12) MARKSHEET — State Board (SYNTHETIC)
Student: Kabir Iyer
School: Lakeside Seni0r Secondary School, Pun3
R oll no: 7537430
Year of passing: 2023
Engl ish: 80/100
M4thematics: 88/100
Physics: 79/100
Chemistry: 74/100
Computer Science: 91/100
Result: PASS  Division: II

School also offers Cl4ss 10. Candidate na me appears on both rolls.
Subjects overlap: English, Mathematics, Scienc e-related  papers.
This certifies Class 12 performance only.

[rescanned copy; low-resolution archive]

endstream
endobj
%%EOF
",641,e73d8b9f5b7f860beac07b3e72c41874d479212783c26c63ae28c3ef7649ae50,GRP-11-10,hard,test,ocr,False,True,False
DOC-0716,class_12_marksheet_DOC-0716.jpg,jpg,Class 12 Marksheet,"SYNTHETIC-JPG-IMAGE
# raster stand-in; OCR text follows
TITLE: Class 12 Marksheet
SENIOR SCHOOL CE RTIFICATE (CLASS 12) MARKSHEET — CISCE (SYNTHETIC)
St udent: Rahul Na ir
Sch ool: Vi dya Niketan, K o1k4ta
Roll no: 6293503
Year of p4ssing: 2020
En9li5h: 80/100
Ma7hematics: 88/100
Phy5ics: 79/1 00
Chemistry: 74/100
Compu7er Science: 91/100
Resu lt:  PASS   Division: II

School a1so offer5 Clas5 10. Candid 4t3 name appears on both rolls.
Subjects over1ap: En9lish , Mathe matics, Sci3nce-r3lated p4pers.
This cer7ifie5 Class  12 performance only.

[rescanned copy; low-resolution archive]

",594,97733a9a5c1cee79fb55a83ab6409cd20e975370359054d75cb13764d4257bb5,GRP-11-11,hard,train,ocr,False,True,False
DOC-0717,class_12_marksheet_DOC-0717.pdf,pdf,Class 12 Marksheet,"%PDF-1.4
% synthetic text-bearing stand-in
1 0 obj
<< /Title (Class 12 Marksheet) >>
stream
SENIOR SCHOOL CERTIFICATE (CLASS 12) MARKSHEET — CBSE (SYNTHETIC)
Stud ent: Isha Reddy 
School: Greenfield Public School, Bengaluru

[rescanned copy; low-resolution archive]

endstream
endobj
%%EOF
",292,d040c7d0d793df46ec170af977eacf4747bb98d63a47fff3ce2487bea50c723b,GRP-11-12,medium,validation,ocr,False,True,False
DOC-0718,class_12_marksheet_DOC-0718.png,png,Class 12 Marksheet,"SYNTHETIC-PNG-IMAGE
# raster stand-in; OCR text follows
TITLE: Class 12 Marksheet
SENIOR SCHOOL CERTIFICATE (CLASS 12) MARKSHEET — State Board (SYNTHETIC)
Studen7: Meera P4tel
School: Greenfield Public School, Mumbai
Roll no: 8101197
Year of passing: 2018
English: 80/100
Mathematics: 88/100
Physics: 79/100
Chemistry: 74/100
Computer Scienc3: 91/100
Result: PASS  Division: II

School also off3rs Class 10. Candidate  name appears on both rolls.
Subjects overlap: English, Mathematics, Science-related papers.
This certifies Class 12 performance only.

[rescanned copy; low-resolution archive]

",598,751a759a2516ba61af3fed0b7aadd8b07319d7c92f8e43b8653dd1297e01b2bc,GRP-11-13,hard,train,ocr,False,True,False
DOC-0719,class_12_marksheet_DOC-0719.docx,docx,Class 12 Marksheet,"<?xml version='1.0' encoding='UTF-8'?>
<w:document>
<w:title>Class 12 Marksheet</w:title>
<w:body>SENIOR SCHOOL CERTIFI CATE (CLASS 12) MARKSHEET —  NIOS  (SYNTHETIC)
Student: Ananya Reddy
School: Lakeside Senior Secondary School, Kolkata
Roll no: 5750242
Year of passing: 2019
English: 80/100
Mathematics: 88/100
Physics: 79/100
Chemistry: 74/100 
Computer Science: 91/100
Result: PASS  Division: I

School also offers Class 10. Candidate name appears on both rolls.
Subjec7s overlap: English, Mathematics, Science- related papers.
This cer7ifies Class 12 performance only.

[rescanned copy; low-resolution archive]
</w:body>
</w:document>
",643,67f2c6f11d47484c3607ab0047017444d1eee20082003ad5be30baafea84012b,GRP-11-14,hard,train,ocr,False,True,False
DOC-0720,class_12_marksheet_DOC-0720.png,png,Class 12 Marksheet,"SYNTHETIC-PNG-IMAGE
# raster stand-in; OCR text follows
TITLE: Class 12 Marksheet
SENIOR SCHOOL CERTIFICATE (CLASS 12) MARKSHE ET — NIOS (SYNTHETIC)
Student: Dev Reddy
School: Vidya Nike7an, 8engaluru
Roll no: 9027140
 Year of passing: 202 0
English: 80/100
Mathematics: 88/100
Physic5: 79/100
Chemistry: 74/100
Computer Sci3nce: 91/100
Result: PA SS  Division: II

School  also offers Class 10. Candidate name appears on bo th rolls.
Subjects overlap: Eng1ish, M47hem atics, Scie nce-related papers.
This certifies Class 12 performance on1y.

[rescanned copy; low-resolution archive]

",588,db710055c46c0bdc1787322319f6bde312fa49a7319cb0aa49080b2196526daa,GRP-11-15,hard,train,ocr,False,True,False
DOC-0721,company_constitution_and_board_resolution_DOC-0721.png,png,Company Constitution & Board Resolution,"SYNTHETIC-PNG-IMAGE
# raster stand-in; OCR text follows
TITLE: Company Constitution & Board Resolution
COMPANY CONSTITUTION & BOARD RESOLUTION (SYNTHETIC)
Company: Meridian Textiles Pvt Ltd
CIN (synthetic): U13922AHM2017PTC881317
Extract of minutes dated 04-08-2024
RESOLVED THAT Dev Iyer, Director, is authorised to borrow from State Bank of India upto INR 16,619,662.51 and execute charge documents.
Quorum present. Resolution passed unanimously.
Certified true copy of AoA/MoA clauses on borrowing powers attached.

",519,b37d4be08328397d53d15825c669e053bde1df68800e6f63b0dace9e3d621d8b,GRP-12-00,easy,validation,clean,False,False,False
DOC-0722,itr_0722.png,png,Company Constitution & Board Resolution,"SYNTHETIC-PNG-IMAGE
# raster stand-in; OCR text follows
TITLE: Company Constitution & Board Resolution
COMPANY CONSTITUTION & BOARD RESOLUTION (SYNTHETIC)
Company: Meridian Textiles Pvt Ltd
CIN (synthetic): U60833KOL2019PTC768657
Extract of minutes dated 08-11-2024
RESOLVED THAT Dev Nair, Director, is authorised to borrow from ICICI Bank upto INR 5,718,649.93 and execute charge documents.
Quorum present. Resolution passed unanimously.
Certified true copy of AoA/MoA clauses on borrowing powers attached.

",509,e3270dc82c519e6f1dacec2423bb3105c85f40b775271cbafb8731a8191dc7bd,GRP-12-01,easy,test,clean,False,False,True
DOC-0723,credit_card_statement_0723.pdf,pdf,Company Constitution & Board Resolution,"%PDF-1.4
% synthetic text-bearing stand-in
1 0 obj
<< /Title (Company Constitution & Board Resolution) >>
stream
COMPANY CONSTITUTION & BOARD R ESOLUTIO N (SYNTHETIC)
Company: Helios Manufacturing Pvt Ltd
C IN (synthetic ): U20718KOL2018P TC573886
Extract of minutes dated 17-12-2024
RESOLVED THAT Ananya Nair, Di rect0r, is authorise d to borr0w from HDFC Bank upto  INR 6,341, 414.11 and 3xecute charg3 d0cuments.
Quorum present. Resoluti0n passed unanimously.
C3rtified true cop y of AoA/MoA clauses on borr0wing powers  attached.

endstream
endobj
%%EOF
",558,40e8f8bd0ab35a1f2befdad5898a228cda7de2d0198d47be12f9d687339ddc7b,GRP-12-02,medium,train,noisy,False,False,True
DOC-0724,company_constitution_and_board_resolution_DOC-0724.pdf,pdf,Company Constitution & Board Resolution,"%PDF-1.4
% synthetic text-bearing stand-in
1 0 obj
<< /Title (Company Constitution & Board Resolution) >>
stream
COMPANY CONSTITUTION & BOARD RESOLUTION (SYNTHETIC)
Company: Nimbus Payments Pvt Ltd
CIN (synthetic): U40324AHM2017PTC134269
Extract of minutes dated 21-01-2024
RESOLVED THAT Rahul Gupta, Director, is authorised to borrow from State Bank of India upto INR 11,502,220.16 and execute charge documents.
Quorum present. Resolution passed unanimously.
Certified true copy of AoA/MoA clauses on borrowing powers attached.

endstream
endobj
%%EOF
",553,ca20704e4df61bc0a96bc544e6b0ac0418b817ee4cd002870e17e9286e8c96f0,GRP-12-03,easy,train,clean,False,False,False
DOC-0725,company_constitution_and_board_resolution_DOC-0725.txt,txt,Company Constitution & Board Resolution,"Company Constitution & Board Resolution

COMPANY CONSTITUTION & BOARD RESOLUTION (SYNTHETIC)
Company: Nimbus Payments Pvt Ltd
CIN (synthetic): U29743AHM2017PTC175325

",167,109043162e067dae2dd67080ec432d72ea4ee5dfcb9a58011472de4e69a85d21,GRP-12-04,hard,train,sparse,False,False,False
DOC-0726,company_constitution_and_board_resolution_DOC-0726.jpg,jpg,Company Constitution & Board Resolution,"SYNTHETIC-JPG-IMAGE
# raster stand-in; OCR text follows
TITLE: Company Constitution & Board Resolution
COMPANY CONSTITUTION & BOARD RESOLUTION (SYNTHETIC)
Company: Harborlight Logistic5 Ltd
CIN (synthe7ic): U95165CHE2014PTC672185
 Extract of minutes dated 17-04-2024
RESOLVED THAT Isha Khan, Director, is authorised to borr0w from ICICI Bank upto INR 30,446,598.29 and execute charge documents.
Quorum pres3nt . Resolution passed unanimously.
Certified true copy of AoA/MoA clauses on borrowing powers attached.
Security may include pr0perty mortgag3 as collateral.

",567,129572d84351e04fa40b0937920ff7d1fb85de4ac44d8557e09f5c77cd1ad248,GRP-12-05,hard,train,ocr,False,False,False
DOC-0727,company_constitution_and_board_resolution_DOC-0727.pdf,pdf,Company Constitution & Board Resolution,"%PDF-1.4
% synthetic text-bearing stand-in
1 0 obj
<< /Title (Company Constitution & Board Resolution) >>
stream
COMPANY CONSTITUTION & BOARD RESOLUTION (SYNTHETIC)
Company: Meridian Textiles Pvt Ltd
CIN (synthetic): U43641PUN2015PTC739371
Extract of minutes dated 11-03-2024
RESOLVED THAT Arjun Reddy, Director, is authorised to borrow from ICICI Bank upto INR 14,610,312.14 and execute charge documents.
Quorum present. Resolution passed unanimously.
Certified true copy of AoA/MoA clauses on borrowing powers attached.
Security may include property mortgage as collateral.

endstream
endobj
%%EOF
",600,7e5f775ca245c8c1bcb542b37b82076d81ea25bab0a4c88b934f0bfd9a4c1d33,GRP-12-06,hard,train,clean,False,False,False
DOC-0728,company_constitution_and_board_resolution_DOC-0728.pdf,pdf,Company Constitution & Board Resolution,"%PDF-1.4
% synthetic text-bearing stand-in
1 0 obj
<< /Title (Company Constitution & Board Resolution) >>
stream
COMPANY CONSTITUTION & BOARD RESOLUTION (SYNTHETIC)
Company: Harborlight Logistics Ltd
CIN (synthetic): U38121DEL2014PTC647168

endstream
endobj
%%EOF
",264,c55376e5a7a36e57db748ecc9c31273e0c3dc3fab068e941e71b9397b072ec1f,GRP-12-07,medium,validation,sparse,False,False,False
DOC-0729,gst_registration__gst_return_0729.docx,docx,Company Constitution & Board Resolution,"<?xml version='1.0' encoding='UTF-8'?>
<w:document>
<w:title>Company Constitution & Board Resolution</w:title>
<w:body>COMPANY CONSTITUTION & BOARD RESOLUTION (SYNTHETIC)
Company: Cedar Grove Properties Ltd
CIN (synthetic): U21141AHM2014PTC176418
Extract of minutes dated 04-02-2024
RESOLVED THAT Meera Iyer, Director, is authorised to borrow from ICICI Bank upto INR 18,549,206.30 and execute charge documents.
Quorum present. Resolution passed unanimously.
Certified true copy of AoA/MoA clauses on borrowing powers attached.
</w:body>
</w:document>
",552,184e7e12abdf35b82f3354fbd363749daf2bcace65d1fc165273769d0cc02af0,GRP-12-08,easy,train,clean,False,False,True
DOC-0730,company_constitution_and_board_resolution_DOC-0730.pdf,pdf,Company Constitution & Board Resolution,"%PDF-1.4
% synthetic text-bearing stand-in
1 0 obj
<< /Title (Company Constitution & Board Resolution) >>
stream
COMPANY CONSTITUTION & BOARD RESOLUTION (SYNTHETIC)
Company: Harborlight Logistics Ltd
CIN (synthetic): U40738DEL2018PTC464760
Extract of minutes dated 11-08-2024
RESOLVED THAT Rahul Gupta, Director, is authorised to borrow from ICICI Bank upto INR 24,558,157.20 and execute charge documents.
Quorum present. Resolution passed unanimously.
Certified true copy of AoA/MoA clauses on borrowing powers attached.

endstream
endobj
%%EOF
",546,e7bfdb69e305fdffb0e885160d01240ff913303596ebab2bdecf44551ae6456c,GRP-12-09,easy,train,clean,False,False,False
DOC-0731,company_constitution_and_board_resolution_DOC-0731.eml,eml,Company Constitution & Board Resolution,"From: records-noreply@synthetic.example
To: intake@lender.example
Subject: Company Constitution & Board Resolution
MIME-Version: 1.0
Content-Type: text/plain; charset=UTF-8

COMPANY CONSTITUTION & BOARD RESOLUTION (SYNTHETIC)
Company: Meridian Textiles Pvt Ltd
CIN (synthetic): U42125MUM2022PTC629143
Extract of minutes dated 11-06-2024
RESOLVED THAT Arjun Gupta, Director, is authorised to borrow from Axis Bank upto INR 39,523,461.08 and execute charge documents.
Quorum present. Resolution passed unanimously.
Certified true copy of AoA/MoA clauses on borrowing powers attached.
Security may include property mortgage as collateral.

",637,8b76fd7ca71bd5d867310afaceb7a3663bd1c55c23eda0bf3117bf4163fb8dd8,GRP-12-10,hard,train,clean,False,False,False
DOC-0732,company_constitution_and_board_resolution_DOC-0732.jpg,jpg,Company Constitution & Board Resolution,"SYNTHETIC-JPG-IMAGE
# raster stand-in; OCR text follows
TITLE: Company Constitution & Board Resolution
COMPANY CONSTITUTION & BOARD RESOLUTION (SYNTHETIC)
Company: Meridian Textiles Pvt Ltd
CIN (synthetic): U70729PUN2015PTC948051
Extract of minutes dated 12-12-2024
RESOLVED THAT Dev Joshi, Director, is authorised to borrow from State Bank of India upto INR 29,444,476.27 and execute charge documents.
Quorum present. Resolution passed unanimously.
Certified true copy of AoA/MoA clauses on borrowing powers attached.

",520,6669aa105369381f586584f0132f8326e77e9e991481a269297c80975142bcad,GRP-12-11,easy,train,clean,False,False,False
DOC-0733,proof_of_identity_0733.jpg,jpg,Company Constitution & Board Resolution,"SYNTHETIC-JPG-IMAGE
# raster stand-in; OCR text follows
TITLE: Company Constitution & Board Resolution
COMPANY CONSTITUTION & BOARD RESOLUTION (SYNTHETIC)
Company: Meridian Textiles Pvt L7d
CIN (synthetic): U79352BEN2021PTC794322
Extract of minutes dated 02-03-20 24
RESOLVED THAT Isha Sharma, Dir3ctor, is authorised to borrow from S7ate Bank of India upto INR 44,219,815.36 and execute charge documents.
Quorum present. Resolution passed unanimously.
Certified true copy of AoA/MoA clauses on borrowing power5 attached.

",523,eeddfca9c2c4b21f6669cae95539df1b8043cbe53d28cd2571f2300649f92956,GRP-12-12,medium,validation,ocr,False,False,True
DOC-0734,company_constitution_and_board_resolution_DOC-0734.pdf,pdf,Company Constitution & Board Resolution,"%PDF-1.4
% synthetic text-bearing stand-in
1 0 obj
<< /Title (Company Constitution & Board Resolution) >>
stream
COMPANY CONSTITUTION & BOARD RESOLUTION (SYNTHETIC)
Company: Meridian Textiles Pvt Ltd
CIN (synthetic): U27521KOL2015PTC117230
Extract of minutes dated 19-01-2024
RESOLVED THAT Isha Patel, Director, is authorised to borrow from Kotak Mahindra Bank upto INR 24,891,760.13 and execute charge documents.
Quorum present. Resolution passed unanimously.
Certified true copy of AoA/MoA clauses on borrowing powers attached.

endstream
endobj
%%EOF
",554,7ec663933e1f48c4d288e957d439aa0b0e44f2c9071c6632c831df12bb8268f8,GRP-12-13,easy,train,clean,False,False,False
DOC-0735,gst_registration__gst_return_0735.pdf,pdf,Company Constitution & Board Resolution,"%PDF-1.4
% synthetic text-bearing stand-in
1 0 obj
<< /Title (Company Constitution & Board Resolution) >>
stream
COMPANY CONSTITUTION & BOARD RESOLUTION (SYNTHETIC)
Company: Helios Manufacturing Pvt Ltd
CIN (synthetic): U76536PUN2020PTC288682
Extract of minutes dated 07-03-2024
RESOLVED THAT Dev Nair, Director, is authorised to borrow from HDFC Bank upto INR 13,182,536.39 and execute charge documents.
Quorum present. Resolution passed unanimously.
Certified true copy of AoA/MoA clauses on borrowing powers attached.

endstream
endobj
%%EOF
",545,f8cfbeeb63705079cb8f31fc5a61feeade79d60fb10bbdac63ce6ce5cceffdea,GRP-12-14,easy,test,clean,False,False,True
DOC-0736,company_constitution_and_board_resolution_DOC-0736.pdf,pdf,Company Constitution & Board Resolution,"%PDF-1.4
% synthetic text-bearing stand-in
1 0 obj
<< /Title (Company Constitution & Board Resolution) >>
stream
COMPANY CONSTITUTION & BOARD RESOLUTION (SYNTHETIC)
Company: Harborlight Logistics Ltd
CIN (synthetic): U29425KOL2014PTC729661
Extract of minutes dated 01-04-2024
RESOLVED THAT Kabir Das, Director, is authorised to borrow from HDFC Bank upto INR 5,592,163.32 and execute charge documents.
Quorum present. Resolution passed unanimously.
Certified true copy of AoA/MoA clauses on borrowing powers attached.

endstream
endobj
%%EOF
",542,d4003f3b6c208791dcd3e2cf918ee520fc44a11e8a897b02ea1aff5e3f9a79e1,GRP-12-15,easy,train,clean,False,False,False
DOC-0737,company_constitution_and_board_resolution_DOC-0737.xlsx,xlsx,Company Constitution & Board Resolution,"title,Company Constitution & Board Resolution
r0,COMPANY CONSTITUTION & BOARD RESOLUTION (SYNTHETIC)
r1,Company: Helios Manufacturing Pvt Ltd
r2,CIN (synthetic): U45493KOL2014PTC526865
r3,Extract of minutes dated 01-08-2024
r4,RESOLVED THAT Rahul Nair; Director; is authorised to borrow from Axis Bank upto INR 40;814;973.52 and execute charge documents.
r5,Quorum present. Resolution passed unanimously.
r6,Certified true copy of AoA/MoA clauses on borrowing powers attached.
r7,Security may include property mortgage as collateral.
",534,9e7e143aee7bb90c0f6e9d6651c3d214be44269f4448b619ccee550c974c205b,GRP-12-16,hard,train,clean,False,False,False
DOC-0738,company_constitution_and_board_resolution_DOC-0738.png,png,Company Constitution & Board Resolution,"SYNTHETIC-PNG-IMAGE
# raster stand-in; OCR text follows
TITLE: Company Constitution & Board Resolution
COMPANY CONSTITUTION  & BOARD RESOLUTION (SYNTHETIC)
Company: Meridian Textiles Pvt Ltd
CIN (synthetic): U14285AHM2016PTC807126
Extract of minute5 dat3d 04-11-2024
RESOLVED TH AT Isha Nair, Director, is authorised to borrow from Axis Bank upto INR 17,199,146.71 and execute charge docum3nts.
Quorum present. Resolution passed unanimously.
Certified true copy of AoA/MoA clauses on borr0win9 powers at7ached.
Security may include property mortgage as collatera1.

",566,9a61ebb8a4ca6df750fd1f2decf974e68d1a9e8701b02d899abd4a5439f576b3,GRP-12-17,hard,train,ocr,False,False,False
DOC-0739,gst_registration__gst_return_0739.tiff,tiff,Company Constitution & Board Resolution,"SYNTHETIC-TIFF-IMAGE
# raster stand-in; OCR text follows
TITLE: Company Constitution & Board Resolution
COMPANY CONSTITUTION & BOARD RESOLUTION (SYNTHETIC)
Company: Harborlight Logistics Ltd
CIN (synthetic): U34500HYD2014PTC638094

",232,78c368fbf03eab26483f3682b21cae5bbacfd33553543a42793ba99b7b6bde57,GRP-12-18,medium,train,sparse,False,False,True
DOC-0740,company_constitution_and_board_resolution_DOC-0740.docx,docx,Company Constitution & Board Resolution,"<?xml version='1.0' encoding='UTF-8'?>
<w:document>
<w:title>Company Constitution & Board Resolution</w:title>
<w:body>COMPANY CONSTITUTION & BOARD RESOLUTION (SYNTHETIC)
 Company : Meridian Textiles Pvt Ltd
CIN (syn7hetic): U39359DEL2018PTC391447
 Extrac7 of minutes dated  20-09-2024
RESOLVED THAT Kabir Gupta, Director, is authori5ed to borrow from HDFC Ban k upto  INR 12,868,0 30.39 and ex3cut3 ch4rge documents.
Quorum present. Resolution passed unanimo usly.
Cer7ifi3d true copy of AoA/ MoA c l4uses 0n borr0wing powers 4t7ached.
</w:body>
</w:document>
",561,7ac07c8f1c668dbc5d847a699a77882a0b0c45f6908617a10f2b450b44b361a5,GRP-12-19,medium,test,noisy,False,False,False
DOC-0741,company_constitution_and_board_resolution_DOC-0741.docx,docx,Company Constitution & Board Resolution,"<?xml version='1.0' encoding='UTF-8'?>
<w:document>
<w:title>Company Constitution & Board Resolution</w:title>
<w:body>COMPANY CONSTITUTION & BOARD RESOLUTION (SYNTHETIC)
Company: Nimbus Payments Pvt Ltd
CIN (synthetic): U64260PUN2012PTC663685
Extract of minutes dated 12-06-2024
RESOLVED THAT Rahul Reddy, Director, is authorised to borrow from Kotak Mahindra Bank upto INR 46,217,875.19 and execute charge documents.
Quorum present. Resolution passed unanimously.
Certified true copy of AoA/MoA clauses on borrowing powers attached.
</w:body>
</w:document>
",559,e29ff3c65b0d4bb46d38e55dbbe2218fc88c13e83f42ce0c6319571a432c99ba,GRP-12-20,easy,test,clean,False,False,False
DOC-0742,company_constitution_and_board_resolution_DOC-0742.pdf,pdf,Company Constitution & Board Resolution,"%PDF-1.4
% synthetic text-bearing stand-in
1 0 obj
<< /Title (Company Constitution & Board Resolution) >>
stream
COMPANY CONSTITUTION & BOARD RESOLUTION (SYNTHETIC)
Company: Helios Manufacturing Pvt Ltd
CIN (synthetic): U61715MUM2017PTC580333
Extract of minutes dated 22-09-2024
RESOLVED THAT Dev Patel, Director, is authorised to borrow from HDFC Bank upto INR 37,956,353.40 and execute charge documents.
Quorum present. Resolution passed unanimously.
Certified true copy of AoA/MoA clauses on borrowing powers attached.
Security may include property mortgage as collateral.

endstream
endobj
%%EOF
",600,fda2889bbf7021c8ac66df9b246ed4a7ab90ec340dec3dfbd786f3b2baf0bd23,GRP-12-21,hard,train,clean,False,False,False
DOC-0743,itr_0743.pdf,pdf,Company Constitution & Board Resolution,"%PDF-1.4
% synthetic text-bearing stand-in
1 0 obj
<< /Title (Company Constitution & Board Resolution) >>
stream
COMPANY CONSTITUTION & BOARD RESOLUTION (SYNTHETIC)
Company: Cedar Grove Properties Ltd
CIN (synthetic): U37216BEN2019PTC515502
Extract of minutes dated 20-10-2024
RESOLVED THAT Kabir Gupta, Director, is authorised to borrow from Axis Bank upto INR 22,673,334.98 and execute charge documents.
Quorum present. Resolution passed unanimously.
Certified true copy of AoA/MoA clauses on borrowing powers attached.

endstream
endobj
%%EOF
",546,f66a7e66af17c5bd183bf83c647724843aca03c350ac199e2df5de3cb9968cca,GRP-12-22,easy,validation,clean,False,False,True
DOC-0744,company_constitution_and_board_resolution_DOC-0744.pdf,pdf,Company Constitution & Board Resolution,"%PDF-1.4
% synthetic text-bearing stand-in
1 0 obj
<< /Title (Company Constitution & Board Resolution) >>
stream
COMPANY CONSTITUTION & BOARD RESOLUTION (SYNTHETIC)
Company:  Meridian Textiles Pvt Ltd
CIN (synthetic): U83150HYD2019PTC372152
Extract of minutes dated 18-03-2024
RESOLVED THAT Vikram Sharma, Dir 3ctor, is authori 5ed to borrow fr0m  ICICI Bank upto INR  43,928,550.83 and execute charge document5.
Quorum present. Reso1ution passed unanimou5ly.
Certified 7rue copy of AoA/MoA claus e5 on borrowing powers attached.

endstream
endobj
%%EOF
",554,93f4fc1f58ccde86c8a1e94b9d17ae0b115829fcea7947660fa2cf3912afe0d1,GRP-12-23,medium,test,noisy,False,False,False
DOC-0745,company_constitution_and_board_resolution_DOC-0745.pdf,pdf,Company Constitution & Board Resolution,"%PDF-1.4
% synthetic text-bearing stand-in
1 0 obj
<< /Title (Company Constitution & Board Resolution) >>
stream
COMPANY CONSTIT UTION & BOA RD RESOLUTION (SYNTHETIC)
 Compan y: Meridian Textiles Pvt Ltd
CIN (5ynthetic): U79927DEL2018PTC767092
Extract of minutes dated 11-12-2024
RESOLVED THAT Sn3ha Das, Director, is authorised t0 b0rrow from ICICI Bank upto INR 47,342,787.46 and execute charge documents.
Quorum present. Resolution passed u nanimously.
Certified true copy of AoA/MoA clause5 on borrowing powers a7tached.

endstream
endobj
%%EOF
",549,b5cc3d2dce5ff5ba3eb09f050337af908505efe02c36722cce1d89649d065c53,GRP-12-24,medium,validation,ocr,False,False,False
DOC-0746,company_constitution_and_board_resolution_DOC-0746.docx,docx,Company Constitution & Board Resolution,"<?xml version='1.0' encoding='UTF-8'?>
<w:document>
<w:title>Company Constitution & Board Resolution</w:title>
<w:body>COMPANY CONSTITUTION & BOARD RESOLUTION (SYNTHETIC)
Company: Cedar Grove Properties Ltd
CIN (synthetic): U62433MUM2017PTC798152
</w:body>
</w:document>
",271,76623cae6c674a27f3468c19357c6cc5e58205c3410d17efbad00ff7c1148747,GRP-12-25,hard,train,sparse,False,False,False
DOC-0747,class_10_marksheet_0747.png,png,Company Constitution & Board Resolution,"SYNTHETIC-PNG-IMAGE
# raster stand-in; OCR text follows
TITLE: Company Constitution & Board Resolution
COMPANY CONSTITUTION & BOARD RESOLUTION (SYNTHETIC)
Company: Cedar Grove Properties Ltd
CIN (synthetic): U78348CHE2021PTC643649
Extract of minutes dated 18-12-2024
RESOLVED THAT Sneha Iyer, Director, is authorised to borrow from State Bank of India upto INR 12,412,959.22 and execute charge documents.
Quorum present. Resolution passed unanimously.
Certified true copy of AoA/MoA clauses on borrowing powers attached.

",522,57b18e503ee1a40f9ffb14296c8e249a2baa584fe2a354821b0bc88715f6f72c,GRP-12-26,easy,train,clean,False,False,True
DOC-0748,company_constitution_and_board_resolution_DOC-0748.pptx,pptx,Company Constitution & Board Resolution,"# Slide 1: Company Constitution & Board Resolution

# Slide 2
COMPANY CONSTITUTION & BOARD RESOLUTION (SYNTHETIC)
Company: Nimbus Payments Pvt Ltd
CIN (synthetic): U94731AHM2022PTC556750
Extract of minutes dated 27-07-2024

# Slide 3
RESOLVED THAT Meera Nair, Director, is authorised to borrow from ICICI Bank upto INR 12,980,296.67 and execute charge documents.
Quorum present. Resolution passed unanimously.
Certified true copy of AoA/MoA clauses on borrowing powers attached.
",479,a289c5a14d3554938d5cf7307eaf471786e26171a3659c913089f3ae05c70f5d,GRP-12-27,easy,test,clean,False,False,False
DOC-0749,company_constitution_and_board_resolution_DOC-0749.pdf,pdf,Company Constitution & Board Resolution,"%PDF-1.4
% synthetic text-bearing stand-in
1 0 obj
<< /Title (Company Constitution & Board Resolution) >>
stream
COMPANY CONSTITUTION & BOARD RESOLUTION (SYNTHETIC)
Company: Cedar Grove Properties Ltd
CIN (synthetic): U48181AHM2018PTC701456

endstream
endobj
%%EOF
",265,2aa72f77aa5cc8290e1a338bed32c1b1488e7d1e97ccf114c3d26549f36e170e,GRP-12-28,medium,train,sparse,False,False,False
DOC-0750,company_constitution_and_board_resolution_DOC-0750.pdf,pdf,Company Constitution & Board Resolution,"%PDF-1.4
% synthetic text-bearing stand-in
1 0 obj
<< /Title (Company Constitution & Board Resolution) >>
stream
COMPANY CONSTITUTION & BOARD RESOLUTION (SYNTHETIC)
Company: Cedar Grove Properties Ltd
CIN  (synthetic):  U83689HYD2014PTC175260
Extr4c7 of minutes dated 26-12-2024
RESOLVED THAT Ana nya Joshi, Directo r, is 4uthoris3d t0 borrow from Kotak  Mahindra Bank upto INR 25,857,489.19 and execut3 charge d0cuments.
Quorum p r3s ent. Resolution pa5sed unanim0usly.
Certifi3d tru3 copy of AoA/MoA clauses on borrowing powers attached.

endstream
endobj
%%EOF
",564,144346267f6fcd16c3385041990f4d89ae3d464386d9283c94c4071131353e97,GRP-12-29,medium,test,noisy,False,False,False
DOC-0751,company_constitution_and_board_resolution_DOC-0751.pdf,pdf,Company Constitution & Board Resolution,"%PDF-1.4
% synthetic text-bearing stand-in
1 0 obj
<< /Title (Company Constitution & Board Resolution) >>
stream
COMPANY CONSTITUTION & BOARD RESOLUTION (SYNTHETIC)
Company: Helios Manufacturing Pvt Ltd
CIN (synthetic): U78415KOL2020PTC539549
Extract of minutes dated 27-04-2024
RESOLVED THAT Sneha Khan, Director, is authorised to borrow from ICICI Bank upto INR 46,290,570.65 and execute charge documents.
Quorum present. Resolution passed unanimously.
Certified true copy of AoA/MoA clauses on borrowing powers attached.

endstream
endobj
%%EOF
",548,9631dede688dedd24e487192bd0b23b57e0c080eb3dc6cd22fdd55cc4837725d,GRP-12-30,easy,train,clean,False,False,False
DOC-0752,company_constitution_and_board_resolution_DOC-0752.pdf,pdf,Company Constitution & Board Resolution,"%PDF-1.4
% synthetic text-bearing stand-in
1 0 obj
<< /Title (Company Constitution & Board Resolution) >>
stream
COMPANY CONSTITUTION & BOARD RESOLUTION (SYNTHETIC)
Company: Nimbus Payments Pvt Ltd
CIN (synthetic): U19499KOL2013PTC687393
Extract of minutes dated 03-10-2024
RESOLVED THAT Meera Gupta, Director, is authorised to borrow from ICICI Bank upto INR 24,498,843.67 and execute charge documents.
Quorum present. Resolution passed unanimously.
Certified true copy of AoA/MoA clauses on borrowing powers attached.
Security may include property mortgage as collateral.

endstream
endobj
%%EOF
",598,3658c88964f7861e064eaa5f167417d5ba9d2db8abfb19a42e315190810281ca,GRP-12-31,hard,train,clean,False,False,False
DOC-0753,company_constitution_and_board_resolution_DOC-0753.pdf,pdf,Company Constitution & Board Resolution,"%PDF-1.4
% synthetic text-bearing stand-in
1 0 obj
<< /Title (Company Constitution & Board Resolution) >>
stream
COMPANY CONSTITUTION & BOARD RESOLUTION (SYNTHETIC)
Company: Nimbus Payments Pvt Ltd
CIN (synthetic): U40695MUM2012PTC403943
Extract of minutes dated 07-11-2024
RESOLVED THAT Rahul Gupta, Director, is authorised to borrow from Kotak Mahindra Bank upto INR 4,501,736.99 and execute charge documents.
Quorum present. Resolution passed unanimously.
Certified true copy of AoA/MoA clauses on borrowing powers attached.

endstream
endobj
%%EOF
",552,14fbd5155c24a5a9f0888b3de05aa6c3dc53928ac689b980de5dddd73db9bfef,GRP-12-32,easy,train,clean,False,False,False
DOC-0754,company_constitution_and_board_resolution_DOC-0754.jpg,jpg,Company Constitution & Board Resolution,"SYNTHETIC-JPG-IMAGE
# raster stand-in; OCR text follows
TITLE: Company Constitution & Board Resolution
COMPANY CONSTITUTION & BOARD RESOLUTION (SYNTHETIC)
Company: Cedar Gr0ve P roperties Ltd
CIN (synthetic): U42490HYD2020PTC993104
Ex7ract of minutes dated 05-04- 2024
RESOLVED THAT Arjun Pat3l, Director, is autho ris3d 7o borrow from K0tak Mahindra Bank upto INR 34,972,610.75 and execute charge documents.
Quorum present. Resolut ion passed unanimously.
Certifie d true copy of AoA/MoA clause5 on b0rrowing powers att4ch ed.

",529,72e98908e0774fa9f9f2286fb16f84d7bbe80fcb788c280ff4d4e79d6bdb6c7e,GRP-12-33,medium,train,ocr,False,False,False
DOC-0755,company_constitution_and_board_resolution_DOC-0755.pdf,pdf,Company Constitution & Board Resolution,"%PDF-1.4
% synthetic text-bearing stand-in
1 0 obj
<< /Title (Company Constitution & Board Resolution) >>
stream
COMPANY CONSTITUTION & BOARD RESOLUTION (SYNTHETIC)
Company: Helios Manufacturin9 Pv7 Ltd
CIN (synth etic): U88229HYD2012PTC202467
Extr4ct of minutes dated 07-07-2024
RESOLVED THAT Ananya Nair, Director, is authorised to borr0w from Kotak Mahindra Bank upto INR 12,135,580.01 and exec ute charge documents.
Quorum presen7. Res olution passed un4nimously.
Certifie d true copy of AoA/MoA clau5es on  borrowing powers  attached.
Security may include property mortgage as col1ateral.

endstream
endobj
%%EOF
",618,288a51869ebd138dab79f711fc0988da5274d319e90e10d864e4e46ed91b32cc,GRP-12-34,hard,train,ocr,False,False,False
DOC-0756,company_constitution_and_board_resolution_DOC-0756.pdf,pdf,Company Constitution & Board Resolution,"%PDF-1.4
% synthetic text-bearing stand-in
1 0 obj
<< /Title (Company Constitution & Board Resolution) >>
stream
COMPANY CONSTITUTION & BOARD RESOLUTION (SYNTHETIC)
Company: Nimbus Payments Pvt Ltd
CIN (synthetic): U91459HYD2019PTC566836
Extract of minutes dated 25-08-2024
RESOLVED THAT Meera Khan, Director, is authorised to borrow from HDFC Bank upto INR 27,600,312.13 and execute charge documents.
Quorum present. Resolution passed unanimously.
Certified true copy of AoA/MoA clauses on borrowing powers attached.

endstream
endobj
%%EOF
",542,c4354ebbc6e7a592abcaac4f29d80f37c4958d8eb992be56f0d4607248718ce8,GRP-12-35,easy,train,clean,False,False,False
DOC-0757,company_constitution_and_board_resolution_DOC-0757.jpg,jpg,Company Constitution & Board Resolution,"SYNTHETIC-JPG-IMAGE
# raster stand-in; OCR text follows
TITLE: Company Constitution & Board Resolution
COMPANY CONSTITUTION & BOA RD RESOLUTION (SYNTHETIC)
 Comp4ny: Cedar Grove Properties Ltd
CIN (synthetic): U42275PUN2018PTC937850
Extract of minute5 dated 09 -04-2024
RESOLVED THAT Arjun Nair,  Direc tor, is authorised to  b0rrow from Kotak Mahindra Bank upto INR 5,473,707.50 and execute charge docum3nts.
Quorum present. Resolution p4ssed unanimously.
Certified 7ru e copy 0f   AoA/MoA clauses on borrowing powers 477ached.

",530,16a80983093d6978a34331be2d82685c5be24fc59335f5eb17a21ce3512aca87,GRP-12-36,medium,train,noisy,False,False,False
DOC-0758,company_constitution_and_board_resolution_DOC-0758.pdf,pdf,Company Constitution & Board Resolution,"%PDF-1.4
% synthetic text-bearing stand-in
1 0 obj
<< /Title (Company Constitution & Board Resolution) >>
stream
COMPANY CONSTITUTION & BOARD RESOLUTION (SYNTHETIC)
Company: Nimbus Payments Pvt Ltd
CIN (synthetic): U44532BEN2020PTC485122
Extract of minutes dated 10-03-2024
RESOLVED THAT Vikram Menon, Director, is authorised t0 borrow from Kotak Mahindra Bank  upto INR 2,192,247.81 and execute charge documents.
Quorum pre5ent. R3solution passed unanimously.
Certified true copy o f AoA/MoA clauses on borrowing power5 a77ached.
Security m4y include prop erty mortgage as collat eral.

endstream
endobj
%%EOF
",611,21a01145f21216bf4f35fb3bf50717ae3efc8d1699f91d141730cabe2b18950f,GRP-12-37,hard,train,ocr,False,False,False
DOC-0759,company_constitution_and_board_resolution_DOC-0759.png,png,Company Constitution & Board Resolution,"SYNTHETIC-PNG-IMAGE
# raster stand-in; OCR text follows
TITLE: Company Constitution & Board Resolution
COMPANY CONSTITUTION & BOARD RESOLUTION (SYNTHETIC)
Company: Meridian Textiles Pvt Ltd
CIN (synthetic): U82098AHM2015PTC419160
Extract of minutes dated 25-01-2024
RESOLVED THAT Sneha Das, Director, is authorised to borrow from Axis Bank upto INR 21,968,745.48 and execute charge documents.
Quorum present. Resolution passed unanimously.
Certified true copy of AoA/MoA clauses on borrowing powers attached.
Security may include property mortgage as collateral.

",564,757a62ef33d7552f71b78d7f326c242abd682f488a57c1023e212cfc076efb8a,GRP-12-38,hard,train,clean,False,False,False
DOC-0760,company_constitution_and_board_resolution_DOC-0760.pdf,pdf,Company Constitution & Board Resolution,"%PDF-1.4
% synthetic text-bearing stand-in
1 0 obj
<< /Title (Company Constitution & Board Resolution) >>
stream
COMPANY CONSTITUTION & 8OARD RESOLUTI ON (SYNTHETIC)
Company: Nimbus Payments Pvt Ltd
CIN (synthetic): U37430HYD2012PTC374540
Extract of minutes dated 10-01-2024
RESOLV ED THAT Sneha Me non, Direct or,  is author ised to borrow from Axis Bank upto I NR 38,054,901.52 and execute charge documents.
Qu orum present. Resoluti0n passed unanimously. 
Certified tru3 c0py of AoA/MoA clauses on borrowing power5 attached.

endstream
endobj
%%EOF
",552,c31b0611ac17bc423efd3e560642de8d934ef58ce786ff9b68ab3af336286f2d,GRP-12-39,medium,train,ocr,False,False,False
DOC-0761,company_constitution_and_board_resolution_DOC-0761.docx,docx,Company Constitution & Board Resolution,"<?xml version='1.0' encoding='UTF-8'?>
<w:document>
<w:title>Company Constitution & Board Resolution</w:title>
<w:body>COMPANY CON STITUTION & BOAR D RESOLUTION (SYNTHETIC)
Company : Nimbu5 Paymen7s Pvt Ltd 
CIN (synthetic): U79122DEL2 015PTC891441
Extract of minu7es dated 15-02-2024
RESOLVED THAT Ish a Patel , Direc7or, is 4uth0r ised to borrow from S7ate Bank of India upto INR 47,241,901.38 and execu7e charge documen t5.
Quorum present. Reso1ution passed unanimously.
Certified true  copy of AoA/MoA clauses on borrowing powers  att ached.
</w:body>
</w:document>
",570,8b5917916f4939fc466e067d00feeecea35b2260c727c039da700a53a19805e3,GRP-12-40,medium,train,noisy,False,False,False
DOC-0762,company_constitution_and_board_resolution_DOC-0762.pdf,pdf,Company Constitution & Board Resolution,"%PDF-1.4
% synthetic text-bearing stand-in
1 0 obj
<< /Title (Company Constitution & Board Resolution) >>
stream
COMPANY CONSTITUTION & BOARD RESOLUTION (SYNTHETIC)
Company: Harborlight Logistics Ltd
CIN (synthetic): U88628PUN2015PTC136072
Extract of minutes dated 04-11-2024
RESOLVED THAT Rahul Iyer, Director, is authorised to borrow from Kotak Mahindra Bank upto INR 32,185,778.45 and execute charge documents.
Quorum present. Resolution passed unanimously.
Certified true copy of AoA/MoA clauses on borrowing powers attached.

endstream
endobj
%%EOF
",554,eb14f3c3b697127b94a329396cea7d40f611e0730818f9cdb7032ad4e97ab7fe,GRP-12-41,easy,train,clean,False,False,False
DOC-0763,company_constitution_and_board_resolution_DOC-0763.pdf,pdf,Company Constitution & Board Resolution,"%PDF-1.4
% synthetic text-bearing stand-in
1 0 obj
<< /Title (Company Constitution & Board Resolution) >>
stream
COMPANY CONSTITUTION & BOARD RESOLUTION (SYNTHETIC)
Company: Helios Manufacturing Pvt Ltd
CIN (synthetic): U96484DEL2015PTC746150
Extract of minutes dated 01-04-2024
RESOLVED THAT Sneha Das, Director, is authorised to borrow from State Bank of India upto INR 25,654,322.14 and execute charge documents.
Quorum present. Resolution passed unanimously.
Certified true copy of AoA/MoA clauses on borrowing powers attached.

endstream
endobj
%%EOF
",556,6eaffffd85cf492dc2eb73a5fa449456e6c5e5f7e4725488f5bbe3b368ce7433,GRP-12-42,easy,validation,clean,False,False,False
DOC-0764,company_constitution_and_board_resolution_DOC-0764.jpg,jpg,Company Constitution & Board Resolution,"SYNTHETIC-JPG-IMAGE
# raster stand-in; OCR text follows
TITLE: Company Constitution & Board Resolution
COMPANY CONSTITUTION & BOARD RESOLUTION (SYNTHETIC)
Company: Nimbus Payments Pvt Ltd
CIN (synthetic): U94439HYD2018PTC206772

",229,d9fb27822708c060e040e2f39d489fb5da210b5432eff9294626dba125903c79,GRP-12-43,medium,train,sparse,False,False,False
DOC-0765,company_constitution_and_board_resolution_DOC-0765.png,png,Company Constitution & Board Resolution,"SYNTHETIC-PNG-IMAGE
# raster stand-in; OCR text follows
TITLE: Company Constitution & Board Resolution
COMPANY CONSTITUTION & BOARD RESOLUTION (SYNTHETIC)
Company: Meridian Textiles Pvt Ltd
CIN (synthetic): U13922AHM2017PTC881317
Extract of minutes dated 04-08-2024
RESOLVED THAT Dev Iyer, Director, is authorised to borrow from State Bank of India upto INR 16,619,662.51 and execute charge documents.
Quorum present. Resolution passed unanimously.
Certified true copy of AoA/MoA clauses on borrowing powers attached.

",519,b37d4be08328397d53d15825c669e053bde1df68800e6f63b0dace9e3d621d8b,GRP-12-00,easy,validation,clean,True,False,False
DOC-0766,company_constitution_and_board_resolution_DOC-0766.png,png,Company Constitution & Board Resolution,"SYNTHETIC-PNG-IMAGE
# raster stand-in; OCR text follows
TITLE: Company Constitution & Board Resolution
COMPANY CONSTITUTION & BOARD RESOLUTION (SYNTHETIC)
Company: Meridian Textiles Pvt Ltd
CIN (synthetic): U60833KOL2019PTC768657
Extract of minutes dated 08-11-2024
RESOLVED THAT Dev Nair, Director, is authorised to borrow from ICICI Bank upto INR 5,718,649.93 and execute charge documents.
Quorum present. Resolution passed unanimously.
Certified true copy of AoA/MoA clauses on borrowing powers attached.

",509,e3270dc82c519e6f1dacec2423bb3105c85f40b775271cbafb8731a8191dc7bd,GRP-12-01,easy,test,clean,True,False,False
DOC-0767,company_constitution_and_board_resolution_DOC-0767.pdf,pdf,Company Constitution & Board Resolution,"%PDF-1.4
% synthetic text-bearing stand-in
1 0 obj
<< /Title (Company Constitution & Board Resolution) >>
stream
COMPANY CONSTITUTION & BOARD R ESOLUTIO N (SYNTHETIC)
Company: Helios Manufacturing Pvt Ltd
C IN (synthetic ): U20718KOL2018P TC573886
Extract of minutes dated 17-12-2024
RESOLVED THAT Ananya Nair, Di rect0r, is authorise d to borr0w from HDFC Bank upto  INR 6,341, 414.11 and 3xecute charg3 d0cuments.
Quorum present. Resoluti0n passed unanimously.
C3rtified true cop y of AoA/MoA clauses on borr0wing powers  attached.

endstream
endobj
%%EOF
",558,40e8f8bd0ab35a1f2befdad5898a228cda7de2d0198d47be12f9d687339ddc7b,GRP-12-02,medium,train,noisy,True,False,False
DOC-0768,company_constitution_and_board_resolution_DOC-0768.pdf,pdf,Company Constitution & Board Resolution,"%PDF-1.4
% synthetic text-bearing stand-in
1 0 obj
<< /Title (Company Constitution & Board Resolution) >>
stream
COMPANY CONSTITUTION & BOARD RESOLUTION (SYNTHETIC)
Company: Nimbus Payments Pvt Ltd
CIN (synthetic): U40324AHM2017PTC134269
Extract of minutes dated 21-01-2024
RESOLVED THAT Rahul Gupta, Director, is authorised to borrow from State Bank of India upto INR 11,502,220.16 and execute charge documents.
Quorum present. Resolution passed unanimously.
Certified true copy of AoA/MoA clauses on borrowing powers attached.

endstream
endobj
%%EOF
",553,ca20704e4df61bc0a96bc544e6b0ac0418b817ee4cd002870e17e9286e8c96f0,GRP-12-03,easy,train,clean,True,False,False
DOC-0769,company_constitution_and_board_resolution_DOC-0769.txt,txt,Company Constitution & Board Resolution,"Company Constitution & Board Resolution

COMPANY CONSTITUTION & BOARD RESOLUTION (SYNTHETIC)
Company: Nimbus Payments Pvt Ltd
CIN (synthetic): U29743AHM2017PTC175325

",167,109043162e067dae2dd67080ec432d72ea4ee5dfcb9a58011472de4e69a85d21,GRP-12-04,hard,train,sparse,True,False,False
DOC-0770,company_constitution_and_board_resolution_DOC-0770.jpg,jpg,Company Constitution & Board Resolution,"SYNTHETIC-JPG-IMAGE
# raster stand-in; OCR text follows
TITLE: Company Constitution & Board Resolution
COMPANY CONSTITUTION & BOARD RESOLUTION (SYNTHETIC)
Company: Harborlight Logistic5 Ltd
CIN (synthe7ic): U95165CHE2014PTC672185
 Extract of minutes dated 17-04-2024
RESOLVED THAT Isha Khan, Director, is authorised to borr0w from ICICI Bank upto INR 30,446,598.29 and execute charge documents.
Quorum pres3nt . Resolution passed unanimously.
Certified true copy of AoA/MoA clauses on borrowing powers attached.
Security may include pr0perty mortgag3 as collateral.

",567,129572d84351e04fa40b0937920ff7d1fb85de4ac44d8557e09f5c77cd1ad248,GRP-12-05,hard,train,ocr,True,False,False
DOC-0771,company_constitution_and_board_resolution_DOC-0771.pdf,pdf,Company Constitution & Board Resolution,"%PDF-1.4
% synthetic text-bearing stand-in
1 0 obj
<< /Title (Company Constitution & Board Resolution) >>
stream
COMPANY CONSTITUTION & BOARD RESOLUTION (SYNTHETIC)
Company: Meridian Textiles Pvt Ltd
CIN (synthetic): U43641PUN2015PTC739371
Extract of minutes dated 11-03-2024
RESOLVED THAT Arjun Reddy, Director, is authorised to borrow from ICICI Bank upto INR 14,610,312.14 and execute charge documents.
Quorum present. Resolution passed unanimously.
Certified true copy of AoA/MoA clauses on borrowing powers attached.
Security may include property mortgage as collateral.

endstream
endobj
%%EOF
",600,7e5f775ca245c8c1bcb542b37b82076d81ea25bab0a4c88b934f0bfd9a4c1d33,GRP-12-06,hard,train,clean,True,False,False
DOC-0772,company_constitution_and_board_resolution_DOC-0772.pdf,pdf,Company Constitution & Board Resolution,"%PDF-1.4
% synthetic text-bearing stand-in
1 0 obj
<< /Title (Company Constitution & Board Resolution) >>
stream
COMPANY CONSTITUTION & BOARD RESOLUTION (SYNTHETIC)
Company: Harborlight Logistics Ltd
CIN (synthetic): U38121DEL2014PTC647168

endstream
endobj
%%EOF
",264,c55376e5a7a36e57db748ecc9c31273e0c3dc3fab068e941e71b9397b072ec1f,GRP-12-07,medium,validation,sparse,True,False,False
DOC-0773,company_constitution_and_board_resolution_DOC-0773.docx,docx,Company Constitution & Board Resolution,"<?xml version='1.0' encoding='UTF-8'?>
<w:document>
<w:title>Company Constitution & Board Resolution</w:title>
<w:body>COMPANY CONSTITUTION & BOARD RESOLUTION (SYNTHETIC)
Company: Cedar Grove Properties Ltd
CIN (synthetic):  U21141AHM2014PTC176418
Extract of minutes dated 04-02-2024
RESOLVED THAT Meera Iyer, Director, is authorised to borrow from ICICI Bank upto INR 18,549,206.30 and execute charge documents.
Quorum present. Resolution passed unanimously.
Certified true copy of AoA/MoA clauses on borrowing powers attached.

[rescanned copy; low-resolution archive]
</w:body>
</w:document>
",595,9b4ff7d7e95e90f83b58557a5cba0fff15c866f3aa0c2a47a8eb579c0303900f,GRP-12-08,medium,train,ocr,False,True,False
DOC-0774,company_constitution_and_board_resolution_DOC-0774.pdf,pdf,Company Constitution & Board Resolution,"%PDF-1.4
% synthetic text-bearing stand-in
1 0 obj
<< /Title (Company Constitution & Board Resolution) >>
stream
COMPANY CONSTITUTION & BOARD RESOLUTION (SYNTHETIC)
Company: Harborlight Logistics Ltd
C IN (synthetic): U40738DEL 2018PTC464760
Extract of minute5 dated 11-08-2024
RESOLVED THAT Rahul Gupt4, Director, is authorised to borrow from ICICI Bank upto INR 24,558,157.20 and execute charge documents.
Quorum present. Reso lution p4ssed unanimously.
Cert ified true copy of AoA/MoA cl4uses on borrowing power5 attached.

[rescanned copy; low-resolution archive]

endstream
endobj
%%EOF
",592,264b981ce417436a908b4636c500ceb6bc0cacd50f71f0384ca4f3fbd7f05947,GRP-12-09,medium,train,ocr,False,True,False
DOC-0775,company_constitution_and_board_resolution_DOC-0775.eml,eml,Company Constitution & Board Resolution,"From: records-noreply@synthetic.example
To: intake@lender.example
Subject: Company Constitution & Board Resolution
MIME-Version: 1.0
Content-Type: text/plain; charset=UTF-8

COMPANY CONSTITUTION & BOARD RESOLUTION (SYNTHETIC)
Company: Meridian Textiles Pvt Ltd
CIN (syn thetic): U42125MUM2022PTC629143
Extra ct of minutes dated 11-06-2024
RESOLVED THAT Arjun Gupta, Director , is authorised to borrow from Axis Bank upto INR 39,523,461.08 and ex ecute charge documents.
Quorum present. Reso1ution passed unanimously.
Certified true copy of AoA/MoA clauses on bo rrowing powers attached.
Security may include property mortgag e as collat3r4l.

[rescanned copy; low-resolution archive]

",685,9486b8daa815241de10550059baee641a753cc719aa01ea54bb12f1e2cf859fa,GRP-12-10,hard,train,ocr,False,True,False
DOC-0776,company_constitution_and_board_resolution_DOC-0776.jpg,jpg,Company Constitution & Board Resolution,"SYNTHETIC-JPG-IMAGE
# raster stand-in; OCR text follows
TITLE: Company Constitution & Board Resolution
COMPANY CONSTITUTION & BOARD RESOLUTION  (SYNTHETIC)
Company: Meridi4n T3xtiles Pvt Ltd
CIN (synthetic): U70729PUN2015PTC948051
Extract of minutes dated 12-12-2024
RESOLVED THAT Dev Joshi, Director, is authorised to borrow from State Bank of India upto INR 2 9,444,476.27 and execute c harge documents.
Quorum  presen7. Resolution passed unanimously.
Certified true copy of A0A/MoA clauses on borrowing powers attached.

[rescanned copy; low-resolution archive]

",566,587307f220a1e2b57c106a158f0559ae5df125b3d5cd22ceeee3b1910fedd2c8,GRP-12-11,medium,train,ocr,False,True,False
DOC-0777,company_constitution_and_board_resolution_DOC-0777.jpg,jpg,Company Constitution & Board Resolution,"SYNTHETIC-JPG-IMAGE
# raster stand-in; OCR text follows
TITLE: Company Constitution & Board Resolution
COMPANY CONSTITUTION & BOARD RESOLUTION (SYNTHETIC)
Company: Meridi an Textiles Pvt L7d
CIN (synthetic): U79352BEN2021PTC794322
Extract of minutes dated 02-03-20 24
RESOLVED T HAT Isha Sharma, Dir3ctor, i5 authorised to borrow from S7ate Bank of India upt0 INR 44,219,815.36 and execut3 charge documents.
Quorum present. Resolution p4ssed unanimously.
C3rtified true copy of AoA/MoA clauses on borrowing power5 attached.

[rescanned copy; low-resolution archive]

",567,ff79f1d5066057e71e81ab298fac550073579c12882efd2f1bbf56ecfe77bb59,GRP-12-12,medium,validation,ocr,False,True,False
DOC-0778,company_constitution_and_board_resolution_DOC-0778.pdf,pdf,Company Constitution & Board Resolution,"%PDF-1.4
% synthetic text-bearing stand-in
1 0 obj
<< /Title (Company Constitution & Board Resolution) >>
stream
COMPANY CONSTITUTION & BOARD RESOLUTION (SYNTHETIC)
C0mpany: Meridi4n Textiles Pvt Ltd
CIN (synthetic): U27521KOL2015PTC117230
Extract of minutes dated 19-01-2024
RESOLVED THAT Isha Pat el, Director, is authorised to borrow from Kotak Mahindra 8ank upto INR 24,891,760.13 and ex3cute charge documents.
Quorum present. R3solution passed unanimously.
Certified true copy of AoA/MoA clauses on borrowing powers attached.

[rescanned copy; low-resolution archive]

endstream
endobj
%%EOF
",597,9b89a75413d31073dae38ab55b44fe969588e0aa3c4840ace1d4a1335ef0ad3a,GRP-12-13,medium,train,ocr,False,True,False
DOC-0779,company_constitution_and_board_resolution_DOC-0779.pdf,pdf,Company Constitution & Board Resolution,"%PDF-1.4
% synthetic text-bearing stand-in
1 0 obj
<< /Title (Company Constitution & Board Resolution) >>
stream
COMPANY CONSTITUTIO N & BOARD RESOLUTION (SYNTHETIC)
Company: Heli0s Manufacturing Pvt Ltd
CIN (syn7hetic): U76536PUN2020PTC288682
Extract of minut3s dated 07-03-2024
RESOLVED THAT Dev Nair, Di rector, is authorised to b0rrow from HDFC Bank upto INR 13,182,536.39 and execut3 charge documents.
Quorum present. R3solution pa ssed unanimously.
Certified true copy of AoA/MoA clauses on borrowing power5 attached.

[rescanned copy; low-resolution archive]

endstream
endobj
%%EOF
",590,da02224f50091dfd01f853036b4da66c4b609896c0fed6028bd1752f786316cb,GRP-12-14,medium,test,ocr,False,True,False
DOC-0780,company_constitution_and_board_resolution_DOC-0780.pdf,pdf,Company Constitution & Board Resolution,"%PDF-1.4
% synthetic text-bearing stand-in
1 0 obj
<< /Title (Company Constitution & Board Resolution) >>
stream
COMPANY CONSTITUTION & BOARD RESOLUTION (SYNTHETIC)
Company: Harborlight Logistics Ltd
CIN (synthetic): U29425KOL2014PTC729661
Ex tr4ct of minutes dated 01-04-2024
RESOLVED THAT Kabir Da s,  Director, is authorised to borrow from HDFC Bank upto INR 5,592,163.32 and execute charge documents.
Quorum present. Reso1ution passed unanimously.
Certified true copy 0f AoA/MoA clauses on borrowin9 powers attached.

[rescanned copy; low-resolution archive]

endstream
endobj
%%EOF
",587,ee609fce1cbda6887d97cfd504e1c43b8ae769aa6be1230e84a990e079c4d738,GRP-12-15,medium,train,ocr,False,True,False
DOC-0781,gst_registration__gst_return_DOC-0781.pdf,pdf,GST Registration / GST Return,"%PDF-1.4
% synthetic text-bearing stand-in
1 0 obj
<< /Title (GST Registration / GST Return) >>
stream
GST REGISTRATION / GST RETURN (SYNTHETIC)
Legal name: Nimbus Payments Pvt Ltd
Authorized signatory: Kabir Iyer
GSTIN: 29LAMCK3680F1ZA
Return period: GSTR-1 Apr-2025
Taxable value: INR 3,286,963.15
IGST/CGST/SGST payable: INR 127,924.88
Principal place: 135 Residency, Ahmedabad 548090

PAN of taxpayer: LAMCK3680F
Turnover also relevant for income tax.
Filed on GST portal. This is not an income-tax ITR acknowledgement.

endstream
endobj
%%EOF
",548,36a61004c993dac0844bdce31561485d20e1f8d90720110a8b1b8829ef41a8e6,GRP-13-00,hard,test,clean,False,False,False
DOC-0782,gst_registration__gst_return_DOC-0782.jpg,jpg,GST Registration / GST Return,"SYNTHETIC-JPG-IMAGE
# raster stand-in; OCR text follows
TITLE: GST Registration / GST Return
GST REGISTRATION / GST RETURN (SYNTHETIC)
Legal name: Harborlight Logistics Ltd
Authorized signatory: Kabir Das

",206,ef30043f314806960fce373c6587845a5a875fb9d1f7c3df04629f963293dd0c,GRP-13-01,medium,validation,sparse,False,False,False
DOC-0783,itr_0783.tiff,tiff,GST Registration / GST Return,"SYNTHETIC-TIFF-IMAGE
# raster stand-in; OCR text follows
TITLE: GST Registration / GST Return
GST REGISTRATION / GST RETURN (SYNTHETIC)
Legal name: Helios Manufacturing Pvt Ltd
Authorized signatory: Vikram Gupta
GSTIN: 27MCEIE8495O1ZA
Return period: GSTR-1 Apr-2025
Taxable value: INR 293,759.59
IGST/CGST/SGST payable: INR 11,566.33
Principal place: 61 Industrial Area, Pune 491427

PAN of taxpayer: MCEIE8495O
Turnover also relevant for income tax.
Filed on GST portal. This is not an income-tax ITR acknowledgement.

",520,1e3b055cbe9f065f0e631f55042df90aec918ded270d853e4fc961f1d459a004,GRP-13-02,hard,test,clean,False,False,True
DOC-0784,gst_registration__gst_return_DOC-0784.tiff,tiff,GST Registration / GST Return,"SYNTHETIC-TIFF-IMAGE
# raster stand-in; OCR text follows
TITLE: GST Registration / GST Return
GST REGISTRATION / GST RETURN (SYNTHETIC)
Legal name: Cedar Grove Pro perti3s Ltd
Authorized signatory:  Fatim4 Joshi
GSTIN: 36GURTI9010M1Z3
Re7urn period: GSTR-1 Apr-2025
Taxable value: INR  3,269,461.62
IGST/CGST/SGST payable: INR 14,175.11
Principal place: 167 Lake View, Delhi 533980
Filed on GST portal.  This is not an income-tax ITR acknowledgement.

",452,dad41e202dcc05c195505c814d144e2b4042ef7bdd9cf836cf15adff21032d15,GRP-13-03,medium,train,ocr,False,False,False
DOC-0785,gst_registration__gst_return_DOC-0785.pdf,pdf,GST Registration / GST Return,"%PDF-1.4
% synthetic text-bearing stand-in
1 0 obj
<< /Title (GST Registration / GST Return) >>
stream
GST REGISTRATION / GST RETURN (SYNTHETIC)
 Lega l name: Nim bus Payments Pvt  Ltd
Authorized sig natory: Rahul Gupta
GSTIN: 07VIWND6560O1ZF
Return p3riod: GSTR-1 May-2025
Taxabl3 valu3: INR 1,429,430.64
IGST/CGST/ SGST pay4ble: INR 80,164.29
Principal place: 208  Industrial Area, Chennai 467232
Fi1ed on GST  portal. This is not an income-ta x ITR acknow1edgement.

endstream
endobj
%%EOF
",493,1561a682f37381320c356788ecf0e5f998dcc953f4ed08543ddfc467f7353acb,GRP-13-04,medium,train,noisy,False,False,False
DOC-0786,gst_registration__gst_return_DOC-0786.pdf,pdf,GST Registration / GST Return,"%PDF-1.4
% synthetic text-bearing stand-in
1 0 obj
<< /Title (GST Registration / GST Return) >>
stream
GST REGISTRATION / GST RETURN (SYNTHETIC)
Legal name: Nimbus Payments Pvt Ltd
Authorized signatory: Kabir Sharma
GSTIN: 33ZNZQD2022F1Z8
Return period: GSTR-1 Q1-2025
Taxable value: INR 3,451,953.80
IGST/CGST/SGST payable: INR 34,735.63
Principal place: 235 Industrial Area, Hyderabad 519729
Filed on GST portal. This is not an income-tax ITR acknowledgement.

endstream
endobj
%%EOF
",486,80b0ab2795d34a843677a0da3f253c3d0f75a2bfd478e15f18de934354cce09b,GRP-13-05,easy,train,clean,False,False,False
DOC-0787,gst_registration__gst_return_DOC-0787.jpg,jpg,GST Registration / GST Return,"SYNTHETIC-JPG-IMAGE
# raster stand-in; OCR text follows
TITLE: GST Registration / GST Return
GST REGISTRATION / GST RETURN (SYNTHETIC)
Legal name: Meridian Textiles Pvt Ltd
Authorized signatory: Ananya Sharma
GSTIN: 36QVXSL6482U1Z4
Return period: GSTR-1 May-2025
Taxable value: INR 693,321.41
IGST/CGST/SGST payable: INR 92,773.73
Principal place: 104 Lake View, Kolkata 544746
Filed on GST portal. This is not an income-tax ITR acknowledgement.

",447,4624353396dcec57fe7ebe575437fc3149e9b4487c76dc43071ae16d1e2c5843,GRP-13-06,easy,train,clean,False,False,False
DOC-0788,gst_registration__gst_return_DOC-0788.pdf,pdf,GST Registration / GST Return,"%PDF-1.4
% synthetic text-bearing stand-in
1 0 obj
<< /Title (GST Registration / GST Return) >>
stream
GST REGISTRATION / GST RETURN (SYNTHETIC)
Legal name: Harborlight Logistics Ltd
Authorized signatory: Meera Khan
GSTIN: 07VFDCB3069H1Z6
Return period: GSTR-3B May-2025
Taxable value: INR 2,193,088.89
IGST/CGST/SGST payable: INR 151,095.66
Principal place: 135 MG Road, Mumbai 528913

PAN of taxpayer: VFDCB3069H
Turnover also relevant for income tax.
Filed on GST portal. This is not an income-tax ITR acknowledgement.

endstream
endobj
%%EOF
",546,70f82cd1389d492f97d65a19d5fba0718016bec9aa4544cbbe10c39f54e28af7,GRP-13-07,hard,train,clean,False,False,False
DOC-0789,gst_registration__gst_return_DOC-0789.pdf,pdf,GST Registration / GST Return,"%PDF-1.4
% synthetic text-bearing stand-in
1 0 obj
<< /Title (GST Registration / GST Return) >>
stream
GST REGISTRATION / GST RETURN (SYNTHETIC)
Legal name: Meridian Textiles Pvt Ltd
Authorized signatory: Dev Sharma
GSTIN: 33DPIPO8084S1ZB
Return period: GSTR-1 Apr-2025
Taxable value: INR 1,123,887.68
IGST/CGST/SGST payable: INR 38,348.04
Principal place: 202 Industrial Area, Hyderabad 419105
Filed on GST portal. This is not an income-tax ITR acknowledgement.

endstream
endobj
%%EOF
",487,fa0c2f605c89e40d833f95c930623071739e94e5cfe8f3e5328e02352d677c48,GRP-13-08,easy,train,clean,False,False,False
DOC-0790,gst_registration__gst_return_DOC-0790.xlsx,xlsx,GST Registration / GST Return,"title,GST Registration / GST Return
r0,GST REGISTRATION / GST RETURN (SYNTHETIC)
r1,Legal name: Harborlight Logistics Ltd
r2,Authorized signatory: Meera Menon
r3,GSTIN: 33WWXON5067J1Z6
r4,Return period: GSTR-1 May-2025
r5,Taxable value: INR 2;001;897.34
r6,IGST/CGST/SGST payable: INR 82;375.01
r7,Principal place: 134 Residency; Kolkata 468093
r8,Filed on GST portal. This is not an income-tax ITR acknowledgement.
",416,7ad91b6955fcd214cb9d5b3d15374a75a725f7ed95a887b0b223000785f31fbc,GRP-13-09,easy,train,clean,False,False,False
DOC-0791,gst_registration__gst_return_DOC-0791.pdf,pdf,GST Registration / GST Return,"%PDF-1.4
% synthetic text-bearing stand-in
1 0 obj
<< /Title (GST Registration / GST Return) >>
stream
GST REGISTRATION / GST RETURN (SYNTHETIC)
Legal name: Harborlight Logistics Ltd
Authorized signatory: Rahul Sharma
GSTIN: 07DKIDX9680H1ZA
Return period: GSTR-1 Q1-2025
Taxable value: INR 55,899.50
IGST/CGST/SGST payable: INR 104,136.17
Principal place: 56 MG Road, Hyderabad 414681
Filed on GST portal. This is not an income-tax ITR acknowledgement.

endstream
endobj
%%EOF
",477,3d54a79c6266c8748b5a3fd56876b7ce4f22baf8a303a0e8f51cdbb44497520c,GRP-13-10,easy,train,clean,False,False,False
DOC-0792,gst_registration__gst_return_DOC-0792.pdf,pdf,GST Registration / GST Return,"%PDF-1.4
% synthetic text-bearing stand-in
1 0 obj
<< /Title (GST Registration / GST Return) >>
stream
GST REGISTRATION / GST RETURN ( SYNTHETIC)
Legal name: Nimbus Payments Pvt Ltd
Authorized signatory: Vikr4m Gup7a
GSTIN: 29NWWMY5254 I1ZC
Return period: GSTR-1 Apr-2025
Taxable value: INR 1,715,082. 37
IGST/CGST/SGST payable: INR 96,445.29
Principal place: 22 R3sidency, 83ngal uru  457705

PA N o f taxpayer: NWWMY5254I
Turnover also relevan7 f0r income tax.
Filed on GST por7al. This is n ot an income-tax ITR acknowledgemen7.

endstream
endobj
%%EOF
",556,2639bd2cafe8c4e72b292afc9c5752d62dcb64e51b835ea8e452f62047fb3ff1,GRP-13-11,hard,train,noisy,False,False,False
DOC-0793,gst_registration__gst_return_DOC-0793.tiff,tiff,GST Registration / GST Return,"SYNTHETIC-TIFF-IMAGE
# raster stand-in; OCR text follows
TITLE: GST Registration / GST Return
GST REGISTRATION / GST RETURN (SYNTHETIC)
Legal name: Cedar Grove Properties Ltd
Authorized signatory: Arjun Joshi
GSTIN: 36RYPCP9584D1Z9
Return period: GSTR-3B Apr-2025
Taxable value: INR 1,599,215.86
IGST/CGST/SGST payable: INR 146,094.00
Principal place: 75 MG Road, Kolkata 423152
Filed on GST portal. This is not an income-tax ITR acknowledgement.

",448,c9376a4ac44654626815006cb0dd90d03683552e7c7b8078007ae04bbd03b0d9,GRP-13-12,easy,validation,clean,False,False,False
DOC-0794,itr_0794.jpg,jpg,GST Registration / GST Return,"SYNTHETIC-JPG-IMAGE
# raster stand-in; OCR text follows
TITLE: GST Registration / GST Return
GST REGISTRATION / GST RETURN (SYNTHETIC)
Legal name: M3ridian Textiles Pvt Ltd
Authorized  signatory: Dev Menon
GSTIN: 36JVJYZ4776V1Z4
Return peri od: GSTR-1 Apr-2025
Taxable value: INR 1,694,044.06
IGST/CGST/SGST payable: INR 13 1,326.80
Principa1 plac3: 19 Re5idency, Hyderabad  403333
Filed on GST portal. This is not 4n income-tax ITR acknowledgement.

",451,e69ea476c502a334f9353a477c523bac76395a0d5139ec2206871245a1c95314,GRP-13-13,medium,train,ocr,False,False,True
DOC-0795,gst_registration__gst_return_DOC-0795.pdf,pdf,GST Registration / GST Return,"%PDF-1.4
% synthetic text-bearing stand-in
1 0 obj
<< /Title (GST Registration / GST Return) >>
stream
GST REGISTRATION / GST RETURN (SYNTHETIC)
Legal name: Cedar Grove Properties Ltd
Authorized signatory: Dev Patel
GSTIN: 24XQFBK8900D1ZC
Return period: GSTR-3B Apr-2025
Taxable value: INR 604,757.38
IGST/CGST/SGST payable: INR 62,041.47
Principal place: 176 MG Road, Pune 514203
Filed on GST portal. This is not an income-tax ITR acknowledgement.

endstream
endobj
%%EOF
",473,f360baa0c1eb5a93a704e597337edf7e3b5f55d048973b3dae7596281fda45e0,GRP-13-14,easy,train,clean,False,False,False
DOC-0796,gst_registration__gst_return_DOC-0796.jpg,jpg,GST Registration / GST Return,"SYNTHETIC-JPG-IMAGE
# raster stand-in; OCR text follows
TITLE: GST Registration / GST Return
GST REGISTRATION / GST RETURN (SYNTHETIC)
Legal name: Cedar Grove Properties Ltd
Authorized signatory: Arjun Joshi
GSTIN: 24JZOEW7171P1ZA
Return period: GSTR-3B May-2025
Taxable value: INR 1,816,611.91
IGST/CGST/SGST payable: INR 123,149.43
Principal place: 139 MG Road, Mumbai 455925
Filed on GST portal. This is not an income-tax ITR acknowledgement.

",447,30f5e5fda9785dc51c75ad7f4b98b909a10bb05488e24d981044ee2739beafba,GRP-13-15,easy,validation,clean,False,False,False
DOC-0797,itr_0797.png,png,GST Registration / GST Return,"SYNTHETIC-PNG-IMAGE
# raster stand-in; OCR text follows
TITLE: GST Registration / GST Return
GST REGISTRATION / GST RETURN (SYNTHETIC)
Legal name: Meridian Textiles Pvt Ltd
Authorized signatory: Vikram Menon

",209,9bf0f30a2ae93202193b1acb8532cd92b8e8197934493b0620f1b9aaa5562a5b,GRP-13-16,medium,train,sparse,False,False,True
DOC-0798,gst_registration__gst_return_DOC-0798.docx,docx,GST Registration / GST Return,"<?xml version='1.0' encoding='UTF-8'?>
<w:document>
<w:title>GST Registration / GST Return</w:title>
<w:body>GST REGISTRATION / GST RETURN  (SYNTHETIC)
Legal  n4me: Cedar Grove Proper7ies  Lt d
Authorized s ignatory: Meera  Sharma
GSTIN: 2 7RCPPS2197K1Z9
Return per iod: GSTR-3B Apr-2025
Taxabl3 value:  INR 1,444,750.26
IGST/CGST/SGST payable: INR 118,587.81
Principal place: 17 Resid3ncy, Pune 475650
Filed on GST por7a1. This is not an in c0me-tax IT R ackn0wledgement.
</w:body>
</w:document>
",497,124cde13d7534a4eea8becd9524de92ef54c5d5c3a7a7ef5fd7ab883fb58b042,GRP-13-17,medium,train,noisy,False,False,False
DOC-0799,gst_registration__gst_return_DOC-0799.jpg,jpg,GST Registration / GST Return,"SYNTHETIC-JPG-IMAGE
# raster stand-in; OCR text follows
TITLE: GST Registration / GST Return
GST REGISTRATION / GST RETURN (SYNTHETIC)
Legal name: Helios Manufacturing Pvt Ltd
Authorized signatory: Fatima Khan
GSTIN: 33GELPV1746I1Z7
Return period: GSTR-1 Q1-2025
Taxable value: INR 744,415.18
IGST/CGST/SGST payable: INR 124,069.35
Principal place: 200 Industrial Area, Ahmedabad 512494
Filed on GST portal. This is not an income-tax ITR acknowledgement.

",456,81f29fbd592408d320e94b8b2f2a822c95df2dadb541d69ad7711a600a913182,GRP-13-18,easy,train,clean,False,False,False
DOC-0800,itr_0800.jpg,jpg,GST Registration / GST Return,"SYNTHETIC-JPG-IMAGE
# raster stand-in; OCR text follows
TITLE: GST Registration / GST Return
GST REGISTRATION / GST RETURN (SYNTHETIC)
Legal name: Nimbus Payments Pvt Ltd
Authorized signatory: Vikram Joshi
GSTIN: 36IZRXX3660C1Z1
Return period: GSTR-1 Q1-2025
Taxable value: INR 2,710,045.07
IGST/CGST/SGST payable: INR 151,292.28
Principal place: 188 Residency, Pune 429817

PAN of taxpayer: IZRXX3660C
Turnover also relevant for income tax.
Filed on GST portal. This is not an income-tax ITR acknowledgement.

",511,e84dc852e6bab2c0ae2cc10e67f7143f4f3859cef3e1201a03995f0a215036cb,GRP-13-19,hard,validation,clean,False,False,True
DOC-0801,itr_0801.pdf,pdf,GST Registration / GST Return,"%PDF-1.4
% synthetic text-bearing stand-in
1 0 obj
<< /Title (GST Registration / GST Return) >>
stream
GST REGISTRATION / GST RETURN (SYNTHETIC)
Legal name: Harborlight Logistics Ltd
Authorized signatory: Ananya Das
GSTIN: 24BPSHT3394Z1Z8
Return period: GSTR-3B Q1-2025
Taxable value: INR 68,744.79
IGST/CGST/SGST payable: INR 109,325.95
Principal place: 200 MG Road, Mumbai 490597
Filed on GST portal. This is not an income-tax ITR acknowledgement.

endstream
endobj
%%EOF
",474,918f09a4900a78faadccc99a0d44d4fd27463fa963d9af5b24fd9e3d1fb9debd,GRP-13-20,easy,train,clean,False,False,True
DOC-0802,gst_registration__gst_return_DOC-0802.docx,docx,GST Registration / GST Return,"<?xml version='1.0' encoding='UTF-8'?>
<w:document>
<w:title>GST Registration / GST Return</w:title>
<w:body>GST REGISTRATION  / GST RETURN (SYNTHETIC)
Legal name: Meridian Textiles Pvt Ltd
Authorized signatory: Arjun Joshi
GSTIN: 07MTPWV9579D1Z9
Return period: GS TR-38 M4y-202 5
Taxab1e value: INR 3,555,770.72
IGST/CGST/SGST payable: INR 129,210.58
Principal place: 77 Resid3ncy, Mumbai 513779
Filed on GST portal. This is not an income-tax ITR acknowledgement.
</w:body>
</w:document>
",489,a06ccbb3677cd0b8f14df6bd5e724219abdb9b1b5970604a2cbcf165a4304731,GRP-13-21,medium,validation,ocr,False,False,False
DOC-0803,gst_registration__gst_return_DOC-0803.jpg,jpg,GST Registration / GST Return,"SYNTHETIC-JPG-IMAGE
# raster stand-in; OCR text follows
TITLE: GST Registration / GST Return
GST REGISTRATION / GST RETURN (SYNTHETIC)
Legal name: Helio5 Manufacturing Pvt Ltd
Authorized signatory: Arjun Red dy
GSTIN: 33IVBNF5977W1Z7 
Return period:  GSTR-1 Q1-2025
Taxable value: INR 3,861,799.20
IGST/CGS T/SGST payabl e: INR 138,939.54
Principal  place: 13 MG R0ad, Hyderabad 410941
Filed on GST po rtal. This is no7 an income-t4x ITR acknowledgement.
 
",457,400cdb91fd6245457e78da603df079527abb840ff7381e8e6948b33aac8040fd,GRP-13-22,medium,train,noisy,False,False,False
DOC-0804,gst_registration__gst_return_DOC-0804.docx,docx,GST Registration / GST Return,"<?xml version='1.0' encoding='UTF-8'?>
<w:document>
<w:title>GST Registration / GST Return</w:title>
<w:body>GST REGISTRATION / GST RETURN (SYNTHETIC)
Legal name: Meridian Textiles Pvt Ltd
Authorized signatory: Arjun Reddy
GSTIN: 36ZJCFL6366J1Z3
Return period: GSTR-3B Q1-2025
Taxable value: INR 3,131,157.79
IGST/CGST/SGST payable: INR 34,968.58
Principal place: 170 MG Road, Kolkata 463836
Filed on GST portal. This is not an income-tax ITR acknowledgement.
</w:body>
</w:document>
",484,c2d0d159b5905de4bd473750394cf7237d4562784c8167ea5eef74f8e9b3c2b1,GRP-13-23,easy,train,clean,False,False,False
DOC-0805,itr_0805.pdf,pdf,GST Registration / GST Return,"%PDF-1.4
% synthetic text-bearing stand-in
1 0 obj
<< /Title (GST Registration / GST Return) >>
stream
GST REGISTRATION / GST RETURN (SYNTHETIC)
Legal name: Helios Manufacturing Pvt Ltd
Authorized signatory: Ananya Gupta
GSTIN: 24IBNQR5539A1ZB
Return period: GSTR-1 Apr-2025
Taxable value: INR 3,247,404.36
IGST/CGST/SGST payable: INR 138,201.74
Principal place: 178 Lake View, Kolkata 461450
Filed on GST portal. This is not an income-tax ITR acknowledgement.

endstream
endobj
%%EOF
",485,c545575592269585ee3720c17452827f54a9707f6d09eae24fb76a7dadf48032,GRP-13-24,easy,train,clean,False,False,True
DOC-0806,gst_registration__gst_return_DOC-0806.xlsx,xlsx,GST Registration / GST Return,"title,GST Registration / GST Return
r0,GST REGISTRATION / GST RETURN (SYNTHETIC)
r1,Legal name: Meridi an Textiles Pvt Ltd
r2,Aut horized signatory: Arjun Iyer
r3,GSTIN: 36NJPEO07 41R1ZD
r4,Return period: GS TR-3B Apr-2025
r5,Taxable value: INR 343;936.22
r6,IGST/CGST/SGST p4y able: INR 14;186.56
r7,Principa l place: 237 Indu5trial Ar3a; Hyd3rab4d 420543
r9,PAN  o f taxpa yer: NJPEO0741R
r10,Turnover a1so relevant for income tax.
r11,Filed on GST portal. This is not an income-tax I TR acknowled93men7.
",507,cf1833979caf8a1a5aff216afb57d778f9a58d2162297e27d327dfbf5b3a5460,GRP-13-25,hard,train,noisy,False,False,False
DOC-0807,gst_registration__gst_return_DOC-0807.pdf,pdf,GST Registration / GST Return,"%PDF-1.4
% synthetic text-bearing stand-in
1 0 obj
<< /Title (GST Registration / GST Return) >>
stream
GST REGISTRATION / GST RETURN (SYNTHETIC)
Legal name: Nimbus Payments Pvt Ltd
Authorized signatory: Kabir Iyer
GSTIN: 36XZXAE8182G1Z9
Return period: GSTR-3B Apr-2025
Taxable value: INR 2,730,489.42
IGST/CGST/SGST payable: INR 151,896.13
Principal place: 32 Industrial Area, Bengaluru 446841
Filed on GST portal. This is not an income-tax ITR acknowledgement.

endstream
endobj
%%EOF
",486,df878d295f333863f274e4f3a14f8779afa5a74d8ec88b63bf403ac5c6cb3d01,GRP-13-26,easy,train,clean,False,False,False
DOC-0808,itr_0808.pdf,pdf,GST Registration / GST Return,"%PDF-1.4
% synthetic text-bearing stand-in
1 0 obj
<< /Title (GST Registration / GST Return) >>
stream
GST REGISTRATION / GST RETURN (SYNTHETIC)
Legal name: Harborlight Logistics Ltd
Authorized signatory: Ananya Joshi
GSTIN: 36LAYMN8711U1ZE
Return period: GSTR-1 Apr-2025
Taxable value: INR 3,241,021.37
IGST/CGST/SGST payable: INR 13,371.01
Principal place: 21 Industrial Area, Chennai 511511
Filed on GST portal. This is not an income-tax ITR acknowledgement.

endstream
endobj
%%EOF
",486,fb3d78b9a3b9855f1cb36b03ffdf4f7187b48db2c54b195a22678410188de356,GRP-13-27,easy,train,clean,False,False,True
DOC-0809,gst_registration__gst_return_DOC-0809.tiff,tiff,GST Registration / GST Return,"SYNTHETIC-TIFF-IMAGE
# raster stand-in; OCR text follows
TITLE: GST Registration / GST Return
GST REGISTRATION / GST RETURN (SYNTHETIC)
Legal name: Helios Manufacturing Pvt Ltd
Authorized signatory: Kabir Gupta

",212,14b3fb86e61df309a01d6e1419cd9d17f6d17d89bec5f34d6e84af7b0c173414,GRP-13-28,medium,test,sparse,False,False,False
DOC-0810,gst_registration__gst_return_DOC-0810.jpg,jpg,GST Registration / GST Return,"SYNTHETIC-JPG-IMAGE
# raster stand-in; OCR text follows
TITLE: GST Registration / GST Return
GST REGISTRATION / GST RETURN (SYNTHETIC)
Legal name: Helios Manufacturing Pvt Ltd
Authorized signatory: Fatima Das

",210,3fc1c0a64b2a03a607c492c2d1770bc33f38bf7d098f4a70fdab38d9a8c91729,GRP-13-29,medium,train,sparse,False,False,False
DOC-0811,itr_0811.tiff,tiff,GST Registration / GST Return,"SYNTHETIC-TIFF-IMAGE
# raster stand-in; OCR text follows
TITLE: GST Registration / GST Return
GST REGISTRATI ON / GST RETURN (S YNTH ETIC)
Legal name: Meridi4n Textiles Pvt Ltd
Authorized signatory: Meera Das
 GST IN: 27KXJIB8794X1Z4
Return period: GSTR-1 Ma y-2025
Taxable valu3: INR 3,436,857.47
IGST/CGST/SGST payable: INR 148,357.25
Principal place: 39 Residency, Kolkata 543085
Filed on GST portal. This is not 4n income-tax ITR acknowledgemen7.

",452,03bc27326e180ef3e42e091aa6d2bd4476c691793b1dd5ae2333792cb2153d60,GRP-13-30,medium,test,ocr,False,False,True
DOC-0812,gst_registration__gst_return_DOC-0812.pdf,pdf,GST Registration / GST Return,"%PDF-1.4
% synthetic text-bearing stand-in
1 0 obj
<< /Title (GST Registration / GST Return) >>
stream
GST REGISTRATION / GST RETURN (SYNTHETIC)
Legal name: Harborlight Logistics Ltd
Authorized signatory: Meera Das
GSTIN: 36HJDIJ8622T1ZC
Return period: GSTR-1 May-2025
Taxable value: INR 770,777.84
IGST/CGST/SGST payable: INR 10,635.67
Principal place: 153 Lake View, Kolkata 437547
Filed on GST portal. This is not an income-tax ITR acknowledgement.

endstream
endobj
%%EOF
",476,5f0e0893dc9e24215c9b7298bda2e7d4f4deba20d9476dbc275f51a252141931,GRP-13-31,easy,test,clean,False,False,False
DOC-0813,gst_registration__gst_return_DOC-0813.pdf,pdf,GST Registration / GST Return,"%PDF-1.4
% synthetic text-bearing stand-in
1 0 obj
<< /Title (GST Registration / GST Return) >>
stream
GST REGISTRATION / GST RETURN (SYNTHETIC)
Legal nam3: Nimbus P4yments Pvt Ltd
Authorized signa7ory: Kabir Gupta
G STIN: 27PROUW2464U1Z9
Re7urn period:  GSTR-1 Q1-2025
Taxable value: INR 3,859 ,7 91.29
IGST/CGST/SGST payable: INR 138,403.12
Principal place: 114 Residency, Chennai 54 5167

PAN of taxpayer: PROUW2464U
Turnov3r al so  relevant for i ncome tax.
File d on GST portal. This is not an income-tax ITR acknowledgement.

endstream
endobj
%%EOF
",555,bfd01dd820c4c1a2021f73acd42d1df6f122cca25a59f49ffb200ab44ef9314c,GRP-13-32,hard,test,ocr,False,False,False
DOC-0814,gst_registration__gst_return_DOC-0814.tiff,tiff,GST Registration / GST Return,"SYNTHETIC-TIFF-IMAGE
# raster stand-in; OCR text follows
TITLE: GST Registration / GST Return
GST REGISTRATION / GST RETURN (SYNTHETIC)
Legal name: Nimbus Payments Pvt Ltd
Authorized signatory: Meera Khan

",206,78c032d9af5d8e5615e3d3aa64bffa7de26a45923fb3498a903fb940ee1f39ba,GRP-13-33,medium,train,sparse,False,False,False
DOC-0815,gst_registration__gst_return_DOC-0815.pdf,pdf,GST Registration / GST Return,"%PDF-1.4
% synthetic text-bearing stand-in
1 0 obj
<< /Title (GST Registration / GST Return) >>
stream
GST REGISTRATION  / GST RETURN (SYNTHETIC)
Leg4l name: H4rb0rlight Lo 9ist ics Ltd
Auth0rized sign4tory: Kabir Sharma
GSTIN: 24BITAD3 365T1Z5
Return period: GSTR-1 Q1-2025
Taxable value: INR 758,202.69
IGST/CGST/SGST pay4bl e: IN R 97,618.75
Pri ncipal p1ace: 223 R3sidency, Chennai 532409 

PAN of taxpayer: BITAD3365T
Turn0ver a15o relev4nt f or income  tax.
Filed on GST portal. This is  not an income-tax IT R acknowledgement.

endstream
endobj
%%EOF
",558,bdfff35f42c28425f88d411ed90ee4576f3d99ddd4bf82e876b2d7925d5c59ab,GRP-13-34,hard,train,noisy,False,False,False
DOC-0816,gst_registration__gst_return_DOC-0816.pdf,pdf,GST Registration / GST Return,"%PDF-1.4
% synthetic text-bearing stand-in
1 0 obj
<< /Title (GST Registration / GST Return) >>
stream
GST REGISTRATION / GST RETURN (SYNTHETIC)
L egal name: Nim bus Payments Pvt Ltd
Auth0rized signatory: Vikram Joshi
GSTIN: 33MLCDX8831Q1ZB
Return period: GSTR-1 Apr-2025
Taxable value: INR 1,403,212.78
IGST/CGST/S GST payable: INR 87,421.87
Principal place: 160 Lake View, Ahmedabad 532904

PAN of taxpayer: MLCDX8831Q
Turnover also relevant for inco me tax.
Filed on GST portal. This is not an incom3-t4x ITR acknowled9ement.

endstream
endobj
%%EOF
",553,15b5a1193be39e8b16a3bff0abb7db079c6b2802d3cd481231208341ec10c926,GRP-13-35,hard,train,ocr,False,False,False
DOC-0817,gst_registration__gst_return_DOC-0817.jpg,jpg,GST Registration / GST Return,"SYNTHETIC-JPG-IMAGE
# raster stand-in; OCR text follows
TITLE: GST Registration / GST Return
GST REGISTRATION / GST RETURN (SYNTHETIC)
Legal name: Meridian Textiles Pvt Ltd
Autho rized signatory: Kabir Menon
GSTIN: 36YYFGB7141L1Z5
Retu rn period: GSTR-3B May-2025
Taxable v4lue: INR 3,144,858.02
IGST/CGST/SGST payable: INR 127,022.33
Pri ncipal place: 159 Industrial Area, Pune 478810

PAN of taxpayer: YYFGB7141L
Turnover also relevan7 for income tax.
Filed on GST p ortal. This is n ot an inc ome -tax ITR acknowledgement.

",527,74916dd182f5815c7ff82b84c33e07b27ab5397f40c14f17285010c1fa7a28f7,GRP-13-36,hard,validation,ocr,False,False,False
DOC-0818,gst_registration__gst_return_DOC-0818.pdf,pdf,GST Registration / GST Return,"%PDF-1.4
% synthetic text-bearing stand-in
1 0 obj
<< /Title (GST Registration / GST Return) >>
stream
GST REGISTRATION / GST RETURN (SYNTHETIC)
Legal name: Helios Manufacturing Pvt Ltd
Authorized signatory: Kabir Reddy

endstream
endobj
%%EOF
",244,9cd8f68d00831be9d84870ce8bc6796310ea214bc71da27c9356c6d6622553d8,GRP-13-37,medium,train,sparse,False,False,False
DOC-0819,gst_registration__gst_return_DOC-0819.pdf,pdf,GST Registration / GST Return,"%PDF-1.4
% synthetic text-bearing stand-in
1 0 obj
<< /Title (GST Registration / GST Return) >>
stream
GST REGISTRATION / GST RETURN (SYNTHETIC)
Legal name: Harborlight Logistics Ltd
Authorized signatory: Kabir Das
GSTIN: 36OYWMP1014C1Z7
Return period: GSTR-3B May-2025
Taxable value: INR 2,174,288.06
IGST/CGST/SGST payable: INR 151,851.63
Principal place: 230 MG Road, Chennai 513310
Filed on GST portal. This is not an income-tax ITR acknowledgement.

endstream
endobj
%%EOF
",478,411ec4a68cc84a6cce8fb52d93acc053efe7ba9954ca8d194b2800a1acc42a2e,GRP-13-38,easy,train,clean,False,False,False
DOC-0820,gst_registration__gst_return_DOC-0820.jpg,jpg,GST Registration / GST Return,"SYNTHETIC-JPG-IMAGE
# raster stand-in; OCR text follows
TITLE: GST Registration / GST Return
GST REGISTRATION / GST RETURN (SYNTHETIC)
Legal name: Meridian Textiles Pvt Ltd
Authorized signatory: Arjun Khan
GSTIN: 24DBVNN6406M1ZD
Return period: GSTR-1 Apr-2025
Taxable value: INR 2,271,851.77
IGST/CGST/SGST payable: INR 126,354.20
Principal place: 142 Residency, Pune 468922

PAN of taxpayer: DBVNN6406M
Turnover also relevant for income tax.
Filed on GST portal. This is not an income-tax ITR acknowledgement.

",512,597985911c11e2853ad446d221e5fd0ac16843f41e52ceef797859c3801074d9,GRP-13-39,hard,train,clean,False,False,False
DOC-0821,gst_registration__gst_return_DOC-0821.jpg,jpg,GST Registration / GST Return,"SYNTHETIC-JPG-IMAGE
# raster stand-in; OCR text follows
TITLE: GST Registration / GST Return
GST REGISTRATION / GST RETURN (SYNTHETIC)
Legal name: Harborlight Logistics Ltd
Authorized signatory: Kabir Nair
GSTIN: 07DVPYM6727O1Z4
Return period: GSTR-3B May-2025
Taxable value: INR 2,627,668.75
IGST/CGST/SGST payable: INR 32,223.93
Principal place: 184 Residency, Chennai 547899
Filed on GST portal. This is not an income-tax ITR acknowledgement.

",447,99539e7dc3645162f95b074df8c8b803b18b197695b045624175c9c1b4e0360f,GRP-13-40,easy,train,clean,False,False,False
DOC-0822,gst_registration__gst_return_DOC-0822.pdf,pdf,GST Registration / GST Return,"%PDF-1.4
% synthetic text-bearing stand-in
1 0 obj
<< /Title (GST Registration / GST Return) >>
stream
GST REGISTRATION / GST RETURN (SYNTHETIC)
Legal name: Cedar Grove Properties Ltd
Authorized signatory: Vikram Menon
GSTIN: 27INYDS7772B1ZD
Return period: GSTR-3B Apr-2025
Taxable value: INR 2,815,156.50
IGST/CGST/SGST payable: INR 124,795.03
Principal place: 13 Lake View, Ahmedabad 520788

PAN of taxpayer: INYDS7772B
Turnover also relevant for income tax.
Filed on GST portal. This is not an income-tax ITR acknowledgement.

endstream
endobj
%%EOF
",553,5d1c5a0aa68eef79f85e02a1ed0ddf91465c6d00355cb35bfb0ceef2aa56cb67,GRP-13-41,hard,train,clean,False,False,False
DOC-0823,gst_registration__gst_return_DOC-0823.docx,docx,GST Registration / GST Return,"<?xml version='1.0' encoding='UTF-8'?>
<w:document>
<w:title>GST Registration / GST Return</w:title>
<w:body>GST REGISTRATION / GST RETURN (SYNTHETIC)
Lega1 name: Harborlight Logistics Ltd
Au7horized signatory: Sneha Me non
GST IN: 07OJTFK4053U1Z4
Return period: GSTR-3B Q1-2025
Taxable value:  INR 2,099,450.40
IGST/CGST/SGST payable: INR 73,840.07
Principal place : 185 MG Road, Mumbai 502232
Filed on GST portal. This is not an income-t4x ITR acknowl3dgement.
</w:body>
</w:document>
",487,941697033f53d413cf765e5544cc29d10c4bcaa1e56204a4a583c6cab9737164,GRP-13-42,medium,test,ocr,False,False,False
DOC-0824,gst_registration__gst_return_DOC-0824.png,png,GST Registration / GST Return,"SYNTHETIC-PNG-IMAGE
# raster stand-in; OCR text follows
TITLE: GST Registration / GST Return
GST REGISTRATION / GST RETURN (SYNTHETIC)
Legal name: Cedar Grove Properties Ltd
Authorized signatory: Kabir Joshi
GSTIN: 33ZJXOR5506W1Z4
Return period: GSTR-1 May-2025
Taxable value: INR 3,342,263.18
IGST/CGST/SGST payable: INR 133,469.44
Principal place: 23 Lake View, Kolkata 438851
Filed on GST portal. This is not an income-tax ITR acknowledgement.

",448,b2441daee511587aea557bf078feff58ea0d5e55c734c5e5564942a39b6fc423,GRP-13-43,easy,train,clean,False,False,False
DOC-0825,gst_registration__gst_return_DOC-0825.pdf,pdf,GST Registration / GST Return,"%PDF-1.4
% synthetic text-bearing stand-in
1 0 obj
<< /Title (GST Registration / GST Return) >>
stream
GST REGISTRATION / GST RETURN (SYNTHETIC)
Legal name: Nimbus Payments Pvt Ltd
Authorized signatory: Kabir Iyer
GSTIN: 29LAMCK3680F1ZA
Return period: GSTR-1 Apr-2025
Taxable value: INR 3,286,963.15
IGST/CGST/SGST payable: INR 127,924.88
Principal place: 135 Residency, Ahmedabad 548090

PAN of taxpayer: LAMCK3680F
Turnover also relevant for income tax.
Filed on GST portal. This is not an income-tax ITR acknowledgement.

endstream
endobj
%%EOF
",548,36a61004c993dac0844bdce31561485d20e1f8d90720110a8b1b8829ef41a8e6,GRP-13-00,hard,test,clean,True,False,False
DOC-0826,gst_registration__gst_return_DOC-0826.jpg,jpg,GST Registration / GST Return,"SYNTHETIC-JPG-IMAGE
# raster stand-in; OCR text follows
TITLE: GST Registration / GST Return
GST REGISTRATION / GST RETURN (SYNTHETIC)
Legal name: Harborlight Logistics Ltd
Authorized signatory: Kabir Das

",206,ef30043f314806960fce373c6587845a5a875fb9d1f7c3df04629f963293dd0c,GRP-13-01,medium,validation,sparse,True,False,False
DOC-0827,gst_registration__gst_return_DOC-0827.tiff,tiff,GST Registration / GST Return,"SYNTHETIC-TIFF-IMAGE
# raster stand-in; OCR text follows
TITLE: GST Registration / GST Return
GST REGISTRATION / GST RETURN (SYNTHETIC)
Legal name: Helios Manufacturing Pvt Ltd
Authorized signatory: Vikram Gupta
GSTIN: 27MCEIE8495O1ZA
Return period: GSTR-1 Apr-2025
Taxable value: INR 293,759.59
IGST/CGST/SGST payable: INR 11,566.33
Principal place: 61 Industrial Area, Pune 491427

PAN of taxpayer: MCEIE8495O
Turnover also relevant for income tax.
Filed on GST portal. This is not an income-tax ITR acknowledgement.

",520,1e3b055cbe9f065f0e631f55042df90aec918ded270d853e4fc961f1d459a004,GRP-13-02,hard,test,clean,True,False,False
DOC-0828,gst_registration__gst_return_DOC-0828.tiff,tiff,GST Registration / GST Return,"SYNTHETIC-TIFF-IMAGE
# raster stand-in; OCR text follows
TITLE: GST Registration / GST Return
GST REGISTRATION / GST RETURN (SYNTHETIC)
Legal name: Cedar Grove Pro perti3s Ltd
Authorized signatory:  Fatim4 Joshi
GSTIN: 36GURTI9010M1Z3
Re7urn period: GSTR-1 Apr-2025
Taxable value: INR  3,269,461.62
IGST/CGST/SGST payable: INR 14,175.11
Principal place: 167 Lake View, Delhi 533980
Filed on GST portal.  This is not an income-tax ITR acknowledgement.

",452,dad41e202dcc05c195505c814d144e2b4042ef7bdd9cf836cf15adff21032d15,GRP-13-03,medium,train,ocr,True,False,False
DOC-0829,gst_registration__gst_return_DOC-0829.pdf,pdf,GST Registration / GST Return,"%PDF-1.4
% synthetic text-bearing stand-in
1 0 obj
<< /Title (GST Registration / GST Return) >>
stream
GST REGISTRATION / GST RETURN (SYNTHETIC)
 Lega l name: Nim bus Payments Pvt  Ltd
Authorized sig natory: Rahul Gupta
GSTIN: 07VIWND6560O1ZF
Return p3riod: GSTR-1 May-2025
Taxabl3 valu3: INR 1,429,430.64
IGST/CGST/ SGST pay4ble: INR 80,164.29
Principal place: 208  Industrial Area, Chennai 467232
Fi1ed on GST  portal. This is not an income-ta x ITR acknow1edgement.

endstream
endobj
%%EOF
",493,1561a682f37381320c356788ecf0e5f998dcc953f4ed08543ddfc467f7353acb,GRP-13-04,medium,train,noisy,True,False,False
DOC-0830,gst_registration__gst_return_DOC-0830.pdf,pdf,GST Registration / GST Return,"%PDF-1.4
% synthetic text-bearing stand-in
1 0 obj
<< /Title (GST Registration / GST Return) >>
stream
GST REGISTRATION / GST RETURN (SYNTHETIC)
Legal name: Nimbus Payments Pvt Ltd
Authorized signatory: Kabir Sharma
GSTIN: 33ZNZQD2022F1Z8
Return period: GSTR-1 Q1-2025
Taxable value: INR 3,451,953.80
IGST/CGST/SGST payable: INR 34,735.63
Principal place: 235 Industrial Area, Hyderabad 519729
Filed on GST portal. This is not an income-tax ITR acknowledgement.

endstream
endobj
%%EOF
",486,80b0ab2795d34a843677a0da3f253c3d0f75a2bfd478e15f18de934354cce09b,GRP-13-05,easy,train,clean,True,False,False
DOC-0831,gst_registration__gst_return_DOC-0831.jpg,jpg,GST Registration / GST Return,"SYNTHETIC-JPG-IMAGE
# raster stand-in; OCR text follows
TITLE: GST Registration / GST Return
GST REGISTRATION / GST RETURN (SYNTHETIC)
Legal name: Meridian Textiles Pvt Ltd
Authorized signatory: Ananya Sharma
GSTIN: 36QVXSL6482U1Z4
Return period: GSTR-1 May-2025
Taxable value: INR 693,321.41
IGST/CGST/SGST payable: INR 92,773.73
Principal place: 104 Lake View, Kolkata 544746
Filed on GST portal. This is not an income-tax ITR acknowledgement.

",447,4624353396dcec57fe7ebe575437fc3149e9b4487c76dc43071ae16d1e2c5843,GRP-13-06,easy,train,clean,True,False,False
DOC-0832,gst_registration__gst_return_DOC-0832.pdf,pdf,GST Registration / GST Return,"%PDF-1.4
% synthetic text-bearing stand-in
1 0 obj
<< /Title (GST Registration / GST Return) >>
stream
GST REGISTRATION / GST RETURN (SYNTHETIC)
Legal name: Harborlight Logistics Ltd
Authorized signatory: Meera Khan
GSTIN: 07VFDCB3069H1Z6
Return period: GSTR-3B May-2025
Taxable value: INR 2,193,088.89
IGST/CGST/SGST payable: INR 151,095.66
Principal place: 135 MG Road, Mumbai 528913

PAN of taxpayer: VFDCB3069H
Turnover also relevant for income tax.
Filed on GST portal. This is not an income-tax ITR acknowledgement.

endstream
endobj
%%EOF
",546,70f82cd1389d492f97d65a19d5fba0718016bec9aa4544cbbe10c39f54e28af7,GRP-13-07,hard,train,clean,True,False,False
DOC-0833,gst_registration__gst_return_DOC-0833.pdf,pdf,GST Registration / GST Return,"%PDF-1.4
% synthetic text-bearing stand-in
1 0 obj
<< /Title (GST Registration / GST Return) >>
stream
GST REGISTRATION / G ST RETURN (SYNTHETIC)
L3gal nam e: Meridian Textiles Pvt Ltd
Authorized signatory: Dev Sharma
GSTIN: 33DPIPO8084S1ZB
Return period: GSTR-1 Apr-2025
Taxabl3 value: INR 1,123,887.68
IGST/CGST/SGST p4yable: INR 38,348.04
Pri ncip4l place: 202 Industrial Area, Hyderabad 419105
Filed on GST portal. This is not an income-tax ITR acknowledgemen7.

[rescanned copy; low-resolution archive]

endstream
endobj
%%EOF
",532,13618a09adac411712adcdc01ba158e21b0095e6a1c27c1ba2a08dd49e00d9c9,GRP-13-08,medium,train,ocr,False,True,False
DOC-0834,gst_registration__gst_return_DOC-0834.xlsx,xlsx,GST Registration / GST Return,"title,GST Registration / GST Return
r0,GST REGISTRATION / GST RETURN (SYNTHETIC)
r1,Legal name: Harborlight L0gistics Ltd
r2,Authorized sign4tory: Me era Menon
r3,GSTIN: 33WWXON5067J 1Z6
r4,Return period: GSTR-1 May-2025
r5,Taxable value: INR 2;001;897.34
r6,IGST/CGST/SGST payable: INR 82;375.01
r7,Principal place: 134 Residency; Kolka ta 468093
r8,Filed on GST portal. This is not an income-tax ITR acknowledgement.
r10,[rescanned copy; low-resolution archive]
",464,55b1c9db8822fba22c9464a63f716923343d4ea136880393937c3c1f427b4e80,GRP-13-09,medium,train,ocr,False,True,False
DOC-0835,gst_registration__gst_return_DOC-0835.pdf,pdf,GST Registration / GST Return,"%PDF-1.4
% synthetic text-bearing stand-in
1 0 obj
<< /Title (GST Registration / GST Return) >>
stream
GST REGISTRATION / GST RETURN (SYNTHETIC)
Legal na me: Harborlight Logistics Ltd
Authorized signatory: Rahul Sharma
GSTIN:  07DKIDX9680H1ZA
Return period: GSTR-1 Q1-2025 
Taxable value: INR 55,899.50
IGST/CGS T/SGST payable: INR 104,136.17
Principal  place: 56 MG Road,  Hyderabad 414681
Filed on GST portal. This is not an income-tax ITR acknowledgement.

[rescanned copy; low-resolution archive]

endstream
endobj
%%EOF
",525,8e3055402bc2cee3cb26cf90803f9488eecac037a0033e298372c064d0988131,GRP-13-10,medium,train,ocr,False,True,False
DOC-0836,gst_registration__gst_return_DOC-0836.pdf,pdf,GST Registration / GST Return,"%PDF-1.4
% synthetic text-bearing stand-in
1 0 obj
<< /Title (GST Registration / GST Return) >>
stream
GST REGISTRATION / GST RETURN ( SYNTHETIC)
Legal n ame: Nimbus Payments Pvt Ltd
Authorized signatory: Vikr4m  Gup7a
GSTIN: 29NWWMY5254 I1ZC
Return period: GSTR-1 Apr-2025
Taxable value: INR  1,715,082. 37
IGST/CGST/SGST payable : INR 96,445.29
Principal place: 22 R3sid3ncy, 83ngal uru  457705

PA N o f taxpayer: NWWMY5254I
Turnover also r3levan7 f0r income tax.
Filed on GST por7al. This is n ot an inc0me-tax ITR acknowledgemen7.

[rescanned copy; low-resolution archive]

endstream
endobj
%%EOF
",602,39f30b1fb9336b3779a494188517ec365c2d80e8ba68b5e963b732bde83f6a76,GRP-13-11,hard,train,ocr,False,True,False
DOC-0837,gst_registration__gst_return_DOC-0837.tiff,tiff,GST Registration / GST Return,"SYNTHETIC-TIFF-IMAGE
# raster stand-in; OCR text follows
TITLE: GST Registration / GST Return
GST REGISTRATION / GST RETURN (SYNTHETIC)
Legal name: Cedar Grove Properties Ltd
Authorized signatory: Arjun Joshi
GSTIN: 36RYPCP9584D1Z9
Return period: GSTR-3B Apr-2025
Taxable value: INR 1,599,215.86
IGST/CGST/SGST p4yable: INR 146,094.00
Principal place: 75 MG Road, Kolkata 423152
Filed 0n GST por7al. This  is not an income-tax ITR acknowledgement.

[rescanned copy; low-resolution archive]

",491,32a6d02f27db1f5f7ff1325c9fa425bf32cb9914068e60258c87517adce9e4db,GRP-13-12,medium,validation,ocr,False,True,False
DOC-0838,gst_registration__gst_return_DOC-0838.jpg,jpg,GST Registration / GST Return,"SYNTHETIC-JPG-IMAGE
# raster stand-in; OCR text follows
TITLE: GST Registration / GST Return
GST REGISTRATION / GST RETURN (SYNTHETIC) 
Leg4l name: M3ridian Textiles Pvt Ltd
Authorized  signatory: Dev M enon
GSTIN: 36JVJYZ4776V1Z4
Return peri od: GSTR-1 Apr-2025
Taxable value: INR 1,694,044.06
IGST/CGST/SGST payable: INR 13 1,326.80
Principa1 plac3: 19 Re5idency, Hyderabad  403333
Filed on GST portal. This is not 4n income-tax ITR acknowledgement.

[rescanned copy; low-resolution archive]

",495,9b6959fd6e426fbaf65d08ac4a927a24560d6635ab5b28146ce375ea6735973c,GRP-13-13,medium,train,ocr,False,True,False
DOC-0839,gst_registration__gst_return_DOC-0839.pdf,pdf,GST Registration / GST Return,"%PDF-1.4
% synthetic text-bearing stand-in
1 0 obj
<< /Title (GST Registration / GST Return) >>
stream
GST REGISTRATION  / GST RETURN (SYNTHETIC)
Legal name: Cedar Grove Properties Ltd
Authoriz3d signatory: Dev Patel
GSTIN: 24XQFBK8900D1ZC
Return period: GSTR-3B Apr-2025
Taxable value: INR 604,757.38
IGST/CGST/SGST payable: INR 62,041.47
Principal place: 176 MG Road, Pune 514203
Filed on GST portal. This is not an income-tax ITR acknowledgem3nt.

[rescanned copy; low-resolution archive]

endstream
endobj
%%EOF
",516,4ba244dae22999d0da8ac6d19c11ce3503dcbb2d940be43c4b9ed23f2aded699,GRP-13-14,medium,train,ocr,False,True,False
DOC-0840,gst_registration__gst_return_DOC-0840.jpg,jpg,GST Registration / GST Return,"SYNTHETIC-JPG-IMAGE
# raster stand-in; OCR text follows
TITLE: GST Registration / GST Return
GST REGISTRATION / GST RETURN (SYNTHETIC)
Legal na me: Cedar Grove Properties Ltd
Authorized signatory: Arjun Joshi
GSTIN: 24JZOEW7171P1ZA
Return period: GSTR-3B May-2025
Taxabl3 value: INR 1,816,6 11.91
IGST/CGST/SGST payable: INR 123,149.43
Princip4l place: 139 MG Road, Mum bai  455925
Filed on GST por7al. This is not an income-tax ITR acknowledgement.

[rescanned copy; low-resolution archive]

",493,fac7ceeb618ba25a51d28dd8db760f55248581b594bab1fb8547c4379e13eebb,GRP-13-15,medium,validation,ocr,False,True,False
DOC-0841,gst_registration__gst_return_0841.pdf,pdf,Audited Financial Statements,"%PDF-1.4
% synthetic text-bearing stand-in
1 0 obj
<< /Title (Audited Financial Statements) >>
stream
AUDITED FINANCIAL STATEMENTS (SYNTHETIC)
Harborlight Logistics Ltd
Year ended 31 March 2025

endstream
endobj
%%EOF
",218,464d65953b86f64e5b711bf9c498c86d10fd2c2a18e6cb76397df4445b9f19bc,GRP-14-00,medium,train,sparse,False,False,True
DOC-0842,audited_financial_statements_DOC-0842.tiff,tiff,Audited Financial Statements,"SYNTHETIC-TIFF-IMAGE
# raster stand-in; OCR text follows
TITLE: Audited Financial Statements
AUDITED FINANCIAL STATEMENTS (SYNTHETIC)
Nimbus Payments Pvt Ltd
Year ended 31 M4rch 2023
Independent auditor's report: unmodified opinion.
Revenue from operati0ns: INR 155,665,902.18
Profit before tax: INR 7,532,644.49
Total assets: INR 143,525,644.30
Balance sheet, P&L, ca sh flow, and  notes form an integral part of these statemen ts.
Director: Sneha Jo shi
GSTIN 36VPOQY1895W1Z4 disclos3d in notes to account5.

",511,c115ad6e7a123f8acd337dd6e1ea8515cb60097c81d45a04a2ff957ce2a55cbc,GRP-14-01,hard,train,ocr,False,False,False
DOC-0843,audited_financial_statements_DOC-0843.pdf,pdf,Audited Financial Statements,"%PDF-1.4
% synthetic text-bearing stand-in
1 0 obj
<< /Title (Audited Financial Statements) >>
stream
AUDITED FINANCIAL STATEMENTS (SYNTHETIC)
Cedar Grove Properties Ltd
Year ended 31 March 2025
Ind3pendent auditor's repor7: unmodifi3d opinion.
Revenue from opera7ions: INR 158,163,686.38
P rofit before tax: INR 14,66 0,936.25
Total asse7s:  INR 59,059,150.88
Balance shee7, P&L, cash flow, and n0tes form an integral part of thes3 sta7ements.
Director: Arjun Iyer

endstream
endobj
%%EOF
",490,af4b9a453f0bd93ea390d68c3d20d3a1d66531eec2771e4454bcdc5d3f11f245,GRP-14-02,medium,test,noisy,False,False,False
DOC-0844,audited_financial_statements_DOC-0844.tiff,tiff,Audited Financial Statements,"SYNTHETIC-TIFF-IMAGE
# raster stand-in; OCR text follows
TITLE: Audited Financial Statements
AUDITED FINANCIAL STATEMENTS (SYNTHETIC)
Helios Manuf4c turin9 Pvt L7d
Year 3nd3d 31 Mar ch 2023
Ind3pend3nt 4uditor'5 repo rt: unmodifi3d opinion .
Revenue from operation5: INR 205,223,152.66
Profit before tax:  INR 14,785,310.35
Total assets: INR 96,320,639.03
Ba14n ce sheet,  P&L, cash flow, and notes form an integral part of thes e 5ta7ements.
Director: Ananya Khan

",466,f24a9108f3e05e3218d41f30a3ab8b46bd20dc9e814648d84c206be06badf4bc,GRP-14-03,medium,train,noisy,False,False,False
DOC-0845,proof_of_address_0845.png,png,Audited Financial Statements,"SYNTHETIC-PNG-IMAGE
# raster stand-in; OCR text follows
TITLE: Audited Financial Statements
AUDITED FINANCIAL STATEMENTS (SYNTHETIC)
Nimbus Payments Pvt Ltd
Year ended 31 March 2023
Independent auditor's report: unmodified opinion.
Revenue from operations: INR 24,651,688.87
Profit before tax: INR 4,731,468.95
Total assets: INR 66,710,616.93
Balance sheet, P&L, cash flow, and notes form an integral part of these statements.
Director: Isha Reddy
GSTIN 29SIQWQ1904A1Z5 disclosed in notes to accounts.

",503,a643ebe140da171d0b6c78da1a31676ebeb5f6070edbd99a268606fd5cb083be,GRP-14-04,hard,test,clean,False,False,True
DOC-0846,property_and_collateral_documents_0846.pdf,pdf,Audited Financial Statements,"%PDF-1.4
% synthetic text-bearing stand-in
1 0 obj
<< /Title (Audited Financial Statements) >>
stream
AUDITED FINANC IAL STATEMENTS (SYNT HETIC)
Cedar Grov3 Properties Ltd
Ye4r ended 31 March 2024
Independent audito r's report: unmodi fied opinion.
Revenue from 0perations: INR  157,620,639.79
Profit before tax: I NR 4,027,087.36
Total assets: INR 59,185,761.62
Balance sheet, P&L, cash flow, and notes f0rm an i ntegral part of th3se s7atements.
Dir 3ctor: An4ny4 Sh4rma

endstream
endobj
%%EOF
",497,dd8fdbd9c7be317a862c8dd000f1357e2dde2690bad2c80753a2bdef19659b74,GRP-14-05,medium,validation,noisy,False,False,True
DOC-0847,audited_financial_statements_DOC-0847.jpg,jpg,Audited Financial Statements,"SYNTHETIC-JPG-IMAGE
# raster stand-in; OCR text follows
TITLE: Audited Financial Statements
AUDITED FINA NCIAL STATEMENTS (SYNTHETIC)
Nimbus Paymen ts Pvt Ltd
Year ended 31 March 2025
Independ ent auditor's report: unmodifi3d opinion.
Rev enue from operati0ns: INR 223,691,480.4 8
Profit before tax: INR 1,321,986.64
Total assets: INR 125,602,13 4.91
Balance sheet, P&L, cash flow, and notes form an  integral part of these sta7ements.
Direct0r: Dev Patel

",457,a01459a808177e580a83d22f2230f1483b0c55bec601b4959b298eef6ff01480,GRP-14-06,medium,train,ocr,False,False,False
DOC-0848,company_constitution_and_board_resolution_0848.docx,docx,Audited Financial Statements,"<?xml version='1.0' encoding='UTF-8'?>
<w:document>
<w:title>Audited Financial Statements</w:title>
<w:body>AUDITED F INANCIAL STATEMEN TS (SYNT HETIC)
Cedar Gr0ve Pr0perties Ltd
Year  ended 31 March 2 023
Independent auditor'5 report: unmodified opini0n.
Revenue from operations: INR 198,403,295.64
Pro fit before tax: INR 5,876,212.43
Total assets: INR 31,147,091.18
8alance sheet, P&L, cash flow, and note5 form 4n in7egral part of the5e 5tatements.
Direct0r: Rahul Das
</w:body>
</w:document>
",497,83afaed9bf65ffd88e4164e5df39109e04d14d9760b561c1b28169e23945e17c,GRP-14-07,medium,train,noisy,False,False,True
DOC-0849,audited_financial_statements_DOC-0849.pdf,pdf,Audited Financial Statements,"%PDF-1.4
% synthetic text-bearing stand-in
1 0 obj
<< /Title (Audited Financial Statements) >>
stream
AUDITED FINANCIAL STATEMENTS (SYNTHETIC)
Meridian Textiles Pvt Ltd
Year ended 31 March 2023
Independent auditor's report: unmodified opinion.
Revenue from operations: INR 210,296,190.48
Profit before tax: INR 15,156,316.33
Total assets: INR 69,445,364.50
Balance sheet, P&L, cash flow, and notes form an integral part of these statements.
Director: Meera Sharma
GSTIN 27MNDGN0018J1Z3 disclosed in notes to accounts.

endstream
endobj
%%EOF
",542,18907909e9596d8c93f392fa2a667dc1e6253a33cab5eb935fac8ed97dd11ee4,GRP-14-08,hard,train,clean,False,False,False
DOC-0850,audited_financial_statements_DOC-0850.eml,eml,Audited Financial Statements,"From: records-noreply@synthetic.example
To: intake@lender.example
Subject: Audited Financial Statements
MIME-Version: 1.0
Content-Type: text/plain; charset=UTF-8

AUDITED FINANCIAL STATEMENTS (SYNTHETIC)
Nimbus Payments Pvt Ltd
Year ended 31 March 2023
Independent auditor's report: unmodified opinion.
Revenue from operations: INR 160,062,344.35
Profit before tax: INR 9,026,297.39
Total assets: INR 142,937,979.63
Balance sheet, P&L, cash flow, and notes form an integral part of these statements.
Director: Fatima Iyer

",523,d59488aa1a7c6a15f5942c0bd16dd1ec41a6671445e059bf62b517270e67939d,GRP-14-09,easy,train,clean,False,False,False
DOC-0851,class_12_marksheet_0851.docx,docx,Audited Financial Statements,"<?xml version='1.0' encoding='UTF-8'?>
<w:document>
<w:title>Audited Financial Statements</w:title>
<w:body>AUDITED FINANCIAL STATEMENTS (SYNTHETIC)
Harborlight Logistics Ltd
Year ended 31 March 2024
Independent auditor's report: unmodified opinion.
Revenue from operations: INR 178,356,042.35
Profit before tax: INR 16,144,076.72
Total assets: INR 30,339,244.48
Balance sheet, P&L, cash flow, and notes form an integral part of these statements.
Director: Meera Sharma
GSTIN 33XPIWP7263T1ZF disclosed in notes to accounts.
</w:body>
</w:document>
",548,04e3f95f1085e8bbe471db209c48fd16a25c7fb7b7ce4c4fecd6a019499480f8,GRP-14-10,hard,validation,clean,False,False,True
DOC-0852,audited_financial_statements_DOC-0852.pdf,pdf,Audited Financial Statements,"%PDF-1.4
% synthetic text-bearing stand-in
1 0 obj
<< /Title (Audited Financial Statements) >>
stream
AUDITED FINANCIAL STATEMENTS (SYNTHETIC)
Cedar Grove Properties Ltd
Year ended 31 March 2024

endstream
endobj
%%EOF
",219,56a0bfe9a5ea91cf43c368094e43794049bc058ba0b09f172a5a6eb3be1342a9,GRP-14-11,medium,validation,sparse,False,False,False
DOC-0853,audited_financial_statements_DOC-0853.pdf,pdf,Audited Financial Statements,"%PDF-1.4
% synthetic text-bearing stand-in
1 0 obj
<< /Title (Audited Financial Statements) >>
stream
AUDITED FINANCIAL STATEMENTS (SYNTHETIC)
Cedar Grove Properties Ltd
Year ended 31 March 2023
Independent auditor's report: unmodified opinion.
Revenue from operations: INR 225,275,591.08
Profit before tax: INR 2,038,296.92
Total assets: INR 96,316,660.69
Balance sheet, P&L, cash flow, and notes form an integral part of these statements.
Director: Meera Joshi

endstream
endobj
%%EOF
",487,73396ae87451fd36e7efc0f07444fc9e36ec8a76b922f57e268c7d7da022d8fa,GRP-14-12,easy,train,clean,False,False,False
DOC-0854,audited_financial_statements_DOC-0854.pdf,pdf,Audited Financial Statements,"%PDF-1.4
% synthetic text-bearing stand-in
1 0 obj
<< /Title (Audited Financial Statements) >>
stream
AUDITED FINANCIAL STATEMENTS (SYNTHETIC)
Nimbus Payments Pvt Ltd
Year ended 31 March 2024

endstream
endobj
%%EOF
",216,6ffe5e7ee540c7a14e4b509ff1765231ead3a3467566bd23b59f411a53b8c8c2,GRP-14-13,medium,validation,sparse,False,False,False
DOC-0855,audited_financial_statements_DOC-0855.docx,docx,Audited Financial Statements,"<?xml version='1.0' encoding='UTF-8'?>
<w:document>
<w:title>Audited Financial Statements</w:title>
<w:body>AUDITE D FINANCIAL  ST ATEMENTS (SYNTHETIC)
Cedar Grove Properties Ltd
Year ended 31 March 2023
Ind3pendent audi70r's report: unmodified opinion.
Revenue from operations: INR 11,023,003. 41
Profi t before tax: INR 4,269,232.03
Total as5ets: INR 123,587,222.47
Balance sheet, P&L, cash flow, and notes form an in7egral part of these sta tements.
D irector: Dev Joshi
GSTIN 24HPAOF5205L1ZA disclosed in notes to accounts.
</w:body>
</w:document>
",552,92930d8a7a6b80f37dffe8db09efb493ae9353c5999debcce114d4311a366940,GRP-14-14,hard,train,ocr,False,False,False
DOC-0856,audited_financial_statements_DOC-0856.tiff,tiff,Audited Financial Statements,"SYNTHETIC-TIFF-IMAGE
# raster stand-in; OCR text follows
TITLE: Audited Financial Statements
AUDITED FINANCIAL STATEMENTS (SYNTHETIC)
Cedar Grove Properties Ltd
Year ended 31 March 2023
Independent auditor's report: unmodified opinion.
Revenue from operations: INR 147,436,179.36
Profit before tax: INR 17,776,320.65
Total assets: INR 88,309,334.54
Balance sheet, P&L, cash flow, and notes form an integral part of these statements.
Director: Fatima Iyer

",456,dc2acf7162dff81d3eac71fbec8c445f2bc73289c5ea8806cdfdcfdb4d222864,GRP-14-15,easy,train,clean,False,False,False
DOC-0857,audited_financial_statements_DOC-0857.pdf,pdf,Audited Financial Statements,"%PDF-1.4
% synthetic text-bearing stand-in
1 0 obj
<< /Title (Audited Financial Statements) >>
stream
AUDITED FINANCIAL STATEMENTS (SYNTHETIC)
Cedar Grove Properties Ltd
Year ended 31 March 2023
Independent auditor's report: unmodified opinion.
Revenue from operations: INR 158,667,129.15
Profit before tax: INR 11,551,967.53
Total assets: INR 105,836,733.36
Balance sheet, P&L, cash flow, and notes form an integral part of these statements.
Director: Meera Sharma

endstream
endobj
%%EOF
",490,1f8507d8fa8dedb91e991a1f0a8c32a1d266efff32ec61c8e02a9c828090aa8b,GRP-14-16,easy,train,clean,False,False,False
DOC-0858,audited_financial_statements_DOC-0858.pdf,pdf,Audited Financial Statements,"%PDF-1.4
% synthetic text-bearing stand-in
1 0 obj
<< /Title (Audited Financial Statements) >>
stream
AUDITED FINANCIAL STATEMENTS (SYNTHETIC)
Harborlight Logistics Ltd
Year ended 31 March 2025

endstream
endobj
%%EOF
",218,464d65953b86f64e5b711bf9c498c86d10fd2c2a18e6cb76397df4445b9f19bc,GRP-14-17,hard,train,sparse,False,False,False
DOC-0859,audited_financial_statements_DOC-0859.txt,txt,Audited Financial Statements,"Audited Financial Statements

AUDITED FINANCIAL STATEME NTS (SYNTHETIC)
Harborlight Logistics Ltd
Year ended 31  March 2024
Independent auditor's report: unmodified opinion.
 Revenue from oper ations: INR 197,874,915.36
Profit before tax:  INR 11,528,222.86
Total assets: INR 3 7,721,464.84
Ba lance sh3et, P&L, cash flow, and n0tes form an integral part of these statements.
Director: Sneha Iyer
GSTIN 27JBKBB7403A1Z1 disclosed in notes 7o accounts.

",452,930fc42578aa3d54826e975e7b7c6801894b3151998a9326ec6cbb89bb1183f4,GRP-14-18,hard,test,ocr,False,False,False
DOC-0860,itr_0860.pdf,pdf,Audited Financial Statements,"%PDF-1.4
% synthetic text-bearing stand-in
1 0 obj
<< /Title (Audited Financial Statements) >>
stream
AUDITED FINANCIAL STATEMENTS (SYNTHETIC)
Meridian Textiles Pvt Ltd
Year ended 31 March 2024
Independent auditor's report: unmodified opinion.
Revenue from operations: INR 95,810,945.21
Profit before tax: INR 3,140,675.41
Total assets: INR 41,902,692.36
Balance sheet, P&L, cash flow, and notes form an integral part of these statements.
Director: Fatima Sharma

endstream
endobj
%%EOF
",487,04f3d00ae629001fb9cc0f3fb36dcd5e3cbeefb52945bb9d53b390935e95b6ca,GRP-14-19,easy,train,clean,False,False,True
DOC-0861,audited_financial_statements_DOC-0861.pdf,pdf,Audited Financial Statements,"%PDF-1.4
% synthetic text-bearing stand-in
1 0 obj
<< /Title (Audited Financial Statements) >>
stream
AUDITED FINA NCIAL STA TEMENTS (SYNTHETIC)
Meridi4n Textiles Pvt Ltd
Year ended 31 March 2024
Independent auditor'5 report: unmodified opinion.
Revenue from operations: INR 230,926,783.41
Profit before tax: INR 7,705,040.22
Total assets: INR 17,789 ,463.70
Balance sheet, P&L, cash f1ow, and no7es form an integr4l part of these  st4tements.
Director: Dev Reddy

endstream
endobj
%%EOF
",488,a7090a727c76634ebfe7065c95313bdea8d02fcd0911efd90ce9ea8c440a910a,GRP-14-20,medium,train,ocr,False,False,False
DOC-0862,audited_financial_statements_DOC-0862.jpg,jpg,Audited Financial Statements,"SYNTHETIC-JPG-IMAGE
# raster stand-in; OCR text follows
TITLE: Audited Financial Statements
AUDITED FINANCIAL STATEMENTS (SYNTHETIC)
Helios Manufacturing Pvt Ltd
Year ended 31 March 2023
Independent auditor's report: unmodified opinion.
Revenue from operations: INR 94,672,168.98
Profit before tax: INR 13,011,294.95
Total assets: INR 177,332,904.09
Balance sheet, P&L, cash flow, and notes form an integral part of these statements.
Director: Dev Sharma

",456,44b1661b4b4dade9308ef9b355aa623c46e77dde6e584ae54f99c76eda48f67d,GRP-14-21,easy,test,clean,False,False,False
DOC-0863,proof_of_address_0863.pdf,pdf,Audited Financial Statements,"%PDF-1.4
% synthetic text-bearing stand-in
1 0 obj
<< /Title (Audited Financial Statements) >>
stream
AUDITED FINANCIAL STATEMEN TS (SYNTHETIC)
Cedar Grove Pr0pe rtie5 Ltd
Year 3nde d 31 March 2023
Independent auditor's report: unmodified opinion.
 Reve nue  fr0m operation5: INR 1 73,827,391.46
Profit before  t4x: I NR 13,001,505.43
To t4l assets: INR 65,270,919.15
Balance she3t, P&L , cash flow, and note5 form an integr4l part of  th 3se statements.
Director: Sneha Gupta

endstream
endobj
%%EOF
",501,29e10f8dd14e6d2e4d09c6a1d6a60adc8ddbe8afccb133c4779b00cb41794518,GRP-14-22,medium,train,noisy,False,False,True
DOC-0864,audited_financial_statements_DOC-0864.pdf,pdf,Audited Financial Statements,"%PDF-1.4
% synthetic text-bearing stand-in
1 0 obj
<< /Title (Audited Financial Statements) >>
stream
AUDITED FINANCIAL STATEMENTS (SYNTHETIC)
Cedar Grove Properties Ltd
Year ended 31 March 2025
Independent auditor's report: unmodified opinion.
Revenue from operations: INR 57,130,308.11
Profit before tax: INR 6,811,173.64
Total assets: INR 38,660,449.06
Balance sheet, P&L, cash flow, and notes form an integral part of these statements.
Director: Kabir Patel
GSTIN 29IVSHA6581L1ZA disclosed in notes to accounts.

endstream
endobj
%%EOF
",540,23c77640046dc0afdf2d014bb301dc8ced771d39237c390fe5ae8ddf874a45df,GRP-14-23,hard,test,clean,False,False,False
DOC-0865,audited_financial_statements_DOC-0865.pdf,pdf,Audited Financial Statements,"%PDF-1.4
% synthetic text-bearing stand-in
1 0 obj
<< /Title (Audited Financial Statements) >>
stream
AUDITED FINANCIAL  STATEMENTS (SYNTHETIC)
Helios Manufacturing Pv7 Ltd
Year ended 31 March  2025
Independen7 auditor's rep ort: un modified opini0n.
Revenue from op3ra7ions: INR 64,026,312.56
Profit  before tax: IN R 517,916.6 9
Total assets: INR 61,912,657.60
Balance sheet, P&L, cash fl0w, and no tes form an integr4l part of these statement s.
Dire ctor: Sneha Iyer

endstream
endobj
%%EOF
",495,49908982da0ad39bcd018a6593b67c1be8514afdf30df830af3ae906ee2b3a20,GRP-14-24,medium,train,noisy,False,False,False
DOC-0866,audited_financial_statements_DOC-0866.jpg,jpg,Audited Financial Statements,"SYNTHETIC-JPG-IMAGE
# raster stand-in; OCR text follows
TITLE: Audited Financial Statements
AUDITED FINANCIAL STATEMENTS (SYNTHETIC)
Cedar Grove Properties Ltd
Year ended 31 March 2023
Independent auditor's report: unmodified opinion.
Revenue from operations: INR 26,529,056.50
Profit before tax: INR 8,450,244.59
Total assets: INR 139,852,278.50
Balance sheet, P&L, cash flow, and notes form an integral part of these statements.
Director: Sneha Iyer
GSTIN 36BNFVF3589F1Z2 disclosed in notes to accounts.

",507,028876e47bd61d2fd7c8280f52519a630c7de8e224e932130e2cff38f33ba766,GRP-14-25,hard,train,clean,False,False,False
DOC-0867,audited_financial_statements_DOC-0867.pdf,pdf,Audited Financial Statements,"%PDF-1.4
% synthetic text-bearing stand-in
1 0 obj
<< /Title (Audited Financial Statements) >>
stream
AUDITED FINANCIAL STATEMENTS (SYNTHETIC)
Cedar Grove Properties Ltd
Year ended 31 March 2024
Independent auditor's report: unmodified opinion.
Revenue from operations: INR 144,990,439.72
Profit before tax: INR 14,084,100.29
Total assets: INR 131,846,594.99
Balance sheet, P&L, cash flow, and notes form an integral part of these statements.
Director: Ananya Das

endstream
endobj
%%EOF
",488,dba281b97e879604309d261568d5504e89b7d3a1d20bff0dde3c33a242ef27b5,GRP-14-26,easy,train,clean,False,False,False
DOC-0868,audited_financial_statements_DOC-0868.pdf,pdf,Audited Financial Statements,"%PDF-1.4
% synthetic text-bearing stand-in
1 0 obj
<< /Title (Audited Financial Statements) >>
stream
AUDITED FINANCIAL STATEMENTS (SYNTHETIC)
Meridian Textiles Pvt Ltd
Year ended 31 March 2023
Independent auditor's report: unmodified opinion.
Revenue from operations: INR 72,161,070.04
Profit before tax: INR 6,532,946.41
Total assets: INR 117,253,520.02
Balance sheet, P&L, cash flow, and notes form an integral part of these statements.
Director: Sneha Das

endstream
endobj
%%EOF
",484,59b6351c869554eb3afd6e83c066add8ec54fee4995a5d73fc00e236664e0457,GRP-14-27,easy,train,clean,False,False,False
DOC-0869,audited_financial_statements_DOC-0869.pdf,pdf,Audited Financial Statements,"%PDF-1.4
% synthetic text-bearing stand-in
1 0 obj
<< /Title (Audited Financial Statements) >>
stream
AUDITED FINANCIAL STATEMENTS (SYNTHETIC)
Meridian Textiles Pvt Ltd
Year ended 31 March 2024
Independent auditor's report: unmodified opinion.
Revenue from operations: INR 153,565,238.13
Profit before tax: INR 4,477,234.30
Total assets: INR 9,092,652.47
Balance sheet, P&L, cash flow, and notes form an integral part of these statements.
Director: Vikram Reddy

endstream
endobj
%%EOF
",486,620405c19d7c39122dd405c91f90fa1188063dcb93449d57525d7bdf85e8b71f,GRP-14-28,easy,test,clean,False,False,False
DOC-0870,audited_financial_statements_DOC-0870.pdf,pdf,Audited Financial Statements,"%PDF-1.4
% synthetic text-bearing stand-in
1 0 obj
<< /Title (Audited Financial Statements) >>
stream
AUDITED FINANCIAL STATEMENTS (SYNTHETIC)
Harborlight Logistics Ltd
Year ended 31 March 2025

endstream
endobj
%%EOF
",218,464d65953b86f64e5b711bf9c498c86d10fd2c2a18e6cb76397df4445b9f19bc,GRP-14-29,medium,train,sparse,False,False,False
DOC-0871,audited_financial_statements_DOC-0871.pdf,pdf,Audited Financial Statements,"%PDF-1.4
% synthetic text-bearing stand-in
1 0 obj
<< /Title (Audited Financial Statements) >>
stream
AUDITED FINANCIAL STATEMENTS (SYNTHETIC)
Nimbus Payments Pvt Ltd
Year end3d 31 March 2024
Independent auditor's report: unmodified opinion.
Revenue from oper ations: INR 147,754,245.51
Profit before tax: INR 2,530,114.49
Total assets: INR 130,754,753.23
Balance sheet, P&L, cash flow, and notes form a n integral part of these st atements.
Director: Dev Khan

endstream
endobj
%%EOF
",485,c86459e45678e98df42a649f086e759654637f2213c99b7dd55af2e861b7c782,GRP-14-30,medium,train,ocr,False,False,False
DOC-0872,audited_financial_statements_DOC-0872.pdf,pdf,Audited Financial Statements,"%PDF-1.4
% synthetic text-bearing stand-in
1 0 obj
<< /Title (Audited Financial Statements) >>
stream
AUDITED FINANCIAL STATEMENTS (SYNTHETIC)
Meridian Textile5 Pvt L7d
Yea r 3nde d 31 M4r ch 2023
Independent auditor's repor7: unmodified opinion.
Revenue fro m operations: INR 226,490,375.79
Profit bef0re tax: INR 14,646,598.86
Total ass3ts: INR  96,087,189.70
Balance sheet, P&L, cash flow, and notes form an in tegral part of these 5tatements.
Direc7or: Vikram Das

endstream
endobj
%%EOF
",492,5b65f7b638f8f7abf21cf782c03def55bcc5c5b18831eceb66db5e4f6df81f4c,GRP-14-31,medium,train,ocr,False,False,False
DOC-0873,audited_financial_statements_DOC-0873.jpg,jpg,Audited Financial Statements,"SYNTHETIC-JPG-IMAGE
# raster stand-in; OCR text follows
TITLE: Audited Financial Statements
AUDITED FINANCIAL STATEMENTS (SYNTHETIC)
Helios Manufacturing Pvt Ltd
Year ended 31 March 2023
Independent auditor's report: unmodified opinion.
Revenue from operations: INR 40,601,555.18
Profit before tax: INR 5,436,104.48
Total assets: INR 145,733,085.66
Balance sheet, P&L, cash flow, and notes form an integral part of these statements.
Director: Fatima Reddy

",457,bcf576fd34824e91f28e2eff14346f44884035ad1a21436cb8f756f343418738,GRP-14-32,easy,validation,clean,False,False,False
DOC-0874,audited_financial_statements_DOC-0874.pdf,pdf,Audited Financial Statements,"%PDF-1.4
% synthetic text-bearing stand-in
1 0 obj
<< /Title (Audited Financial Statements) >>
stream
AUDITED FINANCIAL STATEMENTS (SYNTHETIC)
Helios Manufacturing Pvt Ltd
Year ended 31 March 2024
Independent auditor's report: unmodified opinion.
Revenue from operations: INR 131,929,357.49
Profit before tax: INR 4,381,608.64
Total assets: INR 31,034,141.44
Balance sheet, P&L, cash flow, and notes form an integral part of these statements.
Director: Kabir Nair

endstream
endobj
%%EOF
",488,d5494d3ad42cdb52301f259fa56cfc7bdd8343c9131a6d2858e3ddeb110f62e3,GRP-14-33,easy,train,clean,False,False,False
DOC-0875,loan_application_form_0875.pptx,pptx,Audited Financial Statements,"# Slide 1: Audited Financial Statements

# Slide 2
AUDITED FINANCIAL STATEMENTS (SYNTHETIC)
Nimbus Payments Pvt Ltd
Year ended 31 March 2023
Independent auditor's report: unmodified opinion.

# Slide 3
Revenue from operations: INR 80,656,072.51
Profit before tax: INR 12,587,583.85
Total assets: INR 68,815,227.09
Balance sheet, P&L, cash flow, and notes form an integral part of these statements.

# Slide 4
Director: Fatima Reddy
",432,116e9077a5a111bef066b8a8587552355f78178009f0ca6c1a68b0700c66ad15,GRP-14-34,easy,train,clean,False,False,True
DOC-0876,audited_financial_statements_DOC-0876.pdf,pdf,Audited Financial Statements,"%PDF-1.4
% synthetic text-bearing stand-in
1 0 obj
<< /Title (Audited Financial Statements) >>
stream
AUDITED FINANCIAL STATEMENTS (SYNTHETIC)
Nimbus Payments Pvt Ltd
Year ended 31 March 2023
Independent auditor's report: unmodified opinion.
Revenue from operations: INR 162,269,091.74
Profit before tax: INR 16,792,258.75
Total assets: INR 79,797,342.02
Balance sheet, P&L, cash flow, and notes form an integral part of these statements.
Director: Kabir Gupta

endstream
endobj
%%EOF
",485,277d36725d5c6c3c294082d58718842de5b522164573c2eb8d6820199455b1ba,GRP-14-35,easy,test,clean,False,False,False
DOC-0877,audited_financial_statements_DOC-0877.pdf,pdf,Audited Financial Statements,"%PDF-1.4
% synthetic text-bearing stand-in
1 0 obj
<< /Title (Audited Financial Statements) >>
stream
AUDITED FINANCIAL STATEMENTS (SYNTHETIC)
Meridian Textiles Pv7 Ltd
Year ended 31 March 2024
In dependen7 auditor's report: unmodified opinion.
Revenu3 from operations: INR 32,353,004.15
Profit before tax: INR  3,394,515.60
 Total assets: INR 103,451,115.57
Balance shee7, P&L, cash fl0w, and notes form an integral part of these statements.
Dir ec7or: Ananya Men0n

endstream
endobj
%%EOF
",491,3a08773953daae3523617634f14f45f5501d355d482b3d36462e09a2b45e7cef,GRP-14-36,medium,train,ocr,False,False,False
DOC-0878,audited_financial_statements_DOC-0878.pdf,pdf,Audited Financial Statements,"%PDF-1.4
% synthetic text-bearing stand-in
1 0 obj
<< /Title (Audited Financial Statements) >>
stream
AUDITED FINANCIAL STATEMENTS (SYNTHETIC)
Meridian Textiles Pvt Ltd
Year ended 31 March 2023
Independent auditor's report: unmodified opinion.
Revenue from operations: INR 10,906,067.59
Profit before tax: INR 13,428,934.00
Total assets: INR 27,168,225.05
Balance sheet, P&L, cash flow, and notes form an integral part of these statements.
Director: Vikram Das

endstream
endobj
%%EOF
",485,d26c2035c4eedb47d3a1376323f02d5cb55e033fcbfb843b6fca0882306064f2,GRP-14-37,easy,train,clean,False,False,False
DOC-0879,audited_financial_statements_DOC-0879.pdf,pdf,Audited Financial Statements,"%PDF-1.4
% synthetic text-bearing stand-in
1 0 obj
<< /Title (Audited Financial Statements) >>
stream
AUDITED FINANCIAL STATEMENTS (SYNTHETIC)
Meridian Textiles Pvt Ltd
Year ended 31 March 2023

endstream
endobj
%%EOF
",218,50df789cc40dac06369dc5c65953775519fcef700e49cb76af3236fbf2a44f45,GRP-14-38,hard,train,sparse,False,False,False
DOC-0880,audited_financial_statements_DOC-0880.jpg,jpg,Audited Financial Statements,"SYNTHETIC-JPG-IMAGE
# raster stand-in; OCR text follows
TITLE: Audited Financial Statements
AUDITED FINANCIAL STATEMENTS (SYNTHETIC)
Meridian Textiles Pvt Ltd
Year ended 31 March 2025
Independent auditor's report: unmodified opinion.
Revenue from operations: INR 192,676,140.72
Profit before tax: INR 1,300,411.88
Total assets: INR 138,033,555.77
Balance sheet, P&L, cash flow, and notes form an integral part of these statements.
Director: Vikram Das

",453,8880cc4b0554f26d4fc3617a2b0f5d83e09d93086bcf911620373b7b011eb4d9,GRP-14-39,easy,train,clean,False,False,False
DOC-0881,audited_financial_statements_DOC-0881.jpg,jpg,Audited Financial Statements,"SYNTHETIC-JPG-IMAGE
# raster stand-in; OCR text follows
TITLE: Audited Financial Statements
AUDITED FINANCIAL STATEMENTS (SYNTHETIC)
Cedar Grove Properties Ltd
Year ended 31 March 2023
Independent auditor's report: unmodified opinion.
Revenue from operations: INR 62,589,490.74
Profit before tax: INR 5,083,097.11
Total assets: INR 179,447,629.62
Balance sheet, P&L, cash flow, and notes form an integral part of these statements.
Director: Isha Menon

",453,836a9ab7b91a8a6d186ffdb9a9e0006ddc6544fc598d8114f2c0a175ffa82642,GRP-14-40,easy,train,clean,False,False,False
DOC-0882,audited_financial_statements_DOC-0882.jpg,jpg,Audited Financial Statements,"SYNTHETIC-JPG-IMAGE
# raster stand-in; OCR text follows
TITLE: Audited Financial Statements
AUDITED FINANCIAL STATEMENTS (SYNTHETIC)
Cedar Grove Properties Ltd
Year ended 31 March 2024
Independent auditor's report: unmodified opinion.
Revenue from operations: INR 115,601,426.24
Profit before tax: INR 14,017,222.52
Total assets: INR 165,366,529.56
Balance sheet, P&L, cash flow, and notes form an integral part of these statements.
Director: Ananya Khan
GSTIN 29TOZWF0875A1Z9 disclosed in notes to accounts.

",510,6d3935cef1b1df678f482b8278bba24736a4eab77e25c5a80fc50859da8176c1,GRP-14-41,hard,train,clean,False,False,False
DOC-0883,audited_financial_statements_DOC-0883.pdf,pdf,Audited Financial Statements,"%PDF-1.4
% synthetic text-bearing stand-in
1 0 obj
<< /Title (Audited Financial Statements) >>
stream
AUDITED FINANCIAL STATEMENTS (SYNTHETIC)
Helios Manufacturing Pvt Ltd
Year ended 31 March 2025
Independent auditor's report: unmodified opinion.
Revenue from operations: INR 46,009,355.76
Profit before tax: INR 16,895,687.69
Total assets: INR 130,374,228.98
Balance sheet, P&L, cash flow, and notes form an integral part of these statements.
Director: Vikram Patel
GSTIN 24HZCRW8615F1ZE disclosed in notes to accounts.

endstream
endobj
%%EOF
",545,7481f15ae09135bba7ff98abb0c7e567003e08737dafce8fd189b71aa6b0d439,GRP-14-42,hard,train,clean,False,False,False
DOC-0884,audited_financial_statements_DOC-0884.pdf,pdf,Audited Financial Statements,"%PDF-1.4
% synthetic text-bearing stand-in
1 0 obj
<< /Title (Audited Financial Statements) >>
stream
AUDITED FINANCIAL STATEMENTS (SYNTHETIC)
Meridian Textiles Pvt Ltd
Year ended 31 March 2024
Independent auditor's report: unmodified opinion.
Revenue from operations: INR 57,306,323.63
Profit before tax: INR 8,217,074.70
Total assets: INR 39,101,002.19
Balance sheet, P&L, cash flow, and notes form an integral part of these statements.
Director: Kabir Reddy

endstream
endobj
%%EOF
",485,f642b782269aaf2c04a721b98e7044d9d8e8887dda0b1ed7aeb211ca525cdbe8,GRP-14-43,easy,train,clean,False,False,False
DOC-0885,audited_financial_statements_DOC-0885.pdf,pdf,Audited Financial Statements,"%PDF-1.4
% synthetic text-bearing stand-in
1 0 obj
<< /Title (Audited Financial Statements) >>
stream
AUDITED FINANCIAL STATEMENTS (SYNTHETIC)
Harborlight Logistics Ltd
Year ended 31 March 2025

endstream
endobj
%%EOF
",218,464d65953b86f64e5b711bf9c498c86d10fd2c2a18e6cb76397df4445b9f19bc,GRP-14-00,medium,train,sparse,True,False,False
DOC-0886,audited_financial_statements_DOC-0886.tiff,tiff,Audited Financial Statements,"SYNTHETIC-TIFF-IMAGE
# raster stand-in; OCR text follows
TITLE: Audited Financial Statements
AUDITED FINANCIAL STATEMENTS (SYNTHETIC)
Nimbus Payments Pvt Ltd
Year ended 31 M4rch 2023
Independent auditor's report: unmodified opinion.
Revenue from operati0ns: INR 155,665,902.18
Profit before tax: INR 7,532,644.49
Total assets: INR 143,525,644.30
Balance sheet, P&L, ca sh flow, and  notes form an integral part of these statemen ts.
Director: Sneha Jo shi
GSTIN 36VPOQY1895W1Z4 disclos3d in notes to account5.

",511,c115ad6e7a123f8acd337dd6e1ea8515cb60097c81d45a04a2ff957ce2a55cbc,GRP-14-01,hard,train,ocr,True,False,False
DOC-0887,audited_financial_statements_DOC-0887.pdf,pdf,Audited Financial Statements,"%PDF-1.4
% synthetic text-bearing stand-in
1 0 obj
<< /Title (Audited Financial Statements) >>
stream
AUDITED FINANCIAL STATEMENTS (SYNTHETIC)
Cedar Grove Properties Ltd
Year ended 31 March 2025
Ind3pendent auditor's repor7: unmodifi3d opinion.
Revenue from opera7ions: INR 158,163,686.38
P rofit before tax: INR 14,66 0,936.25
Total asse7s:  INR 59,059,150.88
Balance shee7, P&L, cash flow, and n0tes form an integral part of thes3 sta7ements.
Director: Arjun Iyer

endstream
endobj
%%EOF
",490,af4b9a453f0bd93ea390d68c3d20d3a1d66531eec2771e4454bcdc5d3f11f245,GRP-14-02,medium,test,noisy,True,False,False
DOC-0888,audited_financial_statements_DOC-0888.tiff,tiff,Audited Financial Statements,"SYNTHETIC-TIFF-IMAGE
# raster stand-in; OCR text follows
TITLE: Audited Financial Statements
AUDITED FINANCIAL STATEMENTS (SYNTHETIC)
Helios Manuf4c turin9 Pvt L7d
Year 3nd3d 31 Mar ch 2023
Ind3pend3nt 4uditor'5 repo rt: unmodifi3d opinion .
Revenue from operation5: INR 205,223,152.66
Profit before tax:  INR 14,785,310.35
Total assets: INR 96,320,639.03
Ba14n ce sheet,  P&L, cash flow, and notes form an integral part of thes e 5ta7ements.
Director: Ananya Khan

",466,f24a9108f3e05e3218d41f30a3ab8b46bd20dc9e814648d84c206be06badf4bc,GRP-14-03,medium,train,noisy,True,False,False
DOC-0889,audited_financial_statements_DOC-0889.png,png,Audited Financial Statements,"SYNTHETIC-PNG-IMAGE
# raster stand-in; OCR text follows
TITLE: Audited Financial Statements
AUDITED FINANCIAL STATEMENTS (SYNTHETIC)
Nimbus Payments Pvt Ltd
Year ended 31 March 2023
Independent auditor's report: unmodified opinion.
Revenue from operations: INR 24,651,688.87
Profit before tax: INR 4,731,468.95
Total assets: INR 66,710,616.93
Balance sheet, P&L, cash flow, and notes form an integral part of these statements.
Director: Isha Reddy
GSTIN 29SIQWQ1904A1Z5 disclosed in notes to accounts.

",503,a643ebe140da171d0b6c78da1a31676ebeb5f6070edbd99a268606fd5cb083be,GRP-14-04,hard,test,clean,True,False,False
DOC-0890,audited_financial_statements_DOC-0890.pdf,pdf,Audited Financial Statements,"%PDF-1.4
% synthetic text-bearing stand-in
1 0 obj
<< /Title (Audited Financial Statements) >>
stream
AUDITED FINANC IAL STATEMENTS (SYNT HETIC)
Cedar Grov3 Properties Ltd
Ye4r ended 31 March 2024
Independent audito r's report: unmodi fied opinion.
Revenue from 0perations: INR  157,620,639.79
Profit before tax: I NR 4,027,087.36
Total assets: INR 59,185,761.62
Balance sheet, P&L, cash flow, and notes f0rm an i ntegral part of th3se s7atements.
Dir 3ctor: An4ny4 Sh4rma

endstream
endobj
%%EOF
",497,dd8fdbd9c7be317a862c8dd000f1357e2dde2690bad2c80753a2bdef19659b74,GRP-14-05,medium,validation,noisy,True,False,False
DOC-0891,audited_financial_statements_DOC-0891.jpg,jpg,Audited Financial Statements,"SYNTHETIC-JPG-IMAGE
# raster stand-in; OCR text follows
TITLE: Audited Financial Statements
AUDITED FINA NCIAL STATEMENTS (SYNTHETIC)
Nimbus Paymen ts Pvt Ltd
Year ended 31 March 2025
Independ ent auditor's report: unmodifi3d opinion.
Rev enue from operati0ns: INR 223,691,480.4 8
Profit before tax: INR 1,321,986.64
Total assets: INR 125,602,13 4.91
Balance sheet, P&L, cash flow, and notes form an  integral part of these sta7ements.
Direct0r: Dev Patel

",457,a01459a808177e580a83d22f2230f1483b0c55bec601b4959b298eef6ff01480,GRP-14-06,medium,train,ocr,True,False,False
DOC-0892,audited_financial_statements_DOC-0892.docx,docx,Audited Financial Statements,"<?xml version='1.0' encoding='UTF-8'?>
<w:document>
<w:title>Audited Financial Statements</w:title>
<w:body>AUDITED F INANCIAL STATEMEN TS (SYNT HETIC)
Cedar Gr0ve Pr0perties Ltd
Year  ended 31 March 2 023
Independent auditor'5 report: unmodified opini0n.
Revenue from operations: INR 198,403,295.64
Pro fit before tax: INR 5,876,212.43
Total assets: INR 31,147,091.18
8alance sheet, P&L, cash flow, and note5 form 4n in7egral part of the5e 5tatements.
Direct0r: Rahul Das
</w:body>
</w:document>
",497,83afaed9bf65ffd88e4164e5df39109e04d14d9760b561c1b28169e23945e17c,GRP-14-07,medium,train,noisy,True,False,False
DOC-0893,audited_financial_statements_DOC-0893.pdf,pdf,Audited Financial Statements,"%PDF-1.4
% synthetic text-bearing stand-in
1 0 obj
<< /Title (Audited Financial Statements) >>
stream
AUDITED FINANCIAL STATEMENTS (SYNTHETIC)
Meridian Textiles Pvt Ltd
Year ended 3 1 March 2023
Independent au ditor's report: unmodified opinion.
Revenue from 0perations: INR  210,296,1 90.48
P rofit before tax: INR 15,156,316.33
Total asset s: INR 69,445,364.50
Balance sh3et, P&L, cash flow, and notes form an  in7egral part of these statem3nts.
Director: Meera Sharma
GSTIN 27MNDGN0018J1Z3 disclosed in notes to accounts.

[rescanned copy; low-resolution archive]

endstream
endobj
%%EOF
",591,daf01a4168da3d5601ccb959a2f27c43c15080cae6288a4dbd26f3fad64cb5ac,GRP-14-08,hard,train,ocr,False,True,False
DOC-0894,audited_financial_statements_DOC-0894.eml,eml,Audited Financial Statements,"From: records-noreply@synthetic.example
To: intake@lender.example
Subject: Audited Financial Statements
MIME-Version: 1.0
Content-Type: text/plain; charset=UTF-8

AUDITED FINANCIAL STATEMENTS (SYNTHETIC)
Nimbus Payments Pvt Ltd
Year ended 31 March 2023
Independen t auditor's report: unmodified opinion.
Revenue from operations: INR 160,062,344.35
Profit before tax: INR 9,026,297.39
Total asse7s: INR 142,937,979.63
Balance sheet, P&L, cash flow, and no7es form an integral part of the5e statement5.
Director: Fatima Iyer

[rescanned copy; low-resolution archive]

",566,48089589de0b61078254f4774c595ad91aad3593a11bda2ddfee0e81cad79dce,GRP-14-09,medium,train,ocr,False,True,False
DOC-0895,audited_financial_statements_DOC-0895.docx,docx,Audited Financial Statements,"<?xml version='1.0' encoding='UTF-8'?>
<w:document>
<w:title>Audited Financial Statements</w:title>
<w:body>AUDITED FINANCIAL STATEMENTS (SYNTHETIC)
Harborlight Logistics Ltd
Year ended 31 March 2024
In dependent auditor's report: unmodified opinion.
Revenue from operations: INR 178,356,042.35
Profit before tax: INR 16,144,076.72
Tot al assets: INR 30,339,244.48
Balance sheet, P&L, cash flow, and notes form an integral part of these statements.
Director: Meera Shar ma
GSTIN 33XPIWP7263T1ZF disclosed in notes to accounts.

[rescanned copy; low-resolution archive]
</w:body>
</w:document>
",593,fa232bcddc232401960153124514e3f90365a9826b7afecf8906630a28ff1d81,GRP-14-10,hard,validation,ocr,False,True,False
DOC-0896,audited_financial_statements_DOC-0896.pdf,pdf,Audited Financial Statements,"%PDF-1.4
% synthetic text-bearing stand-in
1 0 obj
<< /Title (Audited Financial Statements) >>
stream
AUDITED FINANCIAL STATEMENTS (SYNTHETIC)
Cedar Grove Properties Ltd
Year ended 31 March 2024

[rescanned copy; low-resolution archive]

endstream
endobj
%%EOF
",261,437bf0a767623b4e8409ac7922aecd8fd350dd4afc55224acd85939853f69ee9,GRP-14-11,medium,validation,ocr,False,True,False
DOC-0897,audited_financial_statements_DOC-0897.pdf,pdf,Audited Financial Statements,"%PDF-1.4
% synthetic text-bearing stand-in
1 0 obj
<< /Title (Audited Financial Statements) >>
stream
AUDITED FINANCIAL STATEMENTS (SYNTHETIC)
Cedar Grove Properties Ltd
Year ended 31 March 2023
Independent auditor's report: unmodif ied opinion.
Revenue from o perations: INR 225,275,591. 08
Profit before tax: INR 2,038,296.92
Total assets: INR 96,316,660.69
Balance sheet, P&L, cash flow, and notes form an integral part of these statements.
Director: Me3ra Joshi

[rescanned copy; low-resolution archive]

endstream
endobj
%%EOF
",532,e08a69a1b7251e395e593d6152455b95c223aaca4d20d3f1c4ce547abfecf185,GRP-14-12,medium,train,ocr,False,True,False
DOC-0898,audited_financial_statements_DOC-0898.pdf,pdf,Audited Financial Statements,"%PDF-1.4
% synthetic text-bearing stand-in
1 0 obj
<< /Title (Audited Financial Statements) >>
stream
AUDITED FINANCIAL STATEMENTS (SYNTHETIC)
Nimbus Payments Pvt Ltd
Year ended 31 March 2024

[rescanned copy; low-resolution archive]

endstream
endobj
%%EOF
",258,2b270a908677b96fe9f1efdf303a47dc96d541eb225c41203603e8f36ab1385b,GRP-14-13,medium,validation,ocr,False,True,False
DOC-0899,audited_financial_statements_DOC-0899.docx,docx,Audited Financial Statements,"<?xml version='1.0' encoding='UTF-8'?>
<w:document>
<w:title>Audited Financial Statements</w:title>
<w:body>AUDITE D FINANCIAL  ST ATEMENTS (SYNTHETIC)
Cedar Grove Properties Ltd
Year ended 31 March 2023
Ind3pendent audi70r's  r eport: unmodified opinion.
Revenue from operations: INR 11,023,003. 41
Profi t before tax: INR 4,269,232.03
Total as5ets: INR 123,587,222.47
Balance sheet, P&L, cash flow, and notes form an in7egral part of th3se sta tements.
D ir3ct0r: Dev Joshi
GSTIN 24HPAOF5205L1ZA disclosed in notes 7o accounts.

[rescanned copy; low-resolution archive]
</w:body>
</w:document>
",596,18f998f557fc02be9f6d1b6ba7526f925ab6aa62cdb50f0d01eef4e679a83fcf,GRP-14-14,hard,train,ocr,False,True,False
DOC-0900,audited_financial_statements_DOC-0900.tiff,tiff,Audited Financial Statements,"SYNTHETIC-TIFF-IMAGE
# raster stand-in; OCR text follows
TITLE: Audited Financial Statements
AUDITED FINANCIAL STATEMENTS (SYNTHETIC)
Cedar Grove Properties Ltd
Year ended 31 Mar ch 2023
Independent auditor's report: unmodifi3d opinion.
Revenue from 0perations: INR 14 7,4 36,179. 36
Profit before tax: INR 17,776,320.65
Tot4l assets:  INR 88,309,334.54
Balance sheet, P&L, cash  flow, and notes form an integral par7 of the5e s7at ements.
Director: Fatima Iyer

[rescanned copy; low-resolution archive]

",505,d6d348ac6c7f5d204e89e9da92c5a0c9245e8dd84a7bdda6623e9770c7b4c713,GRP-14-15,medium,train,ocr,False,True,False
